[0.046s] DEBUG:colcon:Command line arguments: ['/usr/bin/colcon', 'build']
[0.046s] DEBUG:colcon:Parsed command line arguments: Namespace(log_base=None, log_level=None, verb_name='build', build_base='build', install_base='install', merge_install=False, symlink_install=False, test_result_base=None, continue_on_error=False, executor='parallel', parallel_workers=20, event_handlers=None, ignore_user_meta=False, metas=['./colcon.meta'], base_paths=['.'], packages_ignore=None, packages_ignore_regex=None, paths=None, packages_up_to=None, packages_up_to_regex=None, packages_above=None, packages_above_and_dependencies=None, packages_above_depth=None, packages_select_by_dep=None, packages_skip_by_dep=None, packages_skip_up_to=None, packages_select_build_failed=False, packages_skip_build_finished=False, packages_select_test_failures=False, packages_skip_test_passed=False, packages_select=None, packages_skip=None, packages_select_regex=None, packages_skip_regex=None, packages_start=None, packages_end=None, allow_overriding=[], cmake_args=None, cmake_target=None, cmake_target_skip_unavailable=False, cmake_clean_cache=False, cmake_clean_first=False, cmake_force_configure=False, ament_cmake_args=None, catkin_cmake_args=None, catkin_skip_building_tests=False, verb_parser=<colcon_defaults.argument_parser.defaults.DefaultArgumentsDecorator object at 0x728c3fb68e50>, verb_extension=<colcon_core.verb.build.BuildVerb object at 0x728c3fb68850>, main=<bound method BuildVerb.main of <colcon_core.verb.build.BuildVerb object at 0x728c3fb68850>>)
[0.121s] Level 1:colcon.colcon_core.package_discovery:discover_packages(colcon_meta) check parameters
[0.121s] Level 1:colcon.colcon_core.package_discovery:discover_packages(recursive) check parameters
[0.121s] Level 1:colcon.colcon_core.package_discovery:discover_packages(ignore) check parameters
[0.121s] Level 1:colcon.colcon_core.package_discovery:discover_packages(path) check parameters
[0.121s] Level 1:colcon.colcon_core.package_discovery:discover_packages(colcon_meta) discover
[0.121s] Level 1:colcon.colcon_core.package_discovery:discover_packages(recursive) discover
[0.121s] INFO:colcon.colcon_core.package_discovery:Crawling recursively for packages in '/home/my11/interbotix_ws'
[0.121s] Level 1:colcon.colcon_core.package_identification:_identify(.) by extensions ['ignore', 'ignore_ament_install']
[0.121s] Level 1:colcon.colcon_core.package_identification:_identify(.) by extension 'ignore'
[0.121s] Level 1:colcon.colcon_core.package_identification:_identify(.) by extension 'ignore_ament_install'
[0.121s] Level 1:colcon.colcon_core.package_identification:_identify(.) by extensions ['colcon_pkg']
[0.121s] Level 1:colcon.colcon_core.package_identification:_identify(.) by extension 'colcon_pkg'
[0.121s] Level 1:colcon.colcon_core.package_identification:_identify(.) by extensions ['colcon_meta']
[0.121s] Level 1:colcon.colcon_core.package_identification:_identify(.) by extension 'colcon_meta'
[0.121s] Level 1:colcon.colcon_core.package_identification:_identify(.) by extensions ['ros']
[0.122s] Level 1:colcon.colcon_core.package_identification:_identify(.) by extension 'ros'
[0.126s] Level 1:colcon.colcon_core.package_identification:_identify(.) by extensions ['cmake', 'python']
[0.126s] Level 1:colcon.colcon_core.package_identification:_identify(.) by extension 'cmake'
[0.127s] Level 1:colcon.colcon_core.package_identification:_identify(.) by extension 'python'
[0.127s] Level 1:colcon.colcon_core.package_identification:_identify(.) by extensions ['python_setup_py']
[0.127s] Level 1:colcon.colcon_core.package_identification:_identify(.) by extension 'python_setup_py'
[0.127s] Level 1:colcon.colcon_core.package_identification:_identify(build) by extensions ['ignore', 'ignore_ament_install']
[0.127s] Level 1:colcon.colcon_core.package_identification:_identify(build) by extension 'ignore'
[0.127s] Level 1:colcon.colcon_core.package_identification:_identify(build) ignored
[0.127s] Level 1:colcon.colcon_core.package_identification:_identify(install) by extensions ['ignore', 'ignore_ament_install']
[0.127s] Level 1:colcon.colcon_core.package_identification:_identify(install) by extension 'ignore'
[0.127s] Level 1:colcon.colcon_core.package_identification:_identify(install) ignored
[0.127s] Level 1:colcon.colcon_core.package_identification:_identify(log) by extensions ['ignore', 'ignore_ament_install']
[0.127s] Level 1:colcon.colcon_core.package_identification:_identify(log) by extension 'ignore'
[0.127s] Level 1:colcon.colcon_core.package_identification:_identify(log) ignored
[0.127s] Level 1:colcon.colcon_core.package_identification:_identify(src) by extensions ['ignore', 'ignore_ament_install']
[0.127s] Level 1:colcon.colcon_core.package_identification:_identify(src) by extension 'ignore'
[0.127s] Level 1:colcon.colcon_core.package_identification:_identify(src) by extension 'ignore_ament_install'
[0.127s] Level 1:colcon.colcon_core.package_identification:_identify(src) by extensions ['colcon_pkg']
[0.127s] Level 1:colcon.colcon_core.package_identification:_identify(src) by extension 'colcon_pkg'
[0.127s] Level 1:colcon.colcon_core.package_identification:_identify(src) by extensions ['colcon_meta']
[0.127s] Level 1:colcon.colcon_core.package_identification:_identify(src) by extension 'colcon_meta'
[0.127s] Level 1:colcon.colcon_core.package_identification:_identify(src) by extensions ['ros']
[0.127s] Level 1:colcon.colcon_core.package_identification:_identify(src) by extension 'ros'
[0.127s] Level 1:colcon.colcon_core.package_identification:_identify(src) by extensions ['cmake', 'python']
[0.127s] Level 1:colcon.colcon_core.package_identification:_identify(src) by extension 'cmake'
[0.127s] Level 1:colcon.colcon_core.package_identification:_identify(src) by extension 'python'
[0.127s] Level 1:colcon.colcon_core.package_identification:_identify(src) by extensions ['python_setup_py']
[0.127s] Level 1:colcon.colcon_core.package_identification:_identify(src) by extension 'python_setup_py'
[0.127s] Level 1:colcon.colcon_core.package_identification:_identify(src/interbotix_ros_core) by extensions ['ignore', 'ignore_ament_install']
[0.127s] Level 1:colcon.colcon_core.package_identification:_identify(src/interbotix_ros_core) by extension 'ignore'
[0.127s] Level 1:colcon.colcon_core.package_identification:_identify(src/interbotix_ros_core) by extension 'ignore_ament_install'
[0.127s] Level 1:colcon.colcon_core.package_identification:_identify(src/interbotix_ros_core) by extensions ['colcon_pkg']
[0.127s] Level 1:colcon.colcon_core.package_identification:_identify(src/interbotix_ros_core) by extension 'colcon_pkg'
[0.127s] Level 1:colcon.colcon_core.package_identification:_identify(src/interbotix_ros_core) by extensions ['colcon_meta']
[0.127s] Level 1:colcon.colcon_core.package_identification:_identify(src/interbotix_ros_core) by extension 'colcon_meta'
[0.127s] Level 1:colcon.colcon_core.package_identification:_identify(src/interbotix_ros_core) by extensions ['ros']
[0.127s] Level 1:colcon.colcon_core.package_identification:_identify(src/interbotix_ros_core) by extension 'ros'
[0.127s] Level 1:colcon.colcon_core.package_identification:_identify(src/interbotix_ros_core) by extensions ['cmake', 'python']
[0.127s] Level 1:colcon.colcon_core.package_identification:_identify(src/interbotix_ros_core) by extension 'cmake'
[0.127s] Level 1:colcon.colcon_core.package_identification:_identify(src/interbotix_ros_core) by extension 'python'
[0.127s] Level 1:colcon.colcon_core.package_identification:_identify(src/interbotix_ros_core) by extensions ['python_setup_py']
[0.127s] Level 1:colcon.colcon_core.package_identification:_identify(src/interbotix_ros_core) by extension 'python_setup_py'
[0.127s] Level 1:colcon.colcon_core.package_identification:_identify(src/interbotix_ros_core/images) by extensions ['ignore', 'ignore_ament_install']
[0.127s] Level 1:colcon.colcon_core.package_identification:_identify(src/interbotix_ros_core/images) by extension 'ignore'
[0.127s] Level 1:colcon.colcon_core.package_identification:_identify(src/interbotix_ros_core/images) by extension 'ignore_ament_install'
[0.127s] Level 1:colcon.colcon_core.package_identification:_identify(src/interbotix_ros_core/images) by extensions ['colcon_pkg']
[0.127s] Level 1:colcon.colcon_core.package_identification:_identify(src/interbotix_ros_core/images) by extension 'colcon_pkg'
[0.127s] Level 1:colcon.colcon_core.package_identification:_identify(src/interbotix_ros_core/images) by extensions ['colcon_meta']
[0.127s] Level 1:colcon.colcon_core.package_identification:_identify(src/interbotix_ros_core/images) by extension 'colcon_meta'
[0.127s] Level 1:colcon.colcon_core.package_identification:_identify(src/interbotix_ros_core/images) by extensions ['ros']
[0.128s] Level 1:colcon.colcon_core.package_identification:_identify(src/interbotix_ros_core/images) by extension 'ros'
[0.128s] Level 1:colcon.colcon_core.package_identification:_identify(src/interbotix_ros_core/images) by extensions ['cmake', 'python']
[0.128s] Level 1:colcon.colcon_core.package_identification:_identify(src/interbotix_ros_core/images) by extension 'cmake'
[0.128s] Level 1:colcon.colcon_core.package_identification:_identify(src/interbotix_ros_core/images) by extension 'python'
[0.128s] Level 1:colcon.colcon_core.package_identification:_identify(src/interbotix_ros_core/images) by extensions ['python_setup_py']
[0.128s] Level 1:colcon.colcon_core.package_identification:_identify(src/interbotix_ros_core/images) by extension 'python_setup_py'
[0.128s] Level 1:colcon.colcon_core.package_identification:_identify(src/interbotix_ros_core/interbotix_ros_common_drivers) by extensions ['ignore', 'ignore_ament_install']
[0.128s] Level 1:colcon.colcon_core.package_identification:_identify(src/interbotix_ros_core/interbotix_ros_common_drivers) by extension 'ignore'
[0.128s] Level 1:colcon.colcon_core.package_identification:_identify(src/interbotix_ros_core/interbotix_ros_common_drivers) ignored
[0.128s] Level 1:colcon.colcon_core.package_identification:_identify(src/interbotix_ros_core/interbotix_ros_slate) by extensions ['ignore', 'ignore_ament_install']
[0.128s] Level 1:colcon.colcon_core.package_identification:_identify(src/interbotix_ros_core/interbotix_ros_slate) by extension 'ignore'
[0.128s] Level 1:colcon.colcon_core.package_identification:_identify(src/interbotix_ros_core/interbotix_ros_slate) ignored
[0.128s] Level 1:colcon.colcon_core.package_identification:_identify(src/interbotix_ros_core/interbotix_ros_xseries) by extensions ['ignore', 'ignore_ament_install']
[0.128s] Level 1:colcon.colcon_core.package_identification:_identify(src/interbotix_ros_core/interbotix_ros_xseries) by extension 'ignore'
[0.128s] Level 1:colcon.colcon_core.package_identification:_identify(src/interbotix_ros_core/interbotix_ros_xseries) by extension 'ignore_ament_install'
[0.128s] Level 1:colcon.colcon_core.package_identification:_identify(src/interbotix_ros_core/interbotix_ros_xseries) by extensions ['colcon_pkg']
[0.128s] Level 1:colcon.colcon_core.package_identification:_identify(src/interbotix_ros_core/interbotix_ros_xseries) by extension 'colcon_pkg'
[0.128s] Level 1:colcon.colcon_core.package_identification:_identify(src/interbotix_ros_core/interbotix_ros_xseries) by extensions ['colcon_meta']
[0.128s] Level 1:colcon.colcon_core.package_identification:_identify(src/interbotix_ros_core/interbotix_ros_xseries) by extension 'colcon_meta'
[0.128s] Level 1:colcon.colcon_core.package_identification:_identify(src/interbotix_ros_core/interbotix_ros_xseries) by extensions ['ros']
[0.128s] Level 1:colcon.colcon_core.package_identification:_identify(src/interbotix_ros_core/interbotix_ros_xseries) by extension 'ros'
[0.128s] Level 1:colcon.colcon_core.package_identification:_identify(src/interbotix_ros_core/interbotix_ros_xseries) by extensions ['cmake', 'python']
[0.128s] Level 1:colcon.colcon_core.package_identification:_identify(src/interbotix_ros_core/interbotix_ros_xseries) by extension 'cmake'
[0.128s] Level 1:colcon.colcon_core.package_identification:_identify(src/interbotix_ros_core/interbotix_ros_xseries) by extension 'python'
[0.128s] Level 1:colcon.colcon_core.package_identification:_identify(src/interbotix_ros_core/interbotix_ros_xseries) by extensions ['python_setup_py']
[0.128s] Level 1:colcon.colcon_core.package_identification:_identify(src/interbotix_ros_core/interbotix_ros_xseries) by extension 'python_setup_py'
[0.128s] Level 1:colcon.colcon_core.package_identification:_identify(src/interbotix_ros_core/interbotix_ros_xseries/dynamixel_workbench_toolbox) by extensions ['ignore', 'ignore_ament_install']
[0.128s] Level 1:colcon.colcon_core.package_identification:_identify(src/interbotix_ros_core/interbotix_ros_xseries/dynamixel_workbench_toolbox) by extension 'ignore'
[0.128s] Level 1:colcon.colcon_core.package_identification:_identify(src/interbotix_ros_core/interbotix_ros_xseries/dynamixel_workbench_toolbox) by extension 'ignore_ament_install'
[0.128s] Level 1:colcon.colcon_core.package_identification:_identify(src/interbotix_ros_core/interbotix_ros_xseries/dynamixel_workbench_toolbox) by extensions ['colcon_pkg']
[0.128s] Level 1:colcon.colcon_core.package_identification:_identify(src/interbotix_ros_core/interbotix_ros_xseries/dynamixel_workbench_toolbox) by extension 'colcon_pkg'
[0.128s] Level 1:colcon.colcon_core.package_identification:_identify(src/interbotix_ros_core/interbotix_ros_xseries/dynamixel_workbench_toolbox) by extensions ['colcon_meta']
[0.128s] Level 1:colcon.colcon_core.package_identification:_identify(src/interbotix_ros_core/interbotix_ros_xseries/dynamixel_workbench_toolbox) by extension 'colcon_meta'
[0.128s] Level 1:colcon.colcon_core.package_identification:_identify(src/interbotix_ros_core/interbotix_ros_xseries/dynamixel_workbench_toolbox) by extensions ['ros']
[0.128s] Level 1:colcon.colcon_core.package_identification:_identify(src/interbotix_ros_core/interbotix_ros_xseries/dynamixel_workbench_toolbox) by extension 'ros'
[0.130s] DEBUG:colcon.colcon_core.package_identification:Package 'src/interbotix_ros_core/interbotix_ros_xseries/dynamixel_workbench_toolbox' with type 'ros.ament_cmake' and name 'dynamixel_workbench_toolbox'
[0.130s] Level 1:colcon.colcon_core.package_identification:_identify(src/interbotix_ros_core/interbotix_ros_xseries/interbotix_ros_xseries) by extensions ['ignore', 'ignore_ament_install']
[0.130s] Level 1:colcon.colcon_core.package_identification:_identify(src/interbotix_ros_core/interbotix_ros_xseries/interbotix_ros_xseries) by extension 'ignore'
[0.130s] Level 1:colcon.colcon_core.package_identification:_identify(src/interbotix_ros_core/interbotix_ros_xseries/interbotix_ros_xseries) by extension 'ignore_ament_install'
[0.130s] Level 1:colcon.colcon_core.package_identification:_identify(src/interbotix_ros_core/interbotix_ros_xseries/interbotix_ros_xseries) by extensions ['colcon_pkg']
[0.130s] Level 1:colcon.colcon_core.package_identification:_identify(src/interbotix_ros_core/interbotix_ros_xseries/interbotix_ros_xseries) by extension 'colcon_pkg'
[0.130s] Level 1:colcon.colcon_core.package_identification:_identify(src/interbotix_ros_core/interbotix_ros_xseries/interbotix_ros_xseries) by extensions ['colcon_meta']
[0.130s] Level 1:colcon.colcon_core.package_identification:_identify(src/interbotix_ros_core/interbotix_ros_xseries/interbotix_ros_xseries) by extension 'colcon_meta'
[0.130s] Level 1:colcon.colcon_core.package_identification:_identify(src/interbotix_ros_core/interbotix_ros_xseries/interbotix_ros_xseries) by extensions ['ros']
[0.130s] Level 1:colcon.colcon_core.package_identification:_identify(src/interbotix_ros_core/interbotix_ros_xseries/interbotix_ros_xseries) by extension 'ros'
[0.130s] DEBUG:colcon.colcon_core.package_identification:Package 'src/interbotix_ros_core/interbotix_ros_xseries/interbotix_ros_xseries' with type 'ros.ament_cmake' and name 'interbotix_ros_xseries'
[0.130s] Level 1:colcon.colcon_core.package_identification:_identify(src/interbotix_ros_core/interbotix_ros_xseries/interbotix_xs_driver) by extensions ['ignore', 'ignore_ament_install']
[0.130s] Level 1:colcon.colcon_core.package_identification:_identify(src/interbotix_ros_core/interbotix_ros_xseries/interbotix_xs_driver) by extension 'ignore'
[0.130s] Level 1:colcon.colcon_core.package_identification:_identify(src/interbotix_ros_core/interbotix_ros_xseries/interbotix_xs_driver) by extension 'ignore_ament_install'
[0.130s] Level 1:colcon.colcon_core.package_identification:_identify(src/interbotix_ros_core/interbotix_ros_xseries/interbotix_xs_driver) by extensions ['colcon_pkg']
[0.130s] Level 1:colcon.colcon_core.package_identification:_identify(src/interbotix_ros_core/interbotix_ros_xseries/interbotix_xs_driver) by extension 'colcon_pkg'
[0.130s] Level 1:colcon.colcon_core.package_identification:_identify(src/interbotix_ros_core/interbotix_ros_xseries/interbotix_xs_driver) by extensions ['colcon_meta']
[0.130s] Level 1:colcon.colcon_core.package_identification:_identify(src/interbotix_ros_core/interbotix_ros_xseries/interbotix_xs_driver) by extension 'colcon_meta'
[0.130s] Level 1:colcon.colcon_core.package_identification:_identify(src/interbotix_ros_core/interbotix_ros_xseries/interbotix_xs_driver) by extensions ['ros']
[0.130s] Level 1:colcon.colcon_core.package_identification:_identify(src/interbotix_ros_core/interbotix_ros_xseries/interbotix_xs_driver) by extension 'ros'
[0.131s] DEBUG:colcon.colcon_core.package_identification:Package 'src/interbotix_ros_core/interbotix_ros_xseries/interbotix_xs_driver' with type 'ros.ament_cmake' and name 'interbotix_xs_driver'
[0.131s] Level 1:colcon.colcon_core.package_identification:_identify(src/interbotix_ros_core/interbotix_ros_xseries/interbotix_xs_msgs) by extensions ['ignore', 'ignore_ament_install']
[0.131s] Level 1:colcon.colcon_core.package_identification:_identify(src/interbotix_ros_core/interbotix_ros_xseries/interbotix_xs_msgs) by extension 'ignore'
[0.131s] Level 1:colcon.colcon_core.package_identification:_identify(src/interbotix_ros_core/interbotix_ros_xseries/interbotix_xs_msgs) by extension 'ignore_ament_install'
[0.131s] Level 1:colcon.colcon_core.package_identification:_identify(src/interbotix_ros_core/interbotix_ros_xseries/interbotix_xs_msgs) by extensions ['colcon_pkg']
[0.131s] Level 1:colcon.colcon_core.package_identification:_identify(src/interbotix_ros_core/interbotix_ros_xseries/interbotix_xs_msgs) by extension 'colcon_pkg'
[0.131s] Level 1:colcon.colcon_core.package_identification:_identify(src/interbotix_ros_core/interbotix_ros_xseries/interbotix_xs_msgs) by extensions ['colcon_meta']
[0.131s] Level 1:colcon.colcon_core.package_identification:_identify(src/interbotix_ros_core/interbotix_ros_xseries/interbotix_xs_msgs) by extension 'colcon_meta'
[0.131s] Level 1:colcon.colcon_core.package_identification:_identify(src/interbotix_ros_core/interbotix_ros_xseries/interbotix_xs_msgs) by extensions ['ros']
[0.131s] Level 1:colcon.colcon_core.package_identification:_identify(src/interbotix_ros_core/interbotix_ros_xseries/interbotix_xs_msgs) by extension 'ros'
[0.135s] DEBUG:colcon.colcon_core.package_identification:Package 'src/interbotix_ros_core/interbotix_ros_xseries/interbotix_xs_msgs' with type 'ros.ament_cmake' and name 'interbotix_xs_msgs'
[0.136s] Level 1:colcon.colcon_core.package_identification:_identify(src/interbotix_ros_core/interbotix_ros_xseries/interbotix_xs_sdk) by extensions ['ignore', 'ignore_ament_install']
[0.136s] Level 1:colcon.colcon_core.package_identification:_identify(src/interbotix_ros_core/interbotix_ros_xseries/interbotix_xs_sdk) by extension 'ignore'
[0.136s] Level 1:colcon.colcon_core.package_identification:_identify(src/interbotix_ros_core/interbotix_ros_xseries/interbotix_xs_sdk) by extension 'ignore_ament_install'
[0.136s] Level 1:colcon.colcon_core.package_identification:_identify(src/interbotix_ros_core/interbotix_ros_xseries/interbotix_xs_sdk) by extensions ['colcon_pkg']
[0.136s] Level 1:colcon.colcon_core.package_identification:_identify(src/interbotix_ros_core/interbotix_ros_xseries/interbotix_xs_sdk) by extension 'colcon_pkg'
[0.136s] Level 1:colcon.colcon_core.package_identification:_identify(src/interbotix_ros_core/interbotix_ros_xseries/interbotix_xs_sdk) by extensions ['colcon_meta']
[0.136s] Level 1:colcon.colcon_core.package_identification:_identify(src/interbotix_ros_core/interbotix_ros_xseries/interbotix_xs_sdk) by extension 'colcon_meta'
[0.136s] Level 1:colcon.colcon_core.package_identification:_identify(src/interbotix_ros_core/interbotix_ros_xseries/interbotix_xs_sdk) by extensions ['ros']
[0.136s] Level 1:colcon.colcon_core.package_identification:_identify(src/interbotix_ros_core/interbotix_ros_xseries/interbotix_xs_sdk) by extension 'ros'
[0.136s] DEBUG:colcon.colcon_core.package_identification:Package 'src/interbotix_ros_core/interbotix_ros_xseries/interbotix_xs_sdk' with type 'ros.ament_cmake' and name 'interbotix_xs_sdk'
[0.136s] Level 1:colcon.colcon_core.package_identification:_identify(src/interbotix_ros_manipulators) by extensions ['ignore', 'ignore_ament_install']
[0.136s] Level 1:colcon.colcon_core.package_identification:_identify(src/interbotix_ros_manipulators) by extension 'ignore'
[0.136s] Level 1:colcon.colcon_core.package_identification:_identify(src/interbotix_ros_manipulators) by extension 'ignore_ament_install'
[0.136s] Level 1:colcon.colcon_core.package_identification:_identify(src/interbotix_ros_manipulators) by extensions ['colcon_pkg']
[0.136s] Level 1:colcon.colcon_core.package_identification:_identify(src/interbotix_ros_manipulators) by extension 'colcon_pkg'
[0.136s] Level 1:colcon.colcon_core.package_identification:_identify(src/interbotix_ros_manipulators) by extensions ['colcon_meta']
[0.136s] Level 1:colcon.colcon_core.package_identification:_identify(src/interbotix_ros_manipulators) by extension 'colcon_meta'
[0.136s] Level 1:colcon.colcon_core.package_identification:_identify(src/interbotix_ros_manipulators) by extensions ['ros']
[0.136s] Level 1:colcon.colcon_core.package_identification:_identify(src/interbotix_ros_manipulators) by extension 'ros'
[0.137s] Level 1:colcon.colcon_core.package_identification:_identify(src/interbotix_ros_manipulators) by extensions ['cmake', 'python']
[0.137s] Level 1:colcon.colcon_core.package_identification:_identify(src/interbotix_ros_manipulators) by extension 'cmake'
[0.137s] Level 1:colcon.colcon_core.package_identification:_identify(src/interbotix_ros_manipulators) by extension 'python'
[0.137s] Level 1:colcon.colcon_core.package_identification:_identify(src/interbotix_ros_manipulators) by extensions ['python_setup_py']
[0.137s] Level 1:colcon.colcon_core.package_identification:_identify(src/interbotix_ros_manipulators) by extension 'python_setup_py'
[0.137s] Level 1:colcon.colcon_core.package_identification:_identify(src/interbotix_ros_manipulators/images) by extensions ['ignore', 'ignore_ament_install']
[0.137s] Level 1:colcon.colcon_core.package_identification:_identify(src/interbotix_ros_manipulators/images) by extension 'ignore'
[0.137s] Level 1:colcon.colcon_core.package_identification:_identify(src/interbotix_ros_manipulators/images) by extension 'ignore_ament_install'
[0.137s] Level 1:colcon.colcon_core.package_identification:_identify(src/interbotix_ros_manipulators/images) by extensions ['colcon_pkg']
[0.137s] Level 1:colcon.colcon_core.package_identification:_identify(src/interbotix_ros_manipulators/images) by extension 'colcon_pkg'
[0.137s] Level 1:colcon.colcon_core.package_identification:_identify(src/interbotix_ros_manipulators/images) by extensions ['colcon_meta']
[0.137s] Level 1:colcon.colcon_core.package_identification:_identify(src/interbotix_ros_manipulators/images) by extension 'colcon_meta'
[0.137s] Level 1:colcon.colcon_core.package_identification:_identify(src/interbotix_ros_manipulators/images) by extensions ['ros']
[0.137s] Level 1:colcon.colcon_core.package_identification:_identify(src/interbotix_ros_manipulators/images) by extension 'ros'
[0.137s] Level 1:colcon.colcon_core.package_identification:_identify(src/interbotix_ros_manipulators/images) by extensions ['cmake', 'python']
[0.137s] Level 1:colcon.colcon_core.package_identification:_identify(src/interbotix_ros_manipulators/images) by extension 'cmake'
[0.137s] Level 1:colcon.colcon_core.package_identification:_identify(src/interbotix_ros_manipulators/images) by extension 'python'
[0.137s] Level 1:colcon.colcon_core.package_identification:_identify(src/interbotix_ros_manipulators/images) by extensions ['python_setup_py']
[0.137s] Level 1:colcon.colcon_core.package_identification:_identify(src/interbotix_ros_manipulators/images) by extension 'python_setup_py'
[0.137s] Level 1:colcon.colcon_core.package_identification:_identify(src/interbotix_ros_manipulators/interbotix_ros_xsarms) by extensions ['ignore', 'ignore_ament_install']
[0.137s] Level 1:colcon.colcon_core.package_identification:_identify(src/interbotix_ros_manipulators/interbotix_ros_xsarms) by extension 'ignore'
[0.137s] Level 1:colcon.colcon_core.package_identification:_identify(src/interbotix_ros_manipulators/interbotix_ros_xsarms) by extension 'ignore_ament_install'
[0.137s] Level 1:colcon.colcon_core.package_identification:_identify(src/interbotix_ros_manipulators/interbotix_ros_xsarms) by extensions ['colcon_pkg']
[0.137s] Level 1:colcon.colcon_core.package_identification:_identify(src/interbotix_ros_manipulators/interbotix_ros_xsarms) by extension 'colcon_pkg'
[0.137s] Level 1:colcon.colcon_core.package_identification:_identify(src/interbotix_ros_manipulators/interbotix_ros_xsarms) by extensions ['colcon_meta']
[0.137s] Level 1:colcon.colcon_core.package_identification:_identify(src/interbotix_ros_manipulators/interbotix_ros_xsarms) by extension 'colcon_meta'
[0.137s] Level 1:colcon.colcon_core.package_identification:_identify(src/interbotix_ros_manipulators/interbotix_ros_xsarms) by extensions ['ros']
[0.137s] Level 1:colcon.colcon_core.package_identification:_identify(src/interbotix_ros_manipulators/interbotix_ros_xsarms) by extension 'ros'
[0.137s] Level 1:colcon.colcon_core.package_identification:_identify(src/interbotix_ros_manipulators/interbotix_ros_xsarms) by extensions ['cmake', 'python']
[0.137s] Level 1:colcon.colcon_core.package_identification:_identify(src/interbotix_ros_manipulators/interbotix_ros_xsarms) by extension 'cmake'
[0.137s] Level 1:colcon.colcon_core.package_identification:_identify(src/interbotix_ros_manipulators/interbotix_ros_xsarms) by extension 'python'
[0.137s] Level 1:colcon.colcon_core.package_identification:_identify(src/interbotix_ros_manipulators/interbotix_ros_xsarms) by extensions ['python_setup_py']
[0.137s] Level 1:colcon.colcon_core.package_identification:_identify(src/interbotix_ros_manipulators/interbotix_ros_xsarms) by extension 'python_setup_py'
[0.137s] Level 1:colcon.colcon_core.package_identification:_identify(src/interbotix_ros_manipulators/interbotix_ros_xsarms/examples) by extensions ['ignore', 'ignore_ament_install']
[0.137s] Level 1:colcon.colcon_core.package_identification:_identify(src/interbotix_ros_manipulators/interbotix_ros_xsarms/examples) by extension 'ignore'
[0.137s] Level 1:colcon.colcon_core.package_identification:_identify(src/interbotix_ros_manipulators/interbotix_ros_xsarms/examples) by extension 'ignore_ament_install'
[0.137s] Level 1:colcon.colcon_core.package_identification:_identify(src/interbotix_ros_manipulators/interbotix_ros_xsarms/examples) by extensions ['colcon_pkg']
[0.137s] Level 1:colcon.colcon_core.package_identification:_identify(src/interbotix_ros_manipulators/interbotix_ros_xsarms/examples) by extension 'colcon_pkg'
[0.137s] Level 1:colcon.colcon_core.package_identification:_identify(src/interbotix_ros_manipulators/interbotix_ros_xsarms/examples) by extensions ['colcon_meta']
[0.137s] Level 1:colcon.colcon_core.package_identification:_identify(src/interbotix_ros_manipulators/interbotix_ros_xsarms/examples) by extension 'colcon_meta'
[0.137s] Level 1:colcon.colcon_core.package_identification:_identify(src/interbotix_ros_manipulators/interbotix_ros_xsarms/examples) by extensions ['ros']
[0.137s] Level 1:colcon.colcon_core.package_identification:_identify(src/interbotix_ros_manipulators/interbotix_ros_xsarms/examples) by extension 'ros'
[0.137s] Level 1:colcon.colcon_core.package_identification:_identify(src/interbotix_ros_manipulators/interbotix_ros_xsarms/examples) by extensions ['cmake', 'python']
[0.137s] Level 1:colcon.colcon_core.package_identification:_identify(src/interbotix_ros_manipulators/interbotix_ros_xsarms/examples) by extension 'cmake'
[0.137s] Level 1:colcon.colcon_core.package_identification:_identify(src/interbotix_ros_manipulators/interbotix_ros_xsarms/examples) by extension 'python'
[0.137s] Level 1:colcon.colcon_core.package_identification:_identify(src/interbotix_ros_manipulators/interbotix_ros_xsarms/examples) by extensions ['python_setup_py']
[0.137s] Level 1:colcon.colcon_core.package_identification:_identify(src/interbotix_ros_manipulators/interbotix_ros_xsarms/examples) by extension 'python_setup_py'
[0.137s] Level 1:colcon.colcon_core.package_identification:_identify(src/interbotix_ros_manipulators/interbotix_ros_xsarms/examples/interbotix_ros_xsarms_examples) by extensions ['ignore', 'ignore_ament_install']
[0.137s] Level 1:colcon.colcon_core.package_identification:_identify(src/interbotix_ros_manipulators/interbotix_ros_xsarms/examples/interbotix_ros_xsarms_examples) by extension 'ignore'
[0.137s] Level 1:colcon.colcon_core.package_identification:_identify(src/interbotix_ros_manipulators/interbotix_ros_xsarms/examples/interbotix_ros_xsarms_examples) by extension 'ignore_ament_install'
[0.137s] Level 1:colcon.colcon_core.package_identification:_identify(src/interbotix_ros_manipulators/interbotix_ros_xsarms/examples/interbotix_ros_xsarms_examples) by extensions ['colcon_pkg']
[0.137s] Level 1:colcon.colcon_core.package_identification:_identify(src/interbotix_ros_manipulators/interbotix_ros_xsarms/examples/interbotix_ros_xsarms_examples) by extension 'colcon_pkg'
[0.137s] Level 1:colcon.colcon_core.package_identification:_identify(src/interbotix_ros_manipulators/interbotix_ros_xsarms/examples/interbotix_ros_xsarms_examples) by extensions ['colcon_meta']
[0.138s] Level 1:colcon.colcon_core.package_identification:_identify(src/interbotix_ros_manipulators/interbotix_ros_xsarms/examples/interbotix_ros_xsarms_examples) by extension 'colcon_meta'
[0.138s] Level 1:colcon.colcon_core.package_identification:_identify(src/interbotix_ros_manipulators/interbotix_ros_xsarms/examples/interbotix_ros_xsarms_examples) by extensions ['ros']
[0.138s] Level 1:colcon.colcon_core.package_identification:_identify(src/interbotix_ros_manipulators/interbotix_ros_xsarms/examples/interbotix_ros_xsarms_examples) by extension 'ros'
[0.138s] DEBUG:colcon.colcon_core.package_identification:Package 'src/interbotix_ros_manipulators/interbotix_ros_xsarms/examples/interbotix_ros_xsarms_examples' with type 'ros.ament_cmake' and name 'interbotix_ros_xsarms_examples'
[0.138s] Level 1:colcon.colcon_core.package_identification:_identify(src/interbotix_ros_manipulators/interbotix_ros_xsarms/examples/interbotix_xsarm_diagnostic_tool) by extensions ['ignore', 'ignore_ament_install']
[0.138s] Level 1:colcon.colcon_core.package_identification:_identify(src/interbotix_ros_manipulators/interbotix_ros_xsarms/examples/interbotix_xsarm_diagnostic_tool) by extension 'ignore'
[0.138s] Level 1:colcon.colcon_core.package_identification:_identify(src/interbotix_ros_manipulators/interbotix_ros_xsarms/examples/interbotix_xsarm_diagnostic_tool) ignored
[0.138s] Level 1:colcon.colcon_core.package_identification:_identify(src/interbotix_ros_manipulators/interbotix_ros_xsarms/examples/interbotix_xsarm_dual) by extensions ['ignore', 'ignore_ament_install']
[0.138s] Level 1:colcon.colcon_core.package_identification:_identify(src/interbotix_ros_manipulators/interbotix_ros_xsarms/examples/interbotix_xsarm_dual) by extension 'ignore'
[0.138s] Level 1:colcon.colcon_core.package_identification:_identify(src/interbotix_ros_manipulators/interbotix_ros_xsarms/examples/interbotix_xsarm_dual) by extension 'ignore_ament_install'
[0.138s] Level 1:colcon.colcon_core.package_identification:_identify(src/interbotix_ros_manipulators/interbotix_ros_xsarms/examples/interbotix_xsarm_dual) by extensions ['colcon_pkg']
[0.138s] Level 1:colcon.colcon_core.package_identification:_identify(src/interbotix_ros_manipulators/interbotix_ros_xsarms/examples/interbotix_xsarm_dual) by extension 'colcon_pkg'
[0.138s] Level 1:colcon.colcon_core.package_identification:_identify(src/interbotix_ros_manipulators/interbotix_ros_xsarms/examples/interbotix_xsarm_dual) by extensions ['colcon_meta']
[0.138s] Level 1:colcon.colcon_core.package_identification:_identify(src/interbotix_ros_manipulators/interbotix_ros_xsarms/examples/interbotix_xsarm_dual) by extension 'colcon_meta'
[0.138s] Level 1:colcon.colcon_core.package_identification:_identify(src/interbotix_ros_manipulators/interbotix_ros_xsarms/examples/interbotix_xsarm_dual) by extensions ['ros']
[0.138s] Level 1:colcon.colcon_core.package_identification:_identify(src/interbotix_ros_manipulators/interbotix_ros_xsarms/examples/interbotix_xsarm_dual) by extension 'ros'
[0.138s] DEBUG:colcon.colcon_core.package_identification:Package 'src/interbotix_ros_manipulators/interbotix_ros_xsarms/examples/interbotix_xsarm_dual' with type 'ros.ament_cmake' and name 'interbotix_xsarm_dual'
[0.139s] Level 1:colcon.colcon_core.package_identification:_identify(src/interbotix_ros_manipulators/interbotix_ros_xsarms/examples/interbotix_xsarm_dual_joy) by extensions ['ignore', 'ignore_ament_install']
[0.139s] Level 1:colcon.colcon_core.package_identification:_identify(src/interbotix_ros_manipulators/interbotix_ros_xsarms/examples/interbotix_xsarm_dual_joy) by extension 'ignore'
[0.139s] Level 1:colcon.colcon_core.package_identification:_identify(src/interbotix_ros_manipulators/interbotix_ros_xsarms/examples/interbotix_xsarm_dual_joy) ignored
[0.139s] Level 1:colcon.colcon_core.package_identification:_identify(src/interbotix_ros_manipulators/interbotix_ros_xsarms/examples/interbotix_xsarm_gravity_compensation) by extensions ['ignore', 'ignore_ament_install']
[0.139s] Level 1:colcon.colcon_core.package_identification:_identify(src/interbotix_ros_manipulators/interbotix_ros_xsarms/examples/interbotix_xsarm_gravity_compensation) by extension 'ignore'
[0.139s] Level 1:colcon.colcon_core.package_identification:_identify(src/interbotix_ros_manipulators/interbotix_ros_xsarms/examples/interbotix_xsarm_gravity_compensation) by extension 'ignore_ament_install'
[0.139s] Level 1:colcon.colcon_core.package_identification:_identify(src/interbotix_ros_manipulators/interbotix_ros_xsarms/examples/interbotix_xsarm_gravity_compensation) by extensions ['colcon_pkg']
[0.139s] Level 1:colcon.colcon_core.package_identification:_identify(src/interbotix_ros_manipulators/interbotix_ros_xsarms/examples/interbotix_xsarm_gravity_compensation) by extension 'colcon_pkg'
[0.139s] Level 1:colcon.colcon_core.package_identification:_identify(src/interbotix_ros_manipulators/interbotix_ros_xsarms/examples/interbotix_xsarm_gravity_compensation) by extensions ['colcon_meta']
[0.139s] Level 1:colcon.colcon_core.package_identification:_identify(src/interbotix_ros_manipulators/interbotix_ros_xsarms/examples/interbotix_xsarm_gravity_compensation) by extension 'colcon_meta'
[0.139s] Level 1:colcon.colcon_core.package_identification:_identify(src/interbotix_ros_manipulators/interbotix_ros_xsarms/examples/interbotix_xsarm_gravity_compensation) by extensions ['ros']
[0.139s] Level 1:colcon.colcon_core.package_identification:_identify(src/interbotix_ros_manipulators/interbotix_ros_xsarms/examples/interbotix_xsarm_gravity_compensation) by extension 'ros'
[0.139s] DEBUG:colcon.colcon_core.package_identification:Package 'src/interbotix_ros_manipulators/interbotix_ros_xsarms/examples/interbotix_xsarm_gravity_compensation' with type 'ros.ament_cmake' and name 'interbotix_xsarm_gravity_compensation'
[0.139s] Level 1:colcon.colcon_core.package_identification:_identify(src/interbotix_ros_manipulators/interbotix_ros_xsarms/examples/interbotix_xsarm_joy) by extensions ['ignore', 'ignore_ament_install']
[0.139s] Level 1:colcon.colcon_core.package_identification:_identify(src/interbotix_ros_manipulators/interbotix_ros_xsarms/examples/interbotix_xsarm_joy) by extension 'ignore'
[0.139s] Level 1:colcon.colcon_core.package_identification:_identify(src/interbotix_ros_manipulators/interbotix_ros_xsarms/examples/interbotix_xsarm_joy) by extension 'ignore_ament_install'
[0.139s] Level 1:colcon.colcon_core.package_identification:_identify(src/interbotix_ros_manipulators/interbotix_ros_xsarms/examples/interbotix_xsarm_joy) by extensions ['colcon_pkg']
[0.139s] Level 1:colcon.colcon_core.package_identification:_identify(src/interbotix_ros_manipulators/interbotix_ros_xsarms/examples/interbotix_xsarm_joy) by extension 'colcon_pkg'
[0.139s] Level 1:colcon.colcon_core.package_identification:_identify(src/interbotix_ros_manipulators/interbotix_ros_xsarms/examples/interbotix_xsarm_joy) by extensions ['colcon_meta']
[0.139s] Level 1:colcon.colcon_core.package_identification:_identify(src/interbotix_ros_manipulators/interbotix_ros_xsarms/examples/interbotix_xsarm_joy) by extension 'colcon_meta'
[0.139s] Level 1:colcon.colcon_core.package_identification:_identify(src/interbotix_ros_manipulators/interbotix_ros_xsarms/examples/interbotix_xsarm_joy) by extensions ['ros']
[0.139s] Level 1:colcon.colcon_core.package_identification:_identify(src/interbotix_ros_manipulators/interbotix_ros_xsarms/examples/interbotix_xsarm_joy) by extension 'ros'
[0.140s] DEBUG:colcon.colcon_core.package_identification:Package 'src/interbotix_ros_manipulators/interbotix_ros_xsarms/examples/interbotix_xsarm_joy' with type 'ros.ament_cmake' and name 'interbotix_xsarm_joy'
[0.140s] Level 1:colcon.colcon_core.package_identification:_identify(src/interbotix_ros_manipulators/interbotix_ros_xsarms/examples/interbotix_xsarm_moveit_interface) by extensions ['ignore', 'ignore_ament_install']
[0.140s] Level 1:colcon.colcon_core.package_identification:_identify(src/interbotix_ros_manipulators/interbotix_ros_xsarms/examples/interbotix_xsarm_moveit_interface) by extension 'ignore'
[0.140s] Level 1:colcon.colcon_core.package_identification:_identify(src/interbotix_ros_manipulators/interbotix_ros_xsarms/examples/interbotix_xsarm_moveit_interface) by extension 'ignore_ament_install'
[0.140s] Level 1:colcon.colcon_core.package_identification:_identify(src/interbotix_ros_manipulators/interbotix_ros_xsarms/examples/interbotix_xsarm_moveit_interface) by extensions ['colcon_pkg']
[0.140s] Level 1:colcon.colcon_core.package_identification:_identify(src/interbotix_ros_manipulators/interbotix_ros_xsarms/examples/interbotix_xsarm_moveit_interface) by extension 'colcon_pkg'
[0.140s] Level 1:colcon.colcon_core.package_identification:_identify(src/interbotix_ros_manipulators/interbotix_ros_xsarms/examples/interbotix_xsarm_moveit_interface) by extensions ['colcon_meta']
[0.140s] Level 1:colcon.colcon_core.package_identification:_identify(src/interbotix_ros_manipulators/interbotix_ros_xsarms/examples/interbotix_xsarm_moveit_interface) by extension 'colcon_meta'
[0.140s] Level 1:colcon.colcon_core.package_identification:_identify(src/interbotix_ros_manipulators/interbotix_ros_xsarms/examples/interbotix_xsarm_moveit_interface) by extensions ['ros']
[0.140s] Level 1:colcon.colcon_core.package_identification:_identify(src/interbotix_ros_manipulators/interbotix_ros_xsarms/examples/interbotix_xsarm_moveit_interface) by extension 'ros'
[0.140s] DEBUG:colcon.colcon_core.package_identification:Package 'src/interbotix_ros_manipulators/interbotix_ros_xsarms/examples/interbotix_xsarm_moveit_interface' with type 'ros.ament_cmake' and name 'interbotix_xsarm_moveit_interface'
[0.140s] Level 1:colcon.colcon_core.package_identification:_identify(src/interbotix_ros_manipulators/interbotix_ros_xsarms/examples/interbotix_xsarm_pid) by extensions ['ignore', 'ignore_ament_install']
[0.140s] Level 1:colcon.colcon_core.package_identification:_identify(src/interbotix_ros_manipulators/interbotix_ros_xsarms/examples/interbotix_xsarm_pid) by extension 'ignore'
[0.140s] Level 1:colcon.colcon_core.package_identification:_identify(src/interbotix_ros_manipulators/interbotix_ros_xsarms/examples/interbotix_xsarm_pid) ignored
[0.140s] Level 1:colcon.colcon_core.package_identification:_identify(src/interbotix_ros_manipulators/interbotix_ros_xsarms/examples/interbotix_xsarm_puppet) by extensions ['ignore', 'ignore_ament_install']
[0.140s] Level 1:colcon.colcon_core.package_identification:_identify(src/interbotix_ros_manipulators/interbotix_ros_xsarms/examples/interbotix_xsarm_puppet) by extension 'ignore'
[0.140s] Level 1:colcon.colcon_core.package_identification:_identify(src/interbotix_ros_manipulators/interbotix_ros_xsarms/examples/interbotix_xsarm_puppet) by extension 'ignore_ament_install'
[0.140s] Level 1:colcon.colcon_core.package_identification:_identify(src/interbotix_ros_manipulators/interbotix_ros_xsarms/examples/interbotix_xsarm_puppet) by extensions ['colcon_pkg']
[0.141s] Level 1:colcon.colcon_core.package_identification:_identify(src/interbotix_ros_manipulators/interbotix_ros_xsarms/examples/interbotix_xsarm_puppet) by extension 'colcon_pkg'
[0.141s] Level 1:colcon.colcon_core.package_identification:_identify(src/interbotix_ros_manipulators/interbotix_ros_xsarms/examples/interbotix_xsarm_puppet) by extensions ['colcon_meta']
[0.141s] Level 1:colcon.colcon_core.package_identification:_identify(src/interbotix_ros_manipulators/interbotix_ros_xsarms/examples/interbotix_xsarm_puppet) by extension 'colcon_meta'
[0.141s] Level 1:colcon.colcon_core.package_identification:_identify(src/interbotix_ros_manipulators/interbotix_ros_xsarms/examples/interbotix_xsarm_puppet) by extensions ['ros']
[0.141s] Level 1:colcon.colcon_core.package_identification:_identify(src/interbotix_ros_manipulators/interbotix_ros_xsarms/examples/interbotix_xsarm_puppet) by extension 'ros'
[0.141s] DEBUG:colcon.colcon_core.package_identification:Package 'src/interbotix_ros_manipulators/interbotix_ros_xsarms/examples/interbotix_xsarm_puppet' with type 'ros.ament_cmake' and name 'interbotix_xsarm_puppet'
[0.141s] Level 1:colcon.colcon_core.package_identification:_identify(src/interbotix_ros_manipulators/interbotix_ros_xsarms/images) by extensions ['ignore', 'ignore_ament_install']
[0.141s] Level 1:colcon.colcon_core.package_identification:_identify(src/interbotix_ros_manipulators/interbotix_ros_xsarms/images) by extension 'ignore'
[0.141s] Level 1:colcon.colcon_core.package_identification:_identify(src/interbotix_ros_manipulators/interbotix_ros_xsarms/images) by extension 'ignore_ament_install'
[0.141s] Level 1:colcon.colcon_core.package_identification:_identify(src/interbotix_ros_manipulators/interbotix_ros_xsarms/images) by extensions ['colcon_pkg']
[0.141s] Level 1:colcon.colcon_core.package_identification:_identify(src/interbotix_ros_manipulators/interbotix_ros_xsarms/images) by extension 'colcon_pkg'
[0.141s] Level 1:colcon.colcon_core.package_identification:_identify(src/interbotix_ros_manipulators/interbotix_ros_xsarms/images) by extensions ['colcon_meta']
[0.141s] Level 1:colcon.colcon_core.package_identification:_identify(src/interbotix_ros_manipulators/interbotix_ros_xsarms/images) by extension 'colcon_meta'
[0.141s] Level 1:colcon.colcon_core.package_identification:_identify(src/interbotix_ros_manipulators/interbotix_ros_xsarms/images) by extensions ['ros']
[0.141s] Level 1:colcon.colcon_core.package_identification:_identify(src/interbotix_ros_manipulators/interbotix_ros_xsarms/images) by extension 'ros'
[0.141s] Level 1:colcon.colcon_core.package_identification:_identify(src/interbotix_ros_manipulators/interbotix_ros_xsarms/images) by extensions ['cmake', 'python']
[0.141s] Level 1:colcon.colcon_core.package_identification:_identify(src/interbotix_ros_manipulators/interbotix_ros_xsarms/images) by extension 'cmake'
[0.141s] Level 1:colcon.colcon_core.package_identification:_identify(src/interbotix_ros_manipulators/interbotix_ros_xsarms/images) by extension 'python'
[0.141s] Level 1:colcon.colcon_core.package_identification:_identify(src/interbotix_ros_manipulators/interbotix_ros_xsarms/images) by extensions ['python_setup_py']
[0.141s] Level 1:colcon.colcon_core.package_identification:_identify(src/interbotix_ros_manipulators/interbotix_ros_xsarms/images) by extension 'python_setup_py'
[0.141s] Level 1:colcon.colcon_core.package_identification:_identify(src/interbotix_ros_manipulators/interbotix_ros_xsarms/install) by extensions ['ignore', 'ignore_ament_install']
[0.141s] Level 1:colcon.colcon_core.package_identification:_identify(src/interbotix_ros_manipulators/interbotix_ros_xsarms/install) by extension 'ignore'
[0.141s] Level 1:colcon.colcon_core.package_identification:_identify(src/interbotix_ros_manipulators/interbotix_ros_xsarms/install) by extension 'ignore_ament_install'
[0.141s] Level 1:colcon.colcon_core.package_identification:_identify(src/interbotix_ros_manipulators/interbotix_ros_xsarms/install) by extensions ['colcon_pkg']
[0.141s] Level 1:colcon.colcon_core.package_identification:_identify(src/interbotix_ros_manipulators/interbotix_ros_xsarms/install) by extension 'colcon_pkg'
[0.141s] Level 1:colcon.colcon_core.package_identification:_identify(src/interbotix_ros_manipulators/interbotix_ros_xsarms/install) by extensions ['colcon_meta']
[0.141s] Level 1:colcon.colcon_core.package_identification:_identify(src/interbotix_ros_manipulators/interbotix_ros_xsarms/install) by extension 'colcon_meta'
[0.141s] Level 1:colcon.colcon_core.package_identification:_identify(src/interbotix_ros_manipulators/interbotix_ros_xsarms/install) by extensions ['ros']
[0.141s] Level 1:colcon.colcon_core.package_identification:_identify(src/interbotix_ros_manipulators/interbotix_ros_xsarms/install) by extension 'ros'
[0.141s] Level 1:colcon.colcon_core.package_identification:_identify(src/interbotix_ros_manipulators/interbotix_ros_xsarms/install) by extensions ['cmake', 'python']
[0.141s] Level 1:colcon.colcon_core.package_identification:_identify(src/interbotix_ros_manipulators/interbotix_ros_xsarms/install) by extension 'cmake'
[0.141s] Level 1:colcon.colcon_core.package_identification:_identify(src/interbotix_ros_manipulators/interbotix_ros_xsarms/install) by extension 'python'
[0.141s] Level 1:colcon.colcon_core.package_identification:_identify(src/interbotix_ros_manipulators/interbotix_ros_xsarms/install) by extensions ['python_setup_py']
[0.141s] Level 1:colcon.colcon_core.package_identification:_identify(src/interbotix_ros_manipulators/interbotix_ros_xsarms/install) by extension 'python_setup_py'
[0.142s] Level 1:colcon.colcon_core.package_identification:_identify(src/interbotix_ros_manipulators/interbotix_ros_xsarms/install/amd64) by extensions ['ignore', 'ignore_ament_install']
[0.142s] Level 1:colcon.colcon_core.package_identification:_identify(src/interbotix_ros_manipulators/interbotix_ros_xsarms/install/amd64) by extension 'ignore'
[0.142s] Level 1:colcon.colcon_core.package_identification:_identify(src/interbotix_ros_manipulators/interbotix_ros_xsarms/install/amd64) by extension 'ignore_ament_install'
[0.142s] Level 1:colcon.colcon_core.package_identification:_identify(src/interbotix_ros_manipulators/interbotix_ros_xsarms/install/amd64) by extensions ['colcon_pkg']
[0.142s] Level 1:colcon.colcon_core.package_identification:_identify(src/interbotix_ros_manipulators/interbotix_ros_xsarms/install/amd64) by extension 'colcon_pkg'
[0.142s] Level 1:colcon.colcon_core.package_identification:_identify(src/interbotix_ros_manipulators/interbotix_ros_xsarms/install/amd64) by extensions ['colcon_meta']
[0.142s] Level 1:colcon.colcon_core.package_identification:_identify(src/interbotix_ros_manipulators/interbotix_ros_xsarms/install/amd64) by extension 'colcon_meta'
[0.142s] Level 1:colcon.colcon_core.package_identification:_identify(src/interbotix_ros_manipulators/interbotix_ros_xsarms/install/amd64) by extensions ['ros']
[0.142s] Level 1:colcon.colcon_core.package_identification:_identify(src/interbotix_ros_manipulators/interbotix_ros_xsarms/install/amd64) by extension 'ros'
[0.142s] Level 1:colcon.colcon_core.package_identification:_identify(src/interbotix_ros_manipulators/interbotix_ros_xsarms/install/amd64) by extensions ['cmake', 'python']
[0.142s] Level 1:colcon.colcon_core.package_identification:_identify(src/interbotix_ros_manipulators/interbotix_ros_xsarms/install/amd64) by extension 'cmake'
[0.142s] Level 1:colcon.colcon_core.package_identification:_identify(src/interbotix_ros_manipulators/interbotix_ros_xsarms/install/amd64) by extension 'python'
[0.142s] Level 1:colcon.colcon_core.package_identification:_identify(src/interbotix_ros_manipulators/interbotix_ros_xsarms/install/amd64) by extensions ['python_setup_py']
[0.142s] Level 1:colcon.colcon_core.package_identification:_identify(src/interbotix_ros_manipulators/interbotix_ros_xsarms/install/amd64) by extension 'python_setup_py'
[0.142s] Level 1:colcon.colcon_core.package_identification:_identify(src/interbotix_ros_manipulators/interbotix_ros_xsarms/install/rpi4) by extensions ['ignore', 'ignore_ament_install']
[0.142s] Level 1:colcon.colcon_core.package_identification:_identify(src/interbotix_ros_manipulators/interbotix_ros_xsarms/install/rpi4) by extension 'ignore'
[0.142s] Level 1:colcon.colcon_core.package_identification:_identify(src/interbotix_ros_manipulators/interbotix_ros_xsarms/install/rpi4) by extension 'ignore_ament_install'
[0.142s] Level 1:colcon.colcon_core.package_identification:_identify(src/interbotix_ros_manipulators/interbotix_ros_xsarms/install/rpi4) by extensions ['colcon_pkg']
[0.142s] Level 1:colcon.colcon_core.package_identification:_identify(src/interbotix_ros_manipulators/interbotix_ros_xsarms/install/rpi4) by extension 'colcon_pkg'
[0.142s] Level 1:colcon.colcon_core.package_identification:_identify(src/interbotix_ros_manipulators/interbotix_ros_xsarms/install/rpi4) by extensions ['colcon_meta']
[0.142s] Level 1:colcon.colcon_core.package_identification:_identify(src/interbotix_ros_manipulators/interbotix_ros_xsarms/install/rpi4) by extension 'colcon_meta'
[0.142s] Level 1:colcon.colcon_core.package_identification:_identify(src/interbotix_ros_manipulators/interbotix_ros_xsarms/install/rpi4) by extensions ['ros']
[0.142s] Level 1:colcon.colcon_core.package_identification:_identify(src/interbotix_ros_manipulators/interbotix_ros_xsarms/install/rpi4) by extension 'ros'
[0.142s] Level 1:colcon.colcon_core.package_identification:_identify(src/interbotix_ros_manipulators/interbotix_ros_xsarms/install/rpi4) by extensions ['cmake', 'python']
[0.142s] Level 1:colcon.colcon_core.package_identification:_identify(src/interbotix_ros_manipulators/interbotix_ros_xsarms/install/rpi4) by extension 'cmake'
[0.142s] Level 1:colcon.colcon_core.package_identification:_identify(src/interbotix_ros_manipulators/interbotix_ros_xsarms/install/rpi4) by extension 'python'
[0.142s] Level 1:colcon.colcon_core.package_identification:_identify(src/interbotix_ros_manipulators/interbotix_ros_xsarms/install/rpi4) by extensions ['python_setup_py']
[0.142s] Level 1:colcon.colcon_core.package_identification:_identify(src/interbotix_ros_manipulators/interbotix_ros_xsarms/install/rpi4) by extension 'python_setup_py'
[0.142s] Level 1:colcon.colcon_core.package_identification:_identify(src/interbotix_ros_manipulators/interbotix_ros_xsarms/interbotix_ros_xsarms) by extensions ['ignore', 'ignore_ament_install']
[0.142s] Level 1:colcon.colcon_core.package_identification:_identify(src/interbotix_ros_manipulators/interbotix_ros_xsarms/interbotix_ros_xsarms) by extension 'ignore'
[0.142s] Level 1:colcon.colcon_core.package_identification:_identify(src/interbotix_ros_manipulators/interbotix_ros_xsarms/interbotix_ros_xsarms) by extension 'ignore_ament_install'
[0.142s] Level 1:colcon.colcon_core.package_identification:_identify(src/interbotix_ros_manipulators/interbotix_ros_xsarms/interbotix_ros_xsarms) by extensions ['colcon_pkg']
[0.142s] Level 1:colcon.colcon_core.package_identification:_identify(src/interbotix_ros_manipulators/interbotix_ros_xsarms/interbotix_ros_xsarms) by extension 'colcon_pkg'
[0.142s] Level 1:colcon.colcon_core.package_identification:_identify(src/interbotix_ros_manipulators/interbotix_ros_xsarms/interbotix_ros_xsarms) by extensions ['colcon_meta']
[0.142s] Level 1:colcon.colcon_core.package_identification:_identify(src/interbotix_ros_manipulators/interbotix_ros_xsarms/interbotix_ros_xsarms) by extension 'colcon_meta'
[0.142s] Level 1:colcon.colcon_core.package_identification:_identify(src/interbotix_ros_manipulators/interbotix_ros_xsarms/interbotix_ros_xsarms) by extensions ['ros']
[0.142s] Level 1:colcon.colcon_core.package_identification:_identify(src/interbotix_ros_manipulators/interbotix_ros_xsarms/interbotix_ros_xsarms) by extension 'ros'
[0.143s] DEBUG:colcon.colcon_core.package_identification:Package 'src/interbotix_ros_manipulators/interbotix_ros_xsarms/interbotix_ros_xsarms' with type 'ros.ament_cmake' and name 'interbotix_ros_xsarms'
[0.143s] Level 1:colcon.colcon_core.package_identification:_identify(src/interbotix_ros_manipulators/interbotix_ros_xsarms/interbotix_xsarm_control) by extensions ['ignore', 'ignore_ament_install']
[0.143s] Level 1:colcon.colcon_core.package_identification:_identify(src/interbotix_ros_manipulators/interbotix_ros_xsarms/interbotix_xsarm_control) by extension 'ignore'
[0.143s] Level 1:colcon.colcon_core.package_identification:_identify(src/interbotix_ros_manipulators/interbotix_ros_xsarms/interbotix_xsarm_control) by extension 'ignore_ament_install'
[0.143s] Level 1:colcon.colcon_core.package_identification:_identify(src/interbotix_ros_manipulators/interbotix_ros_xsarms/interbotix_xsarm_control) by extensions ['colcon_pkg']
[0.143s] Level 1:colcon.colcon_core.package_identification:_identify(src/interbotix_ros_manipulators/interbotix_ros_xsarms/interbotix_xsarm_control) by extension 'colcon_pkg'
[0.143s] Level 1:colcon.colcon_core.package_identification:_identify(src/interbotix_ros_manipulators/interbotix_ros_xsarms/interbotix_xsarm_control) by extensions ['colcon_meta']
[0.143s] Level 1:colcon.colcon_core.package_identification:_identify(src/interbotix_ros_manipulators/interbotix_ros_xsarms/interbotix_xsarm_control) by extension 'colcon_meta'
[0.143s] Level 1:colcon.colcon_core.package_identification:_identify(src/interbotix_ros_manipulators/interbotix_ros_xsarms/interbotix_xsarm_control) by extensions ['ros']
[0.143s] Level 1:colcon.colcon_core.package_identification:_identify(src/interbotix_ros_manipulators/interbotix_ros_xsarms/interbotix_xsarm_control) by extension 'ros'
[0.143s] DEBUG:colcon.colcon_core.package_identification:Package 'src/interbotix_ros_manipulators/interbotix_ros_xsarms/interbotix_xsarm_control' with type 'ros.ament_cmake' and name 'interbotix_xsarm_control'
[0.143s] Level 1:colcon.colcon_core.package_identification:_identify(src/interbotix_ros_manipulators/interbotix_ros_xsarms/interbotix_xsarm_descriptions) by extensions ['ignore', 'ignore_ament_install']
[0.143s] Level 1:colcon.colcon_core.package_identification:_identify(src/interbotix_ros_manipulators/interbotix_ros_xsarms/interbotix_xsarm_descriptions) by extension 'ignore'
[0.143s] Level 1:colcon.colcon_core.package_identification:_identify(src/interbotix_ros_manipulators/interbotix_ros_xsarms/interbotix_xsarm_descriptions) by extension 'ignore_ament_install'
[0.143s] Level 1:colcon.colcon_core.package_identification:_identify(src/interbotix_ros_manipulators/interbotix_ros_xsarms/interbotix_xsarm_descriptions) by extensions ['colcon_pkg']
[0.143s] Level 1:colcon.colcon_core.package_identification:_identify(src/interbotix_ros_manipulators/interbotix_ros_xsarms/interbotix_xsarm_descriptions) by extension 'colcon_pkg'
[0.143s] Level 1:colcon.colcon_core.package_identification:_identify(src/interbotix_ros_manipulators/interbotix_ros_xsarms/interbotix_xsarm_descriptions) by extensions ['colcon_meta']
[0.143s] Level 1:colcon.colcon_core.package_identification:_identify(src/interbotix_ros_manipulators/interbotix_ros_xsarms/interbotix_xsarm_descriptions) by extension 'colcon_meta'
[0.143s] Level 1:colcon.colcon_core.package_identification:_identify(src/interbotix_ros_manipulators/interbotix_ros_xsarms/interbotix_xsarm_descriptions) by extensions ['ros']
[0.143s] Level 1:colcon.colcon_core.package_identification:_identify(src/interbotix_ros_manipulators/interbotix_ros_xsarms/interbotix_xsarm_descriptions) by extension 'ros'
[0.144s] DEBUG:colcon.colcon_core.package_identification:Package 'src/interbotix_ros_manipulators/interbotix_ros_xsarms/interbotix_xsarm_descriptions' with type 'ros.ament_cmake' and name 'interbotix_xsarm_descriptions'
[0.144s] Level 1:colcon.colcon_core.package_identification:_identify(src/interbotix_ros_manipulators/interbotix_ros_xsarms/interbotix_xsarm_moveit) by extensions ['ignore', 'ignore_ament_install']
[0.144s] Level 1:colcon.colcon_core.package_identification:_identify(src/interbotix_ros_manipulators/interbotix_ros_xsarms/interbotix_xsarm_moveit) by extension 'ignore'
[0.144s] Level 1:colcon.colcon_core.package_identification:_identify(src/interbotix_ros_manipulators/interbotix_ros_xsarms/interbotix_xsarm_moveit) by extension 'ignore_ament_install'
[0.144s] Level 1:colcon.colcon_core.package_identification:_identify(src/interbotix_ros_manipulators/interbotix_ros_xsarms/interbotix_xsarm_moveit) by extensions ['colcon_pkg']
[0.144s] Level 1:colcon.colcon_core.package_identification:_identify(src/interbotix_ros_manipulators/interbotix_ros_xsarms/interbotix_xsarm_moveit) by extension 'colcon_pkg'
[0.144s] Level 1:colcon.colcon_core.package_identification:_identify(src/interbotix_ros_manipulators/interbotix_ros_xsarms/interbotix_xsarm_moveit) by extensions ['colcon_meta']
[0.144s] Level 1:colcon.colcon_core.package_identification:_identify(src/interbotix_ros_manipulators/interbotix_ros_xsarms/interbotix_xsarm_moveit) by extension 'colcon_meta'
[0.144s] Level 1:colcon.colcon_core.package_identification:_identify(src/interbotix_ros_manipulators/interbotix_ros_xsarms/interbotix_xsarm_moveit) by extensions ['ros']
[0.144s] Level 1:colcon.colcon_core.package_identification:_identify(src/interbotix_ros_manipulators/interbotix_ros_xsarms/interbotix_xsarm_moveit) by extension 'ros'
[0.145s] DEBUG:colcon.colcon_core.package_identification:Package 'src/interbotix_ros_manipulators/interbotix_ros_xsarms/interbotix_xsarm_moveit' with type 'ros.ament_cmake' and name 'interbotix_xsarm_moveit'
[0.145s] Level 1:colcon.colcon_core.package_identification:_identify(src/interbotix_ros_manipulators/interbotix_ros_xsarms/interbotix_xsarm_perception) by extensions ['ignore', 'ignore_ament_install']
[0.145s] Level 1:colcon.colcon_core.package_identification:_identify(src/interbotix_ros_manipulators/interbotix_ros_xsarms/interbotix_xsarm_perception) by extension 'ignore'
[0.145s] Level 1:colcon.colcon_core.package_identification:_identify(src/interbotix_ros_manipulators/interbotix_ros_xsarms/interbotix_xsarm_perception) by extension 'ignore_ament_install'
[0.145s] Level 1:colcon.colcon_core.package_identification:_identify(src/interbotix_ros_manipulators/interbotix_ros_xsarms/interbotix_xsarm_perception) by extensions ['colcon_pkg']
[0.145s] Level 1:colcon.colcon_core.package_identification:_identify(src/interbotix_ros_manipulators/interbotix_ros_xsarms/interbotix_xsarm_perception) by extension 'colcon_pkg'
[0.145s] Level 1:colcon.colcon_core.package_identification:_identify(src/interbotix_ros_manipulators/interbotix_ros_xsarms/interbotix_xsarm_perception) by extensions ['colcon_meta']
[0.145s] Level 1:colcon.colcon_core.package_identification:_identify(src/interbotix_ros_manipulators/interbotix_ros_xsarms/interbotix_xsarm_perception) by extension 'colcon_meta'
[0.145s] Level 1:colcon.colcon_core.package_identification:_identify(src/interbotix_ros_manipulators/interbotix_ros_xsarms/interbotix_xsarm_perception) by extensions ['ros']
[0.145s] Level 1:colcon.colcon_core.package_identification:_identify(src/interbotix_ros_manipulators/interbotix_ros_xsarms/interbotix_xsarm_perception) by extension 'ros'
[0.145s] DEBUG:colcon.colcon_core.package_identification:Package 'src/interbotix_ros_manipulators/interbotix_ros_xsarms/interbotix_xsarm_perception' with type 'ros.ament_cmake' and name 'interbotix_xsarm_perception'
[0.145s] Level 1:colcon.colcon_core.package_identification:_identify(src/interbotix_ros_manipulators/interbotix_ros_xsarms/interbotix_xsarm_ros_control) by extensions ['ignore', 'ignore_ament_install']
[0.145s] Level 1:colcon.colcon_core.package_identification:_identify(src/interbotix_ros_manipulators/interbotix_ros_xsarms/interbotix_xsarm_ros_control) by extension 'ignore'
[0.145s] Level 1:colcon.colcon_core.package_identification:_identify(src/interbotix_ros_manipulators/interbotix_ros_xsarms/interbotix_xsarm_ros_control) by extension 'ignore_ament_install'
[0.145s] Level 1:colcon.colcon_core.package_identification:_identify(src/interbotix_ros_manipulators/interbotix_ros_xsarms/interbotix_xsarm_ros_control) by extensions ['colcon_pkg']
[0.145s] Level 1:colcon.colcon_core.package_identification:_identify(src/interbotix_ros_manipulators/interbotix_ros_xsarms/interbotix_xsarm_ros_control) by extension 'colcon_pkg'
[0.145s] Level 1:colcon.colcon_core.package_identification:_identify(src/interbotix_ros_manipulators/interbotix_ros_xsarms/interbotix_xsarm_ros_control) by extensions ['colcon_meta']
[0.145s] Level 1:colcon.colcon_core.package_identification:_identify(src/interbotix_ros_manipulators/interbotix_ros_xsarms/interbotix_xsarm_ros_control) by extension 'colcon_meta'
[0.145s] Level 1:colcon.colcon_core.package_identification:_identify(src/interbotix_ros_manipulators/interbotix_ros_xsarms/interbotix_xsarm_ros_control) by extensions ['ros']
[0.145s] Level 1:colcon.colcon_core.package_identification:_identify(src/interbotix_ros_manipulators/interbotix_ros_xsarms/interbotix_xsarm_ros_control) by extension 'ros'
[0.146s] DEBUG:colcon.colcon_core.package_identification:Package 'src/interbotix_ros_manipulators/interbotix_ros_xsarms/interbotix_xsarm_ros_control' with type 'ros.ament_cmake' and name 'interbotix_xsarm_ros_control'
[0.146s] Level 1:colcon.colcon_core.package_identification:_identify(src/interbotix_ros_manipulators/interbotix_ros_xsarms/interbotix_xsarm_sim) by extensions ['ignore', 'ignore_ament_install']
[0.146s] Level 1:colcon.colcon_core.package_identification:_identify(src/interbotix_ros_manipulators/interbotix_ros_xsarms/interbotix_xsarm_sim) by extension 'ignore'
[0.146s] Level 1:colcon.colcon_core.package_identification:_identify(src/interbotix_ros_manipulators/interbotix_ros_xsarms/interbotix_xsarm_sim) by extension 'ignore_ament_install'
[0.146s] Level 1:colcon.colcon_core.package_identification:_identify(src/interbotix_ros_manipulators/interbotix_ros_xsarms/interbotix_xsarm_sim) by extensions ['colcon_pkg']
[0.146s] Level 1:colcon.colcon_core.package_identification:_identify(src/interbotix_ros_manipulators/interbotix_ros_xsarms/interbotix_xsarm_sim) by extension 'colcon_pkg'
[0.146s] Level 1:colcon.colcon_core.package_identification:_identify(src/interbotix_ros_manipulators/interbotix_ros_xsarms/interbotix_xsarm_sim) by extensions ['colcon_meta']
[0.146s] Level 1:colcon.colcon_core.package_identification:_identify(src/interbotix_ros_manipulators/interbotix_ros_xsarms/interbotix_xsarm_sim) by extension 'colcon_meta'
[0.146s] Level 1:colcon.colcon_core.package_identification:_identify(src/interbotix_ros_manipulators/interbotix_ros_xsarms/interbotix_xsarm_sim) by extensions ['ros']
[0.146s] Level 1:colcon.colcon_core.package_identification:_identify(src/interbotix_ros_manipulators/interbotix_ros_xsarms/interbotix_xsarm_sim) by extension 'ros'
[0.146s] DEBUG:colcon.colcon_core.package_identification:Package 'src/interbotix_ros_manipulators/interbotix_ros_xsarms/interbotix_xsarm_sim' with type 'ros.ament_cmake' and name 'interbotix_xsarm_sim'
[0.146s] Level 1:colcon.colcon_core.package_identification:_identify(src/interbotix_ros_toolboxes) by extensions ['ignore', 'ignore_ament_install']
[0.146s] Level 1:colcon.colcon_core.package_identification:_identify(src/interbotix_ros_toolboxes) by extension 'ignore'
[0.146s] Level 1:colcon.colcon_core.package_identification:_identify(src/interbotix_ros_toolboxes) by extension 'ignore_ament_install'
[0.146s] Level 1:colcon.colcon_core.package_identification:_identify(src/interbotix_ros_toolboxes) by extensions ['colcon_pkg']
[0.146s] Level 1:colcon.colcon_core.package_identification:_identify(src/interbotix_ros_toolboxes) by extension 'colcon_pkg'
[0.146s] Level 1:colcon.colcon_core.package_identification:_identify(src/interbotix_ros_toolboxes) by extensions ['colcon_meta']
[0.146s] Level 1:colcon.colcon_core.package_identification:_identify(src/interbotix_ros_toolboxes) by extension 'colcon_meta'
[0.146s] Level 1:colcon.colcon_core.package_identification:_identify(src/interbotix_ros_toolboxes) by extensions ['ros']
[0.146s] Level 1:colcon.colcon_core.package_identification:_identify(src/interbotix_ros_toolboxes) by extension 'ros'
[0.147s] Level 1:colcon.colcon_core.package_identification:_identify(src/interbotix_ros_toolboxes) by extensions ['cmake', 'python']
[0.147s] Level 1:colcon.colcon_core.package_identification:_identify(src/interbotix_ros_toolboxes) by extension 'cmake'
[0.147s] Level 1:colcon.colcon_core.package_identification:_identify(src/interbotix_ros_toolboxes) by extension 'python'
[0.147s] Level 1:colcon.colcon_core.package_identification:_identify(src/interbotix_ros_toolboxes) by extensions ['python_setup_py']
[0.147s] Level 1:colcon.colcon_core.package_identification:_identify(src/interbotix_ros_toolboxes) by extension 'python_setup_py'
[0.147s] Level 1:colcon.colcon_core.package_identification:_identify(src/interbotix_ros_toolboxes/images) by extensions ['ignore', 'ignore_ament_install']
[0.147s] Level 1:colcon.colcon_core.package_identification:_identify(src/interbotix_ros_toolboxes/images) by extension 'ignore'
[0.147s] Level 1:colcon.colcon_core.package_identification:_identify(src/interbotix_ros_toolboxes/images) by extension 'ignore_ament_install'
[0.147s] Level 1:colcon.colcon_core.package_identification:_identify(src/interbotix_ros_toolboxes/images) by extensions ['colcon_pkg']
[0.147s] Level 1:colcon.colcon_core.package_identification:_identify(src/interbotix_ros_toolboxes/images) by extension 'colcon_pkg'
[0.147s] Level 1:colcon.colcon_core.package_identification:_identify(src/interbotix_ros_toolboxes/images) by extensions ['colcon_meta']
[0.147s] Level 1:colcon.colcon_core.package_identification:_identify(src/interbotix_ros_toolboxes/images) by extension 'colcon_meta'
[0.147s] Level 1:colcon.colcon_core.package_identification:_identify(src/interbotix_ros_toolboxes/images) by extensions ['ros']
[0.147s] Level 1:colcon.colcon_core.package_identification:_identify(src/interbotix_ros_toolboxes/images) by extension 'ros'
[0.147s] Level 1:colcon.colcon_core.package_identification:_identify(src/interbotix_ros_toolboxes/images) by extensions ['cmake', 'python']
[0.147s] Level 1:colcon.colcon_core.package_identification:_identify(src/interbotix_ros_toolboxes/images) by extension 'cmake'
[0.147s] Level 1:colcon.colcon_core.package_identification:_identify(src/interbotix_ros_toolboxes/images) by extension 'python'
[0.147s] Level 1:colcon.colcon_core.package_identification:_identify(src/interbotix_ros_toolboxes/images) by extensions ['python_setup_py']
[0.147s] Level 1:colcon.colcon_core.package_identification:_identify(src/interbotix_ros_toolboxes/images) by extension 'python_setup_py'
[0.147s] Level 1:colcon.colcon_core.package_identification:_identify(src/interbotix_ros_toolboxes/interbotix_common_toolbox) by extensions ['ignore', 'ignore_ament_install']
[0.147s] Level 1:colcon.colcon_core.package_identification:_identify(src/interbotix_ros_toolboxes/interbotix_common_toolbox) by extension 'ignore'
[0.147s] Level 1:colcon.colcon_core.package_identification:_identify(src/interbotix_ros_toolboxes/interbotix_common_toolbox) by extension 'ignore_ament_install'
[0.147s] Level 1:colcon.colcon_core.package_identification:_identify(src/interbotix_ros_toolboxes/interbotix_common_toolbox) by extensions ['colcon_pkg']
[0.147s] Level 1:colcon.colcon_core.package_identification:_identify(src/interbotix_ros_toolboxes/interbotix_common_toolbox) by extension 'colcon_pkg'
[0.147s] Level 1:colcon.colcon_core.package_identification:_identify(src/interbotix_ros_toolboxes/interbotix_common_toolbox) by extensions ['colcon_meta']
[0.147s] Level 1:colcon.colcon_core.package_identification:_identify(src/interbotix_ros_toolboxes/interbotix_common_toolbox) by extension 'colcon_meta'
[0.147s] Level 1:colcon.colcon_core.package_identification:_identify(src/interbotix_ros_toolboxes/interbotix_common_toolbox) by extensions ['ros']
[0.147s] Level 1:colcon.colcon_core.package_identification:_identify(src/interbotix_ros_toolboxes/interbotix_common_toolbox) by extension 'ros'
[0.147s] Level 1:colcon.colcon_core.package_identification:_identify(src/interbotix_ros_toolboxes/interbotix_common_toolbox) by extensions ['cmake', 'python']
[0.147s] Level 1:colcon.colcon_core.package_identification:_identify(src/interbotix_ros_toolboxes/interbotix_common_toolbox) by extension 'cmake'
[0.147s] Level 1:colcon.colcon_core.package_identification:_identify(src/interbotix_ros_toolboxes/interbotix_common_toolbox) by extension 'python'
[0.147s] Level 1:colcon.colcon_core.package_identification:_identify(src/interbotix_ros_toolboxes/interbotix_common_toolbox) by extensions ['python_setup_py']
[0.147s] Level 1:colcon.colcon_core.package_identification:_identify(src/interbotix_ros_toolboxes/interbotix_common_toolbox) by extension 'python_setup_py'
[0.147s] Level 1:colcon.colcon_core.package_identification:_identify(src/interbotix_ros_toolboxes/interbotix_common_toolbox/interbotix_common_modules) by extensions ['ignore', 'ignore_ament_install']
[0.147s] Level 1:colcon.colcon_core.package_identification:_identify(src/interbotix_ros_toolboxes/interbotix_common_toolbox/interbotix_common_modules) by extension 'ignore'
[0.147s] Level 1:colcon.colcon_core.package_identification:_identify(src/interbotix_ros_toolboxes/interbotix_common_toolbox/interbotix_common_modules) by extension 'ignore_ament_install'
[0.147s] Level 1:colcon.colcon_core.package_identification:_identify(src/interbotix_ros_toolboxes/interbotix_common_toolbox/interbotix_common_modules) by extensions ['colcon_pkg']
[0.147s] Level 1:colcon.colcon_core.package_identification:_identify(src/interbotix_ros_toolboxes/interbotix_common_toolbox/interbotix_common_modules) by extension 'colcon_pkg'
[0.147s] Level 1:colcon.colcon_core.package_identification:_identify(src/interbotix_ros_toolboxes/interbotix_common_toolbox/interbotix_common_modules) by extensions ['colcon_meta']
[0.147s] Level 1:colcon.colcon_core.package_identification:_identify(src/interbotix_ros_toolboxes/interbotix_common_toolbox/interbotix_common_modules) by extension 'colcon_meta'
[0.147s] Level 1:colcon.colcon_core.package_identification:_identify(src/interbotix_ros_toolboxes/interbotix_common_toolbox/interbotix_common_modules) by extensions ['ros']
[0.147s] Level 1:colcon.colcon_core.package_identification:_identify(src/interbotix_ros_toolboxes/interbotix_common_toolbox/interbotix_common_modules) by extension 'ros'
[0.148s] DEBUG:colcon.colcon_core.package_identification:Package 'src/interbotix_ros_toolboxes/interbotix_common_toolbox/interbotix_common_modules' with type 'ros.ament_python' and name 'interbotix_common_modules'
[0.148s] Level 1:colcon.colcon_core.package_identification:_identify(src/interbotix_ros_toolboxes/interbotix_common_toolbox/interbotix_common_sim) by extensions ['ignore', 'ignore_ament_install']
[0.148s] Level 1:colcon.colcon_core.package_identification:_identify(src/interbotix_ros_toolboxes/interbotix_common_toolbox/interbotix_common_sim) by extension 'ignore'
[0.148s] Level 1:colcon.colcon_core.package_identification:_identify(src/interbotix_ros_toolboxes/interbotix_common_toolbox/interbotix_common_sim) by extension 'ignore_ament_install'
[0.148s] Level 1:colcon.colcon_core.package_identification:_identify(src/interbotix_ros_toolboxes/interbotix_common_toolbox/interbotix_common_sim) by extensions ['colcon_pkg']
[0.148s] Level 1:colcon.colcon_core.package_identification:_identify(src/interbotix_ros_toolboxes/interbotix_common_toolbox/interbotix_common_sim) by extension 'colcon_pkg'
[0.148s] Level 1:colcon.colcon_core.package_identification:_identify(src/interbotix_ros_toolboxes/interbotix_common_toolbox/interbotix_common_sim) by extensions ['colcon_meta']
[0.148s] Level 1:colcon.colcon_core.package_identification:_identify(src/interbotix_ros_toolboxes/interbotix_common_toolbox/interbotix_common_sim) by extension 'colcon_meta'
[0.148s] Level 1:colcon.colcon_core.package_identification:_identify(src/interbotix_ros_toolboxes/interbotix_common_toolbox/interbotix_common_sim) by extensions ['ros']
[0.148s] Level 1:colcon.colcon_core.package_identification:_identify(src/interbotix_ros_toolboxes/interbotix_common_toolbox/interbotix_common_sim) by extension 'ros'
[0.148s] DEBUG:colcon.colcon_core.package_identification:Package 'src/interbotix_ros_toolboxes/interbotix_common_toolbox/interbotix_common_sim' with type 'ros.ament_cmake' and name 'interbotix_common_sim'
[0.148s] Level 1:colcon.colcon_core.package_identification:_identify(src/interbotix_ros_toolboxes/interbotix_common_toolbox/interbotix_common_toolbox) by extensions ['ignore', 'ignore_ament_install']
[0.148s] Level 1:colcon.colcon_core.package_identification:_identify(src/interbotix_ros_toolboxes/interbotix_common_toolbox/interbotix_common_toolbox) by extension 'ignore'
[0.148s] Level 1:colcon.colcon_core.package_identification:_identify(src/interbotix_ros_toolboxes/interbotix_common_toolbox/interbotix_common_toolbox) by extension 'ignore_ament_install'
[0.148s] Level 1:colcon.colcon_core.package_identification:_identify(src/interbotix_ros_toolboxes/interbotix_common_toolbox/interbotix_common_toolbox) by extensions ['colcon_pkg']
[0.148s] Level 1:colcon.colcon_core.package_identification:_identify(src/interbotix_ros_toolboxes/interbotix_common_toolbox/interbotix_common_toolbox) by extension 'colcon_pkg'
[0.148s] Level 1:colcon.colcon_core.package_identification:_identify(src/interbotix_ros_toolboxes/interbotix_common_toolbox/interbotix_common_toolbox) by extensions ['colcon_meta']
[0.148s] Level 1:colcon.colcon_core.package_identification:_identify(src/interbotix_ros_toolboxes/interbotix_common_toolbox/interbotix_common_toolbox) by extension 'colcon_meta'
[0.148s] Level 1:colcon.colcon_core.package_identification:_identify(src/interbotix_ros_toolboxes/interbotix_common_toolbox/interbotix_common_toolbox) by extensions ['ros']
[0.148s] Level 1:colcon.colcon_core.package_identification:_identify(src/interbotix_ros_toolboxes/interbotix_common_toolbox/interbotix_common_toolbox) by extension 'ros'
[0.148s] DEBUG:colcon.colcon_core.package_identification:Package 'src/interbotix_ros_toolboxes/interbotix_common_toolbox/interbotix_common_toolbox' with type 'ros.ament_cmake' and name 'interbotix_common_toolbox'
[0.148s] Level 1:colcon.colcon_core.package_identification:_identify(src/interbotix_ros_toolboxes/interbotix_common_toolbox/interbotix_gravity_compensation) by extensions ['ignore', 'ignore_ament_install']
[0.148s] Level 1:colcon.colcon_core.package_identification:_identify(src/interbotix_ros_toolboxes/interbotix_common_toolbox/interbotix_gravity_compensation) by extension 'ignore'
[0.148s] Level 1:colcon.colcon_core.package_identification:_identify(src/interbotix_ros_toolboxes/interbotix_common_toolbox/interbotix_gravity_compensation) by extension 'ignore_ament_install'
[0.148s] Level 1:colcon.colcon_core.package_identification:_identify(src/interbotix_ros_toolboxes/interbotix_common_toolbox/interbotix_gravity_compensation) by extensions ['colcon_pkg']
[0.148s] Level 1:colcon.colcon_core.package_identification:_identify(src/interbotix_ros_toolboxes/interbotix_common_toolbox/interbotix_gravity_compensation) by extension 'colcon_pkg'
[0.148s] Level 1:colcon.colcon_core.package_identification:_identify(src/interbotix_ros_toolboxes/interbotix_common_toolbox/interbotix_gravity_compensation) by extensions ['colcon_meta']
[0.149s] Level 1:colcon.colcon_core.package_identification:_identify(src/interbotix_ros_toolboxes/interbotix_common_toolbox/interbotix_gravity_compensation) by extension 'colcon_meta'
[0.149s] Level 1:colcon.colcon_core.package_identification:_identify(src/interbotix_ros_toolboxes/interbotix_common_toolbox/interbotix_gravity_compensation) by extensions ['ros']
[0.149s] Level 1:colcon.colcon_core.package_identification:_identify(src/interbotix_ros_toolboxes/interbotix_common_toolbox/interbotix_gravity_compensation) by extension 'ros'
[0.149s] DEBUG:colcon.colcon_core.package_identification:Package 'src/interbotix_ros_toolboxes/interbotix_common_toolbox/interbotix_gravity_compensation' with type 'ros.ament_cmake' and name 'interbotix_gravity_compensation'
[0.149s] Level 1:colcon.colcon_core.package_identification:_identify(src/interbotix_ros_toolboxes/interbotix_common_toolbox/interbotix_landmark_modules) by extensions ['ignore', 'ignore_ament_install']
[0.149s] Level 1:colcon.colcon_core.package_identification:_identify(src/interbotix_ros_toolboxes/interbotix_common_toolbox/interbotix_landmark_modules) by extension 'ignore'
[0.149s] Level 1:colcon.colcon_core.package_identification:_identify(src/interbotix_ros_toolboxes/interbotix_common_toolbox/interbotix_landmark_modules) ignored
[0.149s] Level 1:colcon.colcon_core.package_identification:_identify(src/interbotix_ros_toolboxes/interbotix_common_toolbox/interbotix_moveit_interface) by extensions ['ignore', 'ignore_ament_install']
[0.149s] Level 1:colcon.colcon_core.package_identification:_identify(src/interbotix_ros_toolboxes/interbotix_common_toolbox/interbotix_moveit_interface) by extension 'ignore'
[0.149s] Level 1:colcon.colcon_core.package_identification:_identify(src/interbotix_ros_toolboxes/interbotix_common_toolbox/interbotix_moveit_interface) by extension 'ignore_ament_install'
[0.149s] Level 1:colcon.colcon_core.package_identification:_identify(src/interbotix_ros_toolboxes/interbotix_common_toolbox/interbotix_moveit_interface) by extensions ['colcon_pkg']
[0.149s] Level 1:colcon.colcon_core.package_identification:_identify(src/interbotix_ros_toolboxes/interbotix_common_toolbox/interbotix_moveit_interface) by extension 'colcon_pkg'
[0.149s] Level 1:colcon.colcon_core.package_identification:_identify(src/interbotix_ros_toolboxes/interbotix_common_toolbox/interbotix_moveit_interface) by extensions ['colcon_meta']
[0.149s] Level 1:colcon.colcon_core.package_identification:_identify(src/interbotix_ros_toolboxes/interbotix_common_toolbox/interbotix_moveit_interface) by extension 'colcon_meta'
[0.149s] Level 1:colcon.colcon_core.package_identification:_identify(src/interbotix_ros_toolboxes/interbotix_common_toolbox/interbotix_moveit_interface) by extensions ['ros']
[0.149s] Level 1:colcon.colcon_core.package_identification:_identify(src/interbotix_ros_toolboxes/interbotix_common_toolbox/interbotix_moveit_interface) by extension 'ros'
[0.150s] DEBUG:colcon.colcon_core.package_identification:Package 'src/interbotix_ros_toolboxes/interbotix_common_toolbox/interbotix_moveit_interface' with type 'ros.ament_cmake' and name 'interbotix_moveit_interface'
[0.150s] Level 1:colcon.colcon_core.package_identification:_identify(src/interbotix_ros_toolboxes/interbotix_common_toolbox/interbotix_moveit_interface_msgs) by extensions ['ignore', 'ignore_ament_install']
[0.150s] Level 1:colcon.colcon_core.package_identification:_identify(src/interbotix_ros_toolboxes/interbotix_common_toolbox/interbotix_moveit_interface_msgs) by extension 'ignore'
[0.150s] Level 1:colcon.colcon_core.package_identification:_identify(src/interbotix_ros_toolboxes/interbotix_common_toolbox/interbotix_moveit_interface_msgs) by extension 'ignore_ament_install'
[0.150s] Level 1:colcon.colcon_core.package_identification:_identify(src/interbotix_ros_toolboxes/interbotix_common_toolbox/interbotix_moveit_interface_msgs) by extensions ['colcon_pkg']
[0.150s] Level 1:colcon.colcon_core.package_identification:_identify(src/interbotix_ros_toolboxes/interbotix_common_toolbox/interbotix_moveit_interface_msgs) by extension 'colcon_pkg'
[0.150s] Level 1:colcon.colcon_core.package_identification:_identify(src/interbotix_ros_toolboxes/interbotix_common_toolbox/interbotix_moveit_interface_msgs) by extensions ['colcon_meta']
[0.150s] Level 1:colcon.colcon_core.package_identification:_identify(src/interbotix_ros_toolboxes/interbotix_common_toolbox/interbotix_moveit_interface_msgs) by extension 'colcon_meta'
[0.150s] Level 1:colcon.colcon_core.package_identification:_identify(src/interbotix_ros_toolboxes/interbotix_common_toolbox/interbotix_moveit_interface_msgs) by extensions ['ros']
[0.150s] Level 1:colcon.colcon_core.package_identification:_identify(src/interbotix_ros_toolboxes/interbotix_common_toolbox/interbotix_moveit_interface_msgs) by extension 'ros'
[0.150s] DEBUG:colcon.colcon_core.package_identification:Package 'src/interbotix_ros_toolboxes/interbotix_common_toolbox/interbotix_moveit_interface_msgs' with type 'ros.ament_cmake' and name 'interbotix_moveit_interface_msgs'
[0.150s] Level 1:colcon.colcon_core.package_identification:_identify(src/interbotix_ros_toolboxes/interbotix_common_toolbox/interbotix_tf_tools) by extensions ['ignore', 'ignore_ament_install']
[0.150s] Level 1:colcon.colcon_core.package_identification:_identify(src/interbotix_ros_toolboxes/interbotix_common_toolbox/interbotix_tf_tools) by extension 'ignore'
[0.150s] Level 1:colcon.colcon_core.package_identification:_identify(src/interbotix_ros_toolboxes/interbotix_common_toolbox/interbotix_tf_tools) by extension 'ignore_ament_install'
[0.150s] Level 1:colcon.colcon_core.package_identification:_identify(src/interbotix_ros_toolboxes/interbotix_common_toolbox/interbotix_tf_tools) by extensions ['colcon_pkg']
[0.150s] Level 1:colcon.colcon_core.package_identification:_identify(src/interbotix_ros_toolboxes/interbotix_common_toolbox/interbotix_tf_tools) by extension 'colcon_pkg'
[0.150s] Level 1:colcon.colcon_core.package_identification:_identify(src/interbotix_ros_toolboxes/interbotix_common_toolbox/interbotix_tf_tools) by extensions ['colcon_meta']
[0.150s] Level 1:colcon.colcon_core.package_identification:_identify(src/interbotix_ros_toolboxes/interbotix_common_toolbox/interbotix_tf_tools) by extension 'colcon_meta'
[0.150s] Level 1:colcon.colcon_core.package_identification:_identify(src/interbotix_ros_toolboxes/interbotix_common_toolbox/interbotix_tf_tools) by extensions ['ros']
[0.150s] Level 1:colcon.colcon_core.package_identification:_identify(src/interbotix_ros_toolboxes/interbotix_common_toolbox/interbotix_tf_tools) by extension 'ros'
[0.151s] DEBUG:colcon.colcon_core.package_identification:Package 'src/interbotix_ros_toolboxes/interbotix_common_toolbox/interbotix_tf_tools' with type 'ros.ament_cmake' and name 'interbotix_tf_tools'
[0.151s] Level 1:colcon.colcon_core.package_identification:_identify(src/interbotix_ros_toolboxes/interbotix_io_toolbox) by extensions ['ignore', 'ignore_ament_install']
[0.151s] Level 1:colcon.colcon_core.package_identification:_identify(src/interbotix_ros_toolboxes/interbotix_io_toolbox) by extension 'ignore'
[0.151s] Level 1:colcon.colcon_core.package_identification:_identify(src/interbotix_ros_toolboxes/interbotix_io_toolbox) ignored
[0.151s] Level 1:colcon.colcon_core.package_identification:_identify(src/interbotix_ros_toolboxes/interbotix_perception_toolbox) by extensions ['ignore', 'ignore_ament_install']
[0.151s] Level 1:colcon.colcon_core.package_identification:_identify(src/interbotix_ros_toolboxes/interbotix_perception_toolbox) by extension 'ignore'
[0.151s] Level 1:colcon.colcon_core.package_identification:_identify(src/interbotix_ros_toolboxes/interbotix_perception_toolbox) by extension 'ignore_ament_install'
[0.151s] Level 1:colcon.colcon_core.package_identification:_identify(src/interbotix_ros_toolboxes/interbotix_perception_toolbox) by extensions ['colcon_pkg']
[0.151s] Level 1:colcon.colcon_core.package_identification:_identify(src/interbotix_ros_toolboxes/interbotix_perception_toolbox) by extension 'colcon_pkg'
[0.151s] Level 1:colcon.colcon_core.package_identification:_identify(src/interbotix_ros_toolboxes/interbotix_perception_toolbox) by extensions ['colcon_meta']
[0.151s] Level 1:colcon.colcon_core.package_identification:_identify(src/interbotix_ros_toolboxes/interbotix_perception_toolbox) by extension 'colcon_meta'
[0.151s] Level 1:colcon.colcon_core.package_identification:_identify(src/interbotix_ros_toolboxes/interbotix_perception_toolbox) by extensions ['ros']
[0.151s] Level 1:colcon.colcon_core.package_identification:_identify(src/interbotix_ros_toolboxes/interbotix_perception_toolbox) by extension 'ros'
[0.151s] Level 1:colcon.colcon_core.package_identification:_identify(src/interbotix_ros_toolboxes/interbotix_perception_toolbox) by extensions ['cmake', 'python']
[0.151s] Level 1:colcon.colcon_core.package_identification:_identify(src/interbotix_ros_toolboxes/interbotix_perception_toolbox) by extension 'cmake'
[0.151s] Level 1:colcon.colcon_core.package_identification:_identify(src/interbotix_ros_toolboxes/interbotix_perception_toolbox) by extension 'python'
[0.151s] Level 1:colcon.colcon_core.package_identification:_identify(src/interbotix_ros_toolboxes/interbotix_perception_toolbox) by extensions ['python_setup_py']
[0.151s] Level 1:colcon.colcon_core.package_identification:_identify(src/interbotix_ros_toolboxes/interbotix_perception_toolbox) by extension 'python_setup_py'
[0.151s] Level 1:colcon.colcon_core.package_identification:_identify(src/interbotix_ros_toolboxes/interbotix_perception_toolbox/interbotix_perception_modules) by extensions ['ignore', 'ignore_ament_install']
[0.151s] Level 1:colcon.colcon_core.package_identification:_identify(src/interbotix_ros_toolboxes/interbotix_perception_toolbox/interbotix_perception_modules) by extension 'ignore'
[0.151s] Level 1:colcon.colcon_core.package_identification:_identify(src/interbotix_ros_toolboxes/interbotix_perception_toolbox/interbotix_perception_modules) by extension 'ignore_ament_install'
[0.151s] Level 1:colcon.colcon_core.package_identification:_identify(src/interbotix_ros_toolboxes/interbotix_perception_toolbox/interbotix_perception_modules) by extensions ['colcon_pkg']
[0.151s] Level 1:colcon.colcon_core.package_identification:_identify(src/interbotix_ros_toolboxes/interbotix_perception_toolbox/interbotix_perception_modules) by extension 'colcon_pkg'
[0.151s] Level 1:colcon.colcon_core.package_identification:_identify(src/interbotix_ros_toolboxes/interbotix_perception_toolbox/interbotix_perception_modules) by extensions ['colcon_meta']
[0.151s] Level 1:colcon.colcon_core.package_identification:_identify(src/interbotix_ros_toolboxes/interbotix_perception_toolbox/interbotix_perception_modules) by extension 'colcon_meta'
[0.151s] Level 1:colcon.colcon_core.package_identification:_identify(src/interbotix_ros_toolboxes/interbotix_perception_toolbox/interbotix_perception_modules) by extensions ['ros']
[0.151s] Level 1:colcon.colcon_core.package_identification:_identify(src/interbotix_ros_toolboxes/interbotix_perception_toolbox/interbotix_perception_modules) by extension 'ros'
[0.152s] DEBUG:colcon.colcon_core.package_identification:Package 'src/interbotix_ros_toolboxes/interbotix_perception_toolbox/interbotix_perception_modules' with type 'ros.ament_python' and name 'interbotix_perception_modules'
[0.152s] Level 1:colcon.colcon_core.package_identification:_identify(src/interbotix_ros_toolboxes/interbotix_perception_toolbox/interbotix_perception_msgs) by extensions ['ignore', 'ignore_ament_install']
[0.152s] Level 1:colcon.colcon_core.package_identification:_identify(src/interbotix_ros_toolboxes/interbotix_perception_toolbox/interbotix_perception_msgs) by extension 'ignore'
[0.152s] Level 1:colcon.colcon_core.package_identification:_identify(src/interbotix_ros_toolboxes/interbotix_perception_toolbox/interbotix_perception_msgs) by extension 'ignore_ament_install'
[0.152s] Level 1:colcon.colcon_core.package_identification:_identify(src/interbotix_ros_toolboxes/interbotix_perception_toolbox/interbotix_perception_msgs) by extensions ['colcon_pkg']
[0.152s] Level 1:colcon.colcon_core.package_identification:_identify(src/interbotix_ros_toolboxes/interbotix_perception_toolbox/interbotix_perception_msgs) by extension 'colcon_pkg'
[0.152s] Level 1:colcon.colcon_core.package_identification:_identify(src/interbotix_ros_toolboxes/interbotix_perception_toolbox/interbotix_perception_msgs) by extensions ['colcon_meta']
[0.152s] Level 1:colcon.colcon_core.package_identification:_identify(src/interbotix_ros_toolboxes/interbotix_perception_toolbox/interbotix_perception_msgs) by extension 'colcon_meta'
[0.152s] Level 1:colcon.colcon_core.package_identification:_identify(src/interbotix_ros_toolboxes/interbotix_perception_toolbox/interbotix_perception_msgs) by extensions ['ros']
[0.152s] Level 1:colcon.colcon_core.package_identification:_identify(src/interbotix_ros_toolboxes/interbotix_perception_toolbox/interbotix_perception_msgs) by extension 'ros'
[0.153s] DEBUG:colcon.colcon_core.package_identification:Package 'src/interbotix_ros_toolboxes/interbotix_perception_toolbox/interbotix_perception_msgs' with type 'ros.ament_cmake' and name 'interbotix_perception_msgs'
[0.153s] Level 1:colcon.colcon_core.package_identification:_identify(src/interbotix_ros_toolboxes/interbotix_perception_toolbox/interbotix_perception_pipelines) by extensions ['ignore', 'ignore_ament_install']
[0.153s] Level 1:colcon.colcon_core.package_identification:_identify(src/interbotix_ros_toolboxes/interbotix_perception_toolbox/interbotix_perception_pipelines) by extension 'ignore'
[0.153s] Level 1:colcon.colcon_core.package_identification:_identify(src/interbotix_ros_toolboxes/interbotix_perception_toolbox/interbotix_perception_pipelines) by extension 'ignore_ament_install'
[0.153s] Level 1:colcon.colcon_core.package_identification:_identify(src/interbotix_ros_toolboxes/interbotix_perception_toolbox/interbotix_perception_pipelines) by extensions ['colcon_pkg']
[0.153s] Level 1:colcon.colcon_core.package_identification:_identify(src/interbotix_ros_toolboxes/interbotix_perception_toolbox/interbotix_perception_pipelines) by extension 'colcon_pkg'
[0.153s] Level 1:colcon.colcon_core.package_identification:_identify(src/interbotix_ros_toolboxes/interbotix_perception_toolbox/interbotix_perception_pipelines) by extensions ['colcon_meta']
[0.153s] Level 1:colcon.colcon_core.package_identification:_identify(src/interbotix_ros_toolboxes/interbotix_perception_toolbox/interbotix_perception_pipelines) by extension 'colcon_meta'
[0.153s] Level 1:colcon.colcon_core.package_identification:_identify(src/interbotix_ros_toolboxes/interbotix_perception_toolbox/interbotix_perception_pipelines) by extensions ['ros']
[0.153s] Level 1:colcon.colcon_core.package_identification:_identify(src/interbotix_ros_toolboxes/interbotix_perception_toolbox/interbotix_perception_pipelines) by extension 'ros'
[0.153s] DEBUG:colcon.colcon_core.package_identification:Package 'src/interbotix_ros_toolboxes/interbotix_perception_toolbox/interbotix_perception_pipelines' with type 'ros.ament_cmake' and name 'interbotix_perception_pipelines'
[0.153s] Level 1:colcon.colcon_core.package_identification:_identify(src/interbotix_ros_toolboxes/interbotix_perception_toolbox/interbotix_perception_toolbox) by extensions ['ignore', 'ignore_ament_install']
[0.154s] Level 1:colcon.colcon_core.package_identification:_identify(src/interbotix_ros_toolboxes/interbotix_perception_toolbox/interbotix_perception_toolbox) by extension 'ignore'
[0.154s] Level 1:colcon.colcon_core.package_identification:_identify(src/interbotix_ros_toolboxes/interbotix_perception_toolbox/interbotix_perception_toolbox) by extension 'ignore_ament_install'
[0.154s] Level 1:colcon.colcon_core.package_identification:_identify(src/interbotix_ros_toolboxes/interbotix_perception_toolbox/interbotix_perception_toolbox) by extensions ['colcon_pkg']
[0.154s] Level 1:colcon.colcon_core.package_identification:_identify(src/interbotix_ros_toolboxes/interbotix_perception_toolbox/interbotix_perception_toolbox) by extension 'colcon_pkg'
[0.154s] Level 1:colcon.colcon_core.package_identification:_identify(src/interbotix_ros_toolboxes/interbotix_perception_toolbox/interbotix_perception_toolbox) by extensions ['colcon_meta']
[0.154s] Level 1:colcon.colcon_core.package_identification:_identify(src/interbotix_ros_toolboxes/interbotix_perception_toolbox/interbotix_perception_toolbox) by extension 'colcon_meta'
[0.154s] Level 1:colcon.colcon_core.package_identification:_identify(src/interbotix_ros_toolboxes/interbotix_perception_toolbox/interbotix_perception_toolbox) by extensions ['ros']
[0.154s] Level 1:colcon.colcon_core.package_identification:_identify(src/interbotix_ros_toolboxes/interbotix_perception_toolbox/interbotix_perception_toolbox) by extension 'ros'
[0.154s] DEBUG:colcon.colcon_core.package_identification:Package 'src/interbotix_ros_toolboxes/interbotix_perception_toolbox/interbotix_perception_toolbox' with type 'ros.ament_cmake' and name 'interbotix_perception_toolbox'
[0.154s] Level 1:colcon.colcon_core.package_identification:_identify(src/interbotix_ros_toolboxes/interbotix_rpi_toolbox) by extensions ['ignore', 'ignore_ament_install']
[0.154s] Level 1:colcon.colcon_core.package_identification:_identify(src/interbotix_ros_toolboxes/interbotix_rpi_toolbox) by extension 'ignore'
[0.154s] Level 1:colcon.colcon_core.package_identification:_identify(src/interbotix_ros_toolboxes/interbotix_rpi_toolbox) ignored
[0.154s] Level 1:colcon.colcon_core.package_identification:_identify(src/interbotix_ros_toolboxes/interbotix_xs_toolbox) by extensions ['ignore', 'ignore_ament_install']
[0.154s] Level 1:colcon.colcon_core.package_identification:_identify(src/interbotix_ros_toolboxes/interbotix_xs_toolbox) by extension 'ignore'
[0.154s] Level 1:colcon.colcon_core.package_identification:_identify(src/interbotix_ros_toolboxes/interbotix_xs_toolbox) by extension 'ignore_ament_install'
[0.154s] Level 1:colcon.colcon_core.package_identification:_identify(src/interbotix_ros_toolboxes/interbotix_xs_toolbox) by extensions ['colcon_pkg']
[0.154s] Level 1:colcon.colcon_core.package_identification:_identify(src/interbotix_ros_toolboxes/interbotix_xs_toolbox) by extension 'colcon_pkg'
[0.154s] Level 1:colcon.colcon_core.package_identification:_identify(src/interbotix_ros_toolboxes/interbotix_xs_toolbox) by extensions ['colcon_meta']
[0.154s] Level 1:colcon.colcon_core.package_identification:_identify(src/interbotix_ros_toolboxes/interbotix_xs_toolbox) by extension 'colcon_meta'
[0.154s] Level 1:colcon.colcon_core.package_identification:_identify(src/interbotix_ros_toolboxes/interbotix_xs_toolbox) by extensions ['ros']
[0.154s] Level 1:colcon.colcon_core.package_identification:_identify(src/interbotix_ros_toolboxes/interbotix_xs_toolbox) by extension 'ros'
[0.154s] Level 1:colcon.colcon_core.package_identification:_identify(src/interbotix_ros_toolboxes/interbotix_xs_toolbox) by extensions ['cmake', 'python']
[0.154s] Level 1:colcon.colcon_core.package_identification:_identify(src/interbotix_ros_toolboxes/interbotix_xs_toolbox) by extension 'cmake'
[0.154s] Level 1:colcon.colcon_core.package_identification:_identify(src/interbotix_ros_toolboxes/interbotix_xs_toolbox) by extension 'python'
[0.154s] Level 1:colcon.colcon_core.package_identification:_identify(src/interbotix_ros_toolboxes/interbotix_xs_toolbox) by extensions ['python_setup_py']
[0.154s] Level 1:colcon.colcon_core.package_identification:_identify(src/interbotix_ros_toolboxes/interbotix_xs_toolbox) by extension 'python_setup_py'
[0.154s] Level 1:colcon.colcon_core.package_identification:_identify(src/interbotix_ros_toolboxes/interbotix_xs_toolbox/interbotix_xs_modules) by extensions ['ignore', 'ignore_ament_install']
[0.154s] Level 1:colcon.colcon_core.package_identification:_identify(src/interbotix_ros_toolboxes/interbotix_xs_toolbox/interbotix_xs_modules) by extension 'ignore'
[0.154s] Level 1:colcon.colcon_core.package_identification:_identify(src/interbotix_ros_toolboxes/interbotix_xs_toolbox/interbotix_xs_modules) by extension 'ignore_ament_install'
[0.154s] Level 1:colcon.colcon_core.package_identification:_identify(src/interbotix_ros_toolboxes/interbotix_xs_toolbox/interbotix_xs_modules) by extensions ['colcon_pkg']
[0.154s] Level 1:colcon.colcon_core.package_identification:_identify(src/interbotix_ros_toolboxes/interbotix_xs_toolbox/interbotix_xs_modules) by extension 'colcon_pkg'
[0.154s] Level 1:colcon.colcon_core.package_identification:_identify(src/interbotix_ros_toolboxes/interbotix_xs_toolbox/interbotix_xs_modules) by extensions ['colcon_meta']
[0.154s] Level 1:colcon.colcon_core.package_identification:_identify(src/interbotix_ros_toolboxes/interbotix_xs_toolbox/interbotix_xs_modules) by extension 'colcon_meta'
[0.154s] Level 1:colcon.colcon_core.package_identification:_identify(src/interbotix_ros_toolboxes/interbotix_xs_toolbox/interbotix_xs_modules) by extensions ['ros']
[0.154s] Level 1:colcon.colcon_core.package_identification:_identify(src/interbotix_ros_toolboxes/interbotix_xs_toolbox/interbotix_xs_modules) by extension 'ros'
[0.155s] DEBUG:colcon.colcon_core.package_identification:Package 'src/interbotix_ros_toolboxes/interbotix_xs_toolbox/interbotix_xs_modules' with type 'ros.ament_python' and name 'interbotix_xs_modules'
[0.155s] Level 1:colcon.colcon_core.package_identification:_identify(src/interbotix_ros_toolboxes/interbotix_xs_toolbox/interbotix_xs_ros_control) by extensions ['ignore', 'ignore_ament_install']
[0.155s] Level 1:colcon.colcon_core.package_identification:_identify(src/interbotix_ros_toolboxes/interbotix_xs_toolbox/interbotix_xs_ros_control) by extension 'ignore'
[0.155s] Level 1:colcon.colcon_core.package_identification:_identify(src/interbotix_ros_toolboxes/interbotix_xs_toolbox/interbotix_xs_ros_control) by extension 'ignore_ament_install'
[0.155s] Level 1:colcon.colcon_core.package_identification:_identify(src/interbotix_ros_toolboxes/interbotix_xs_toolbox/interbotix_xs_ros_control) by extensions ['colcon_pkg']
[0.155s] Level 1:colcon.colcon_core.package_identification:_identify(src/interbotix_ros_toolboxes/interbotix_xs_toolbox/interbotix_xs_ros_control) by extension 'colcon_pkg'
[0.155s] Level 1:colcon.colcon_core.package_identification:_identify(src/interbotix_ros_toolboxes/interbotix_xs_toolbox/interbotix_xs_ros_control) by extensions ['colcon_meta']
[0.155s] Level 1:colcon.colcon_core.package_identification:_identify(src/interbotix_ros_toolboxes/interbotix_xs_toolbox/interbotix_xs_ros_control) by extension 'colcon_meta'
[0.155s] Level 1:colcon.colcon_core.package_identification:_identify(src/interbotix_ros_toolboxes/interbotix_xs_toolbox/interbotix_xs_ros_control) by extensions ['ros']
[0.155s] Level 1:colcon.colcon_core.package_identification:_identify(src/interbotix_ros_toolboxes/interbotix_xs_toolbox/interbotix_xs_ros_control) by extension 'ros'
[0.155s] DEBUG:colcon.colcon_core.package_identification:Package 'src/interbotix_ros_toolboxes/interbotix_xs_toolbox/interbotix_xs_ros_control' with type 'ros.ament_cmake' and name 'interbotix_xs_ros_control'
[0.156s] Level 1:colcon.colcon_core.package_identification:_identify(src/interbotix_ros_toolboxes/interbotix_xs_toolbox/interbotix_xs_rviz) by extensions ['ignore', 'ignore_ament_install']
[0.156s] Level 1:colcon.colcon_core.package_identification:_identify(src/interbotix_ros_toolboxes/interbotix_xs_toolbox/interbotix_xs_rviz) by extension 'ignore'
[0.156s] Level 1:colcon.colcon_core.package_identification:_identify(src/interbotix_ros_toolboxes/interbotix_xs_toolbox/interbotix_xs_rviz) by extension 'ignore_ament_install'
[0.156s] Level 1:colcon.colcon_core.package_identification:_identify(src/interbotix_ros_toolboxes/interbotix_xs_toolbox/interbotix_xs_rviz) by extensions ['colcon_pkg']
[0.156s] Level 1:colcon.colcon_core.package_identification:_identify(src/interbotix_ros_toolboxes/interbotix_xs_toolbox/interbotix_xs_rviz) by extension 'colcon_pkg'
[0.156s] Level 1:colcon.colcon_core.package_identification:_identify(src/interbotix_ros_toolboxes/interbotix_xs_toolbox/interbotix_xs_rviz) by extensions ['colcon_meta']
[0.156s] Level 1:colcon.colcon_core.package_identification:_identify(src/interbotix_ros_toolboxes/interbotix_xs_toolbox/interbotix_xs_rviz) by extension 'colcon_meta'
[0.156s] Level 1:colcon.colcon_core.package_identification:_identify(src/interbotix_ros_toolboxes/interbotix_xs_toolbox/interbotix_xs_rviz) by extensions ['ros']
[0.156s] Level 1:colcon.colcon_core.package_identification:_identify(src/interbotix_ros_toolboxes/interbotix_xs_toolbox/interbotix_xs_rviz) by extension 'ros'
[0.156s] DEBUG:colcon.colcon_core.package_identification:Package 'src/interbotix_ros_toolboxes/interbotix_xs_toolbox/interbotix_xs_rviz' with type 'ros.ament_cmake' and name 'interbotix_xs_rviz'
[0.156s] Level 1:colcon.colcon_core.package_identification:_identify(src/interbotix_ros_toolboxes/interbotix_xs_toolbox/interbotix_xs_toolbox) by extensions ['ignore', 'ignore_ament_install']
[0.156s] Level 1:colcon.colcon_core.package_identification:_identify(src/interbotix_ros_toolboxes/interbotix_xs_toolbox/interbotix_xs_toolbox) by extension 'ignore'
[0.156s] Level 1:colcon.colcon_core.package_identification:_identify(src/interbotix_ros_toolboxes/interbotix_xs_toolbox/interbotix_xs_toolbox) by extension 'ignore_ament_install'
[0.156s] Level 1:colcon.colcon_core.package_identification:_identify(src/interbotix_ros_toolboxes/interbotix_xs_toolbox/interbotix_xs_toolbox) by extensions ['colcon_pkg']
[0.156s] Level 1:colcon.colcon_core.package_identification:_identify(src/interbotix_ros_toolboxes/interbotix_xs_toolbox/interbotix_xs_toolbox) by extension 'colcon_pkg'
[0.156s] Level 1:colcon.colcon_core.package_identification:_identify(src/interbotix_ros_toolboxes/interbotix_xs_toolbox/interbotix_xs_toolbox) by extensions ['colcon_meta']
[0.156s] Level 1:colcon.colcon_core.package_identification:_identify(src/interbotix_ros_toolboxes/interbotix_xs_toolbox/interbotix_xs_toolbox) by extension 'colcon_meta'
[0.156s] Level 1:colcon.colcon_core.package_identification:_identify(src/interbotix_ros_toolboxes/interbotix_xs_toolbox/interbotix_xs_toolbox) by extensions ['ros']
[0.156s] Level 1:colcon.colcon_core.package_identification:_identify(src/interbotix_ros_toolboxes/interbotix_xs_toolbox/interbotix_xs_toolbox) by extension 'ros'
[0.157s] DEBUG:colcon.colcon_core.package_identification:Package 'src/interbotix_ros_toolboxes/interbotix_xs_toolbox/interbotix_xs_toolbox' with type 'ros.ament_cmake' and name 'interbotix_xs_toolbox'
[0.157s] Level 1:colcon.colcon_core.package_identification:_identify(src/interbotix_ros_toolboxes/third_party_libraries) by extensions ['ignore', 'ignore_ament_install']
[0.157s] Level 1:colcon.colcon_core.package_identification:_identify(src/interbotix_ros_toolboxes/third_party_libraries) by extension 'ignore'
[0.157s] Level 1:colcon.colcon_core.package_identification:_identify(src/interbotix_ros_toolboxes/third_party_libraries) by extension 'ignore_ament_install'
[0.157s] Level 1:colcon.colcon_core.package_identification:_identify(src/interbotix_ros_toolboxes/third_party_libraries) by extensions ['colcon_pkg']
[0.157s] Level 1:colcon.colcon_core.package_identification:_identify(src/interbotix_ros_toolboxes/third_party_libraries) by extension 'colcon_pkg'
[0.157s] Level 1:colcon.colcon_core.package_identification:_identify(src/interbotix_ros_toolboxes/third_party_libraries) by extensions ['colcon_meta']
[0.157s] Level 1:colcon.colcon_core.package_identification:_identify(src/interbotix_ros_toolboxes/third_party_libraries) by extension 'colcon_meta'
[0.157s] Level 1:colcon.colcon_core.package_identification:_identify(src/interbotix_ros_toolboxes/third_party_libraries) by extensions ['ros']
[0.157s] Level 1:colcon.colcon_core.package_identification:_identify(src/interbotix_ros_toolboxes/third_party_libraries) by extension 'ros'
[0.157s] Level 1:colcon.colcon_core.package_identification:_identify(src/interbotix_ros_toolboxes/third_party_libraries) by extensions ['cmake', 'python']
[0.157s] Level 1:colcon.colcon_core.package_identification:_identify(src/interbotix_ros_toolboxes/third_party_libraries) by extension 'cmake'
[0.157s] Level 1:colcon.colcon_core.package_identification:_identify(src/interbotix_ros_toolboxes/third_party_libraries) by extension 'python'
[0.157s] Level 1:colcon.colcon_core.package_identification:_identify(src/interbotix_ros_toolboxes/third_party_libraries) by extensions ['python_setup_py']
[0.157s] Level 1:colcon.colcon_core.package_identification:_identify(src/interbotix_ros_toolboxes/third_party_libraries) by extension 'python_setup_py'
[0.157s] Level 1:colcon.colcon_core.package_identification:_identify(src/interbotix_ros_toolboxes/third_party_libraries/ModernRobotics) by extensions ['ignore', 'ignore_ament_install']
[0.157s] Level 1:colcon.colcon_core.package_identification:_identify(src/interbotix_ros_toolboxes/third_party_libraries/ModernRobotics) by extension 'ignore'
[0.157s] Level 1:colcon.colcon_core.package_identification:_identify(src/interbotix_ros_toolboxes/third_party_libraries/ModernRobotics) by extension 'ignore_ament_install'
[0.157s] Level 1:colcon.colcon_core.package_identification:_identify(src/interbotix_ros_toolboxes/third_party_libraries/ModernRobotics) by extensions ['colcon_pkg']
[0.157s] Level 1:colcon.colcon_core.package_identification:_identify(src/interbotix_ros_toolboxes/third_party_libraries/ModernRobotics) by extension 'colcon_pkg'
[0.157s] Level 1:colcon.colcon_core.package_identification:_identify(src/interbotix_ros_toolboxes/third_party_libraries/ModernRobotics) by extensions ['colcon_meta']
[0.157s] Level 1:colcon.colcon_core.package_identification:_identify(src/interbotix_ros_toolboxes/third_party_libraries/ModernRobotics) by extension 'colcon_meta'
[0.157s] Level 1:colcon.colcon_core.package_identification:_identify(src/interbotix_ros_toolboxes/third_party_libraries/ModernRobotics) by extensions ['ros']
[0.157s] Level 1:colcon.colcon_core.package_identification:_identify(src/interbotix_ros_toolboxes/third_party_libraries/ModernRobotics) by extension 'ros'
[0.157s] Level 1:colcon.colcon_core.package_identification:_identify(src/interbotix_ros_toolboxes/third_party_libraries/ModernRobotics) by extensions ['cmake', 'python']
[0.157s] Level 1:colcon.colcon_core.package_identification:_identify(src/interbotix_ros_toolboxes/third_party_libraries/ModernRobotics) by extension 'cmake'
[0.157s] Level 1:colcon.colcon_core.package_identification:_identify(src/interbotix_ros_toolboxes/third_party_libraries/ModernRobotics) by extension 'python'
[0.157s] Level 1:colcon.colcon_core.package_identification:_identify(src/interbotix_ros_toolboxes/third_party_libraries/ModernRobotics) by extensions ['python_setup_py']
[0.157s] Level 1:colcon.colcon_core.package_identification:_identify(src/interbotix_ros_toolboxes/third_party_libraries/ModernRobotics) by extension 'python_setup_py'
[0.157s] Level 1:colcon.colcon_core.package_identification:_identify(src/interbotix_ros_toolboxes/third_party_libraries/ModernRobotics/mr) by extensions ['ignore', 'ignore_ament_install']
[0.157s] Level 1:colcon.colcon_core.package_identification:_identify(src/interbotix_ros_toolboxes/third_party_libraries/ModernRobotics/mr) by extension 'ignore'
[0.157s] Level 1:colcon.colcon_core.package_identification:_identify(src/interbotix_ros_toolboxes/third_party_libraries/ModernRobotics/mr) by extension 'ignore_ament_install'
[0.157s] Level 1:colcon.colcon_core.package_identification:_identify(src/interbotix_ros_toolboxes/third_party_libraries/ModernRobotics/mr) by extensions ['colcon_pkg']
[0.157s] Level 1:colcon.colcon_core.package_identification:_identify(src/interbotix_ros_toolboxes/third_party_libraries/ModernRobotics/mr) by extension 'colcon_pkg'
[0.157s] Level 1:colcon.colcon_core.package_identification:_identify(src/interbotix_ros_toolboxes/third_party_libraries/ModernRobotics/mr) by extensions ['colcon_meta']
[0.157s] Level 1:colcon.colcon_core.package_identification:_identify(src/interbotix_ros_toolboxes/third_party_libraries/ModernRobotics/mr) by extension 'colcon_meta'
[0.157s] Level 1:colcon.colcon_core.package_identification:_identify(src/interbotix_ros_toolboxes/third_party_libraries/ModernRobotics/mr) by extensions ['ros']
[0.157s] Level 1:colcon.colcon_core.package_identification:_identify(src/interbotix_ros_toolboxes/third_party_libraries/ModernRobotics/mr) by extension 'ros'
[0.157s] Level 1:colcon.colcon_core.package_identification:_identify(src/interbotix_ros_toolboxes/third_party_libraries/ModernRobotics/mr) by extensions ['cmake', 'python']
[0.157s] Level 1:colcon.colcon_core.package_identification:_identify(src/interbotix_ros_toolboxes/third_party_libraries/ModernRobotics/mr) by extension 'cmake'
[0.157s] Level 1:colcon.colcon_core.package_identification:_identify(src/interbotix_ros_toolboxes/third_party_libraries/ModernRobotics/mr) by extension 'python'
[0.157s] Level 1:colcon.colcon_core.package_identification:_identify(src/interbotix_ros_toolboxes/third_party_libraries/ModernRobotics/mr) by extensions ['python_setup_py']
[0.157s] Level 1:colcon.colcon_core.package_identification:_identify(src/interbotix_ros_toolboxes/third_party_libraries/ModernRobotics/mr) by extension 'python_setup_py'
[0.157s] Level 1:colcon.colcon_core.package_identification:_identify(src/moveit_visual_tools) by extensions ['ignore', 'ignore_ament_install']
[0.157s] Level 1:colcon.colcon_core.package_identification:_identify(src/moveit_visual_tools) by extension 'ignore'
[0.158s] Level 1:colcon.colcon_core.package_identification:_identify(src/moveit_visual_tools) by extension 'ignore_ament_install'
[0.158s] Level 1:colcon.colcon_core.package_identification:_identify(src/moveit_visual_tools) by extensions ['colcon_pkg']
[0.158s] Level 1:colcon.colcon_core.package_identification:_identify(src/moveit_visual_tools) by extension 'colcon_pkg'
[0.158s] Level 1:colcon.colcon_core.package_identification:_identify(src/moveit_visual_tools) by extensions ['colcon_meta']
[0.158s] Level 1:colcon.colcon_core.package_identification:_identify(src/moveit_visual_tools) by extension 'colcon_meta'
[0.158s] Level 1:colcon.colcon_core.package_identification:_identify(src/moveit_visual_tools) by extensions ['ros']
[0.158s] Level 1:colcon.colcon_core.package_identification:_identify(src/moveit_visual_tools) by extension 'ros'
[0.158s] DEBUG:colcon.colcon_core.package_identification:Package 'src/moveit_visual_tools' with type 'ros.ament_cmake' and name 'moveit_visual_tools'
[0.158s] Level 1:colcon.colcon_core.package_discovery:discover_packages(recursive) using defaults
[0.158s] Level 1:colcon.colcon_core.package_discovery:discover_packages(ignore) discover
[0.158s] Level 1:colcon.colcon_core.package_discovery:discover_packages(ignore) using defaults
[0.158s] Level 1:colcon.colcon_core.package_discovery:discover_packages(path) discover
[0.158s] Level 1:colcon.colcon_core.package_discovery:discover_packages(path) using defaults
[0.173s] Level 1:colcon.colcon_core.package_discovery:discover_packages(prefix_path) check parameters
[0.173s] Level 1:colcon.colcon_core.package_discovery:discover_packages(prefix_path) discover
[0.174s] DEBUG:colcon.colcon_installed_package_information.package_discovery:Found 1 installed packages in /home/my11/apriltag_ws/install
[0.174s] DEBUG:colcon.colcon_installed_package_information.package_discovery:Found 4 installed packages in /home/my11/ros2_ws/install
[0.175s] DEBUG:colcon.colcon_installed_package_information.package_discovery:Found 360 installed packages in /opt/ros/humble
[0.176s] Level 1:colcon.colcon_core.package_discovery:discover_packages(prefix_path) using defaults
[0.194s] Level 5:colcon.colcon_core.verb:set package 'dynamixel_workbench_toolbox' build argument 'cmake_args' from command line to 'None'
[0.194s] Level 5:colcon.colcon_core.verb:set package 'dynamixel_workbench_toolbox' build argument 'cmake_target' from command line to 'None'
[0.194s] Level 5:colcon.colcon_core.verb:set package 'dynamixel_workbench_toolbox' build argument 'cmake_target_skip_unavailable' from command line to 'False'
[0.194s] Level 5:colcon.colcon_core.verb:set package 'dynamixel_workbench_toolbox' build argument 'cmake_clean_cache' from command line to 'False'
[0.194s] Level 5:colcon.colcon_core.verb:set package 'dynamixel_workbench_toolbox' build argument 'cmake_clean_first' from command line to 'False'
[0.194s] Level 5:colcon.colcon_core.verb:set package 'dynamixel_workbench_toolbox' build argument 'cmake_force_configure' from command line to 'False'
[0.194s] Level 5:colcon.colcon_core.verb:set package 'dynamixel_workbench_toolbox' build argument 'ament_cmake_args' from command line to 'None'
[0.194s] Level 5:colcon.colcon_core.verb:set package 'dynamixel_workbench_toolbox' build argument 'catkin_cmake_args' from command line to 'None'
[0.194s] Level 5:colcon.colcon_core.verb:set package 'dynamixel_workbench_toolbox' build argument 'catkin_skip_building_tests' from command line to 'False'
[0.194s] DEBUG:colcon.colcon_core.verb:Building package 'dynamixel_workbench_toolbox' with the following arguments: {'ament_cmake_args': None, 'build_base': '/home/my11/interbotix_ws/build/dynamixel_workbench_toolbox', 'catkin_cmake_args': None, 'catkin_skip_building_tests': False, 'cmake_args': None, 'cmake_clean_cache': False, 'cmake_clean_first': False, 'cmake_force_configure': False, 'cmake_target': None, 'cmake_target_skip_unavailable': False, 'install_base': '/home/my11/interbotix_ws/install/dynamixel_workbench_toolbox', 'merge_install': False, 'path': '/home/my11/interbotix_ws/src/interbotix_ros_core/interbotix_ros_xseries/dynamixel_workbench_toolbox', 'symlink_install': False, 'test_result_base': None}
[0.194s] Level 5:colcon.colcon_core.verb:set package 'interbotix_common_modules' build argument 'cmake_args' from command line to 'None'
[0.195s] Level 5:colcon.colcon_core.verb:set package 'interbotix_common_modules' build argument 'cmake_target' from command line to 'None'
[0.195s] Level 5:colcon.colcon_core.verb:set package 'interbotix_common_modules' build argument 'cmake_target_skip_unavailable' from command line to 'False'
[0.195s] Level 5:colcon.colcon_core.verb:set package 'interbotix_common_modules' build argument 'cmake_clean_cache' from command line to 'False'
[0.195s] Level 5:colcon.colcon_core.verb:set package 'interbotix_common_modules' build argument 'cmake_clean_first' from command line to 'False'
[0.195s] Level 5:colcon.colcon_core.verb:set package 'interbotix_common_modules' build argument 'cmake_force_configure' from command line to 'False'
[0.195s] Level 5:colcon.colcon_core.verb:set package 'interbotix_common_modules' build argument 'ament_cmake_args' from command line to 'None'
[0.195s] Level 5:colcon.colcon_core.verb:set package 'interbotix_common_modules' build argument 'catkin_cmake_args' from command line to 'None'
[0.195s] Level 5:colcon.colcon_core.verb:set package 'interbotix_common_modules' build argument 'catkin_skip_building_tests' from command line to 'False'
[0.195s] DEBUG:colcon.colcon_core.verb:Building package 'interbotix_common_modules' with the following arguments: {'ament_cmake_args': None, 'build_base': '/home/my11/interbotix_ws/build/interbotix_common_modules', 'catkin_cmake_args': None, 'catkin_skip_building_tests': False, 'cmake_args': None, 'cmake_clean_cache': False, 'cmake_clean_first': False, 'cmake_force_configure': False, 'cmake_target': None, 'cmake_target_skip_unavailable': False, 'install_base': '/home/my11/interbotix_ws/install/interbotix_common_modules', 'merge_install': False, 'path': '/home/my11/interbotix_ws/src/interbotix_ros_toolboxes/interbotix_common_toolbox/interbotix_common_modules', 'symlink_install': False, 'test_result_base': None}
[0.195s] Level 5:colcon.colcon_core.verb:set package 'interbotix_common_sim' build argument 'cmake_args' from command line to 'None'
[0.195s] Level 5:colcon.colcon_core.verb:set package 'interbotix_common_sim' build argument 'cmake_target' from command line to 'None'
[0.195s] Level 5:colcon.colcon_core.verb:set package 'interbotix_common_sim' build argument 'cmake_target_skip_unavailable' from command line to 'False'
[0.195s] Level 5:colcon.colcon_core.verb:set package 'interbotix_common_sim' build argument 'cmake_clean_cache' from command line to 'False'
[0.195s] Level 5:colcon.colcon_core.verb:set package 'interbotix_common_sim' build argument 'cmake_clean_first' from command line to 'False'
[0.195s] Level 5:colcon.colcon_core.verb:set package 'interbotix_common_sim' build argument 'cmake_force_configure' from command line to 'False'
[0.195s] Level 5:colcon.colcon_core.verb:set package 'interbotix_common_sim' build argument 'ament_cmake_args' from command line to 'None'
[0.195s] Level 5:colcon.colcon_core.verb:set package 'interbotix_common_sim' build argument 'catkin_cmake_args' from command line to 'None'
[0.195s] Level 5:colcon.colcon_core.verb:set package 'interbotix_common_sim' build argument 'catkin_skip_building_tests' from command line to 'False'
[0.195s] DEBUG:colcon.colcon_core.verb:Building package 'interbotix_common_sim' with the following arguments: {'ament_cmake_args': None, 'build_base': '/home/my11/interbotix_ws/build/interbotix_common_sim', 'catkin_cmake_args': None, 'catkin_skip_building_tests': False, 'cmake_args': None, 'cmake_clean_cache': False, 'cmake_clean_first': False, 'cmake_force_configure': False, 'cmake_target': None, 'cmake_target_skip_unavailable': False, 'install_base': '/home/my11/interbotix_ws/install/interbotix_common_sim', 'merge_install': False, 'path': '/home/my11/interbotix_ws/src/interbotix_ros_toolboxes/interbotix_common_toolbox/interbotix_common_sim', 'symlink_install': False, 'test_result_base': None}
[0.195s] Level 5:colcon.colcon_core.verb:set package 'interbotix_moveit_interface_msgs' build argument 'cmake_args' from command line to 'None'
[0.195s] Level 5:colcon.colcon_core.verb:set package 'interbotix_moveit_interface_msgs' build argument 'cmake_target' from command line to 'None'
[0.195s] Level 5:colcon.colcon_core.verb:set package 'interbotix_moveit_interface_msgs' build argument 'cmake_target_skip_unavailable' from command line to 'False'
[0.195s] Level 5:colcon.colcon_core.verb:set package 'interbotix_moveit_interface_msgs' build argument 'cmake_clean_cache' from command line to 'False'
[0.195s] Level 5:colcon.colcon_core.verb:set package 'interbotix_moveit_interface_msgs' build argument 'cmake_clean_first' from command line to 'False'
[0.195s] Level 5:colcon.colcon_core.verb:set package 'interbotix_moveit_interface_msgs' build argument 'cmake_force_configure' from command line to 'False'
[0.195s] Level 5:colcon.colcon_core.verb:set package 'interbotix_moveit_interface_msgs' build argument 'ament_cmake_args' from command line to 'None'
[0.195s] Level 5:colcon.colcon_core.verb:set package 'interbotix_moveit_interface_msgs' build argument 'catkin_cmake_args' from command line to 'None'
[0.195s] Level 5:colcon.colcon_core.verb:set package 'interbotix_moveit_interface_msgs' build argument 'catkin_skip_building_tests' from command line to 'False'
[0.195s] DEBUG:colcon.colcon_core.verb:Building package 'interbotix_moveit_interface_msgs' with the following arguments: {'ament_cmake_args': None, 'build_base': '/home/my11/interbotix_ws/build/interbotix_moveit_interface_msgs', 'catkin_cmake_args': None, 'catkin_skip_building_tests': False, 'cmake_args': None, 'cmake_clean_cache': False, 'cmake_clean_first': False, 'cmake_force_configure': False, 'cmake_target': None, 'cmake_target_skip_unavailable': False, 'install_base': '/home/my11/interbotix_ws/install/interbotix_moveit_interface_msgs', 'merge_install': False, 'path': '/home/my11/interbotix_ws/src/interbotix_ros_toolboxes/interbotix_common_toolbox/interbotix_moveit_interface_msgs', 'symlink_install': False, 'test_result_base': None}
[0.195s] Level 5:colcon.colcon_core.verb:set package 'interbotix_perception_msgs' build argument 'cmake_args' from command line to 'None'
[0.195s] Level 5:colcon.colcon_core.verb:set package 'interbotix_perception_msgs' build argument 'cmake_target' from command line to 'None'
[0.195s] Level 5:colcon.colcon_core.verb:set package 'interbotix_perception_msgs' build argument 'cmake_target_skip_unavailable' from command line to 'False'
[0.195s] Level 5:colcon.colcon_core.verb:set package 'interbotix_perception_msgs' build argument 'cmake_clean_cache' from command line to 'False'
[0.195s] Level 5:colcon.colcon_core.verb:set package 'interbotix_perception_msgs' build argument 'cmake_clean_first' from command line to 'False'
[0.195s] Level 5:colcon.colcon_core.verb:set package 'interbotix_perception_msgs' build argument 'cmake_force_configure' from command line to 'False'
[0.195s] Level 5:colcon.colcon_core.verb:set package 'interbotix_perception_msgs' build argument 'ament_cmake_args' from command line to 'None'
[0.195s] Level 5:colcon.colcon_core.verb:set package 'interbotix_perception_msgs' build argument 'catkin_cmake_args' from command line to 'None'
[0.195s] Level 5:colcon.colcon_core.verb:set package 'interbotix_perception_msgs' build argument 'catkin_skip_building_tests' from command line to 'False'
[0.195s] DEBUG:colcon.colcon_core.verb:Building package 'interbotix_perception_msgs' with the following arguments: {'ament_cmake_args': None, 'build_base': '/home/my11/interbotix_ws/build/interbotix_perception_msgs', 'catkin_cmake_args': None, 'catkin_skip_building_tests': False, 'cmake_args': None, 'cmake_clean_cache': False, 'cmake_clean_first': False, 'cmake_force_configure': False, 'cmake_target': None, 'cmake_target_skip_unavailable': False, 'install_base': '/home/my11/interbotix_ws/install/interbotix_perception_msgs', 'merge_install': False, 'path': '/home/my11/interbotix_ws/src/interbotix_ros_toolboxes/interbotix_perception_toolbox/interbotix_perception_msgs', 'symlink_install': False, 'test_result_base': None}
[0.195s] Level 5:colcon.colcon_core.verb:set package 'interbotix_tf_tools' build argument 'cmake_args' from command line to 'None'
[0.195s] Level 5:colcon.colcon_core.verb:set package 'interbotix_tf_tools' build argument 'cmake_target' from command line to 'None'
[0.195s] Level 5:colcon.colcon_core.verb:set package 'interbotix_tf_tools' build argument 'cmake_target_skip_unavailable' from command line to 'False'
[0.195s] Level 5:colcon.colcon_core.verb:set package 'interbotix_tf_tools' build argument 'cmake_clean_cache' from command line to 'False'
[0.195s] Level 5:colcon.colcon_core.verb:set package 'interbotix_tf_tools' build argument 'cmake_clean_first' from command line to 'False'
[0.195s] Level 5:colcon.colcon_core.verb:set package 'interbotix_tf_tools' build argument 'cmake_force_configure' from command line to 'False'
[0.195s] Level 5:colcon.colcon_core.verb:set package 'interbotix_tf_tools' build argument 'ament_cmake_args' from command line to 'None'
[0.195s] Level 5:colcon.colcon_core.verb:set package 'interbotix_tf_tools' build argument 'catkin_cmake_args' from command line to 'None'
[0.195s] Level 5:colcon.colcon_core.verb:set package 'interbotix_tf_tools' build argument 'catkin_skip_building_tests' from command line to 'False'
[0.195s] DEBUG:colcon.colcon_core.verb:Building package 'interbotix_tf_tools' with the following arguments: {'ament_cmake_args': None, 'build_base': '/home/my11/interbotix_ws/build/interbotix_tf_tools', 'catkin_cmake_args': None, 'catkin_skip_building_tests': False, 'cmake_args': None, 'cmake_clean_cache': False, 'cmake_clean_first': False, 'cmake_force_configure': False, 'cmake_target': None, 'cmake_target_skip_unavailable': False, 'install_base': '/home/my11/interbotix_ws/install/interbotix_tf_tools', 'merge_install': False, 'path': '/home/my11/interbotix_ws/src/interbotix_ros_toolboxes/interbotix_common_toolbox/interbotix_tf_tools', 'symlink_install': False, 'test_result_base': None}
[0.196s] Level 5:colcon.colcon_core.verb:set package 'interbotix_xs_msgs' build argument 'cmake_args' from command line to 'None'
[0.196s] Level 5:colcon.colcon_core.verb:set package 'interbotix_xs_msgs' build argument 'cmake_target' from command line to 'None'
[0.196s] Level 5:colcon.colcon_core.verb:set package 'interbotix_xs_msgs' build argument 'cmake_target_skip_unavailable' from command line to 'False'
[0.196s] Level 5:colcon.colcon_core.verb:set package 'interbotix_xs_msgs' build argument 'cmake_clean_cache' from command line to 'False'
[0.196s] Level 5:colcon.colcon_core.verb:set package 'interbotix_xs_msgs' build argument 'cmake_clean_first' from command line to 'False'
[0.196s] Level 5:colcon.colcon_core.verb:set package 'interbotix_xs_msgs' build argument 'cmake_force_configure' from command line to 'False'
[0.196s] Level 5:colcon.colcon_core.verb:set package 'interbotix_xs_msgs' build argument 'ament_cmake_args' from command line to 'None'
[0.196s] Level 5:colcon.colcon_core.verb:set package 'interbotix_xs_msgs' build argument 'catkin_cmake_args' from command line to 'None'
[0.196s] Level 5:colcon.colcon_core.verb:set package 'interbotix_xs_msgs' build argument 'catkin_skip_building_tests' from command line to 'False'
[0.196s] DEBUG:colcon.colcon_core.verb:Building package 'interbotix_xs_msgs' with the following arguments: {'ament_cmake_args': None, 'build_base': '/home/my11/interbotix_ws/build/interbotix_xs_msgs', 'catkin_cmake_args': None, 'catkin_skip_building_tests': False, 'cmake_args': None, 'cmake_clean_cache': False, 'cmake_clean_first': False, 'cmake_force_configure': False, 'cmake_target': None, 'cmake_target_skip_unavailable': False, 'install_base': '/home/my11/interbotix_ws/install/interbotix_xs_msgs', 'merge_install': False, 'path': '/home/my11/interbotix_ws/src/interbotix_ros_core/interbotix_ros_xseries/interbotix_xs_msgs', 'symlink_install': False, 'test_result_base': None}
[0.196s] Level 5:colcon.colcon_core.verb:set package 'moveit_visual_tools' build argument 'cmake_args' from command line to 'None'
[0.196s] Level 5:colcon.colcon_core.verb:set package 'moveit_visual_tools' build argument 'cmake_target' from command line to 'None'
[0.196s] Level 5:colcon.colcon_core.verb:set package 'moveit_visual_tools' build argument 'cmake_target_skip_unavailable' from command line to 'False'
[0.196s] Level 5:colcon.colcon_core.verb:set package 'moveit_visual_tools' build argument 'cmake_clean_cache' from command line to 'False'
[0.196s] Level 5:colcon.colcon_core.verb:set package 'moveit_visual_tools' build argument 'cmake_clean_first' from command line to 'False'
[0.196s] Level 5:colcon.colcon_core.verb:set package 'moveit_visual_tools' build argument 'cmake_force_configure' from command line to 'False'
[0.196s] Level 5:colcon.colcon_core.verb:set package 'moveit_visual_tools' build argument 'ament_cmake_args' from command line to 'None'
[0.196s] Level 5:colcon.colcon_core.verb:set package 'moveit_visual_tools' build argument 'catkin_cmake_args' from command line to 'None'
[0.196s] Level 5:colcon.colcon_core.verb:set package 'moveit_visual_tools' build argument 'catkin_skip_building_tests' from command line to 'False'
[0.196s] DEBUG:colcon.colcon_core.verb:Building package 'moveit_visual_tools' with the following arguments: {'ament_cmake_args': None, 'build_base': '/home/my11/interbotix_ws/build/moveit_visual_tools', 'catkin_cmake_args': None, 'catkin_skip_building_tests': False, 'cmake_args': None, 'cmake_clean_cache': False, 'cmake_clean_first': False, 'cmake_force_configure': False, 'cmake_target': None, 'cmake_target_skip_unavailable': False, 'install_base': '/home/my11/interbotix_ws/install/moveit_visual_tools', 'merge_install': False, 'path': '/home/my11/interbotix_ws/src/moveit_visual_tools', 'symlink_install': False, 'test_result_base': None}
[0.196s] Level 5:colcon.colcon_core.verb:set package 'interbotix_gravity_compensation' build argument 'cmake_args' from command line to 'None'
[0.196s] Level 5:colcon.colcon_core.verb:set package 'interbotix_gravity_compensation' build argument 'cmake_target' from command line to 'None'
[0.196s] Level 5:colcon.colcon_core.verb:set package 'interbotix_gravity_compensation' build argument 'cmake_target_skip_unavailable' from command line to 'False'
[0.196s] Level 5:colcon.colcon_core.verb:set package 'interbotix_gravity_compensation' build argument 'cmake_clean_cache' from command line to 'False'
[0.196s] Level 5:colcon.colcon_core.verb:set package 'interbotix_gravity_compensation' build argument 'cmake_clean_first' from command line to 'False'
[0.196s] Level 5:colcon.colcon_core.verb:set package 'interbotix_gravity_compensation' build argument 'cmake_force_configure' from command line to 'False'
[0.196s] Level 5:colcon.colcon_core.verb:set package 'interbotix_gravity_compensation' build argument 'ament_cmake_args' from command line to 'None'
[0.196s] Level 5:colcon.colcon_core.verb:set package 'interbotix_gravity_compensation' build argument 'catkin_cmake_args' from command line to 'None'
[0.196s] Level 5:colcon.colcon_core.verb:set package 'interbotix_gravity_compensation' build argument 'catkin_skip_building_tests' from command line to 'False'
[0.196s] DEBUG:colcon.colcon_core.verb:Building package 'interbotix_gravity_compensation' with the following arguments: {'ament_cmake_args': None, 'build_base': '/home/my11/interbotix_ws/build/interbotix_gravity_compensation', 'catkin_cmake_args': None, 'catkin_skip_building_tests': False, 'cmake_args': None, 'cmake_clean_cache': False, 'cmake_clean_first': False, 'cmake_force_configure': False, 'cmake_target': None, 'cmake_target_skip_unavailable': False, 'install_base': '/home/my11/interbotix_ws/install/interbotix_gravity_compensation', 'merge_install': False, 'path': '/home/my11/interbotix_ws/src/interbotix_ros_toolboxes/interbotix_common_toolbox/interbotix_gravity_compensation', 'symlink_install': False, 'test_result_base': None}
[0.196s] Level 5:colcon.colcon_core.verb:set package 'interbotix_moveit_interface' build argument 'cmake_args' from command line to 'None'
[0.196s] Level 5:colcon.colcon_core.verb:set package 'interbotix_moveit_interface' build argument 'cmake_target' from command line to 'None'
[0.196s] Level 5:colcon.colcon_core.verb:set package 'interbotix_moveit_interface' build argument 'cmake_target_skip_unavailable' from command line to 'False'
[0.196s] Level 5:colcon.colcon_core.verb:set package 'interbotix_moveit_interface' build argument 'cmake_clean_cache' from command line to 'False'
[0.196s] Level 5:colcon.colcon_core.verb:set package 'interbotix_moveit_interface' build argument 'cmake_clean_first' from command line to 'False'
[0.196s] Level 5:colcon.colcon_core.verb:set package 'interbotix_moveit_interface' build argument 'cmake_force_configure' from command line to 'False'
[0.196s] Level 5:colcon.colcon_core.verb:set package 'interbotix_moveit_interface' build argument 'ament_cmake_args' from command line to 'None'
[0.196s] Level 5:colcon.colcon_core.verb:set package 'interbotix_moveit_interface' build argument 'catkin_cmake_args' from command line to 'None'
[0.196s] Level 5:colcon.colcon_core.verb:set package 'interbotix_moveit_interface' build argument 'catkin_skip_building_tests' from command line to 'False'
[0.196s] DEBUG:colcon.colcon_core.verb:Building package 'interbotix_moveit_interface' with the following arguments: {'ament_cmake_args': None, 'build_base': '/home/my11/interbotix_ws/build/interbotix_moveit_interface', 'catkin_cmake_args': None, 'catkin_skip_building_tests': False, 'cmake_args': None, 'cmake_clean_cache': False, 'cmake_clean_first': False, 'cmake_force_configure': False, 'cmake_target': None, 'cmake_target_skip_unavailable': False, 'install_base': '/home/my11/interbotix_ws/install/interbotix_moveit_interface', 'merge_install': False, 'path': '/home/my11/interbotix_ws/src/interbotix_ros_toolboxes/interbotix_common_toolbox/interbotix_moveit_interface', 'symlink_install': False, 'test_result_base': None}
[0.196s] Level 5:colcon.colcon_core.verb:set package 'interbotix_perception_pipelines' build argument 'cmake_args' from command line to 'None'
[0.196s] Level 5:colcon.colcon_core.verb:set package 'interbotix_perception_pipelines' build argument 'cmake_target' from command line to 'None'
[0.196s] Level 5:colcon.colcon_core.verb:set package 'interbotix_perception_pipelines' build argument 'cmake_target_skip_unavailable' from command line to 'False'
[0.196s] Level 5:colcon.colcon_core.verb:set package 'interbotix_perception_pipelines' build argument 'cmake_clean_cache' from command line to 'False'
[0.196s] Level 5:colcon.colcon_core.verb:set package 'interbotix_perception_pipelines' build argument 'cmake_clean_first' from command line to 'False'
[0.196s] Level 5:colcon.colcon_core.verb:set package 'interbotix_perception_pipelines' build argument 'cmake_force_configure' from command line to 'False'
[0.196s] Level 5:colcon.colcon_core.verb:set package 'interbotix_perception_pipelines' build argument 'ament_cmake_args' from command line to 'None'
[0.197s] Level 5:colcon.colcon_core.verb:set package 'interbotix_perception_pipelines' build argument 'catkin_cmake_args' from command line to 'None'
[0.197s] Level 5:colcon.colcon_core.verb:set package 'interbotix_perception_pipelines' build argument 'catkin_skip_building_tests' from command line to 'False'
[0.197s] DEBUG:colcon.colcon_core.verb:Building package 'interbotix_perception_pipelines' with the following arguments: {'ament_cmake_args': None, 'build_base': '/home/my11/interbotix_ws/build/interbotix_perception_pipelines', 'catkin_cmake_args': None, 'catkin_skip_building_tests': False, 'cmake_args': None, 'cmake_clean_cache': False, 'cmake_clean_first': False, 'cmake_force_configure': False, 'cmake_target': None, 'cmake_target_skip_unavailable': False, 'install_base': '/home/my11/interbotix_ws/install/interbotix_perception_pipelines', 'merge_install': False, 'path': '/home/my11/interbotix_ws/src/interbotix_ros_toolboxes/interbotix_perception_toolbox/interbotix_perception_pipelines', 'symlink_install': False, 'test_result_base': None}
[0.197s] Level 5:colcon.colcon_core.verb:set package 'interbotix_xs_driver' build argument 'cmake_args' from command line to 'None'
[0.197s] Level 5:colcon.colcon_core.verb:set package 'interbotix_xs_driver' build argument 'cmake_target' from command line to 'None'
[0.197s] Level 5:colcon.colcon_core.verb:set package 'interbotix_xs_driver' build argument 'cmake_target_skip_unavailable' from command line to 'False'
[0.197s] Level 5:colcon.colcon_core.verb:set package 'interbotix_xs_driver' build argument 'cmake_clean_cache' from command line to 'False'
[0.197s] Level 5:colcon.colcon_core.verb:set package 'interbotix_xs_driver' build argument 'cmake_clean_first' from command line to 'False'
[0.197s] Level 5:colcon.colcon_core.verb:set package 'interbotix_xs_driver' build argument 'cmake_force_configure' from command line to 'False'
[0.197s] Level 5:colcon.colcon_core.verb:set package 'interbotix_xs_driver' build argument 'ament_cmake_args' from command line to 'None'
[0.197s] Level 5:colcon.colcon_core.verb:set package 'interbotix_xs_driver' build argument 'catkin_cmake_args' from command line to 'None'
[0.197s] Level 5:colcon.colcon_core.verb:set package 'interbotix_xs_driver' build argument 'catkin_skip_building_tests' from command line to 'False'
[0.197s] DEBUG:colcon.colcon_core.verb:Building package 'interbotix_xs_driver' with the following arguments: {'ament_cmake_args': None, 'build_base': '/home/my11/interbotix_ws/build/interbotix_xs_driver', 'catkin_cmake_args': None, 'catkin_skip_building_tests': False, 'cmake_args': None, 'cmake_clean_cache': False, 'cmake_clean_first': False, 'cmake_force_configure': False, 'cmake_target': None, 'cmake_target_skip_unavailable': False, 'install_base': '/home/my11/interbotix_ws/install/interbotix_xs_driver', 'merge_install': False, 'path': '/home/my11/interbotix_ws/src/interbotix_ros_core/interbotix_ros_xseries/interbotix_xs_driver', 'symlink_install': False, 'test_result_base': None}
[0.197s] Level 5:colcon.colcon_core.verb:set package 'interbotix_xs_ros_control' build argument 'cmake_args' from command line to 'None'
[0.197s] Level 5:colcon.colcon_core.verb:set package 'interbotix_xs_ros_control' build argument 'cmake_target' from command line to 'None'
[0.197s] Level 5:colcon.colcon_core.verb:set package 'interbotix_xs_ros_control' build argument 'cmake_target_skip_unavailable' from command line to 'False'
[0.197s] Level 5:colcon.colcon_core.verb:set package 'interbotix_xs_ros_control' build argument 'cmake_clean_cache' from command line to 'False'
[0.197s] Level 5:colcon.colcon_core.verb:set package 'interbotix_xs_ros_control' build argument 'cmake_clean_first' from command line to 'False'
[0.197s] Level 5:colcon.colcon_core.verb:set package 'interbotix_xs_ros_control' build argument 'cmake_force_configure' from command line to 'False'
[0.197s] Level 5:colcon.colcon_core.verb:set package 'interbotix_xs_ros_control' build argument 'ament_cmake_args' from command line to 'None'
[0.197s] Level 5:colcon.colcon_core.verb:set package 'interbotix_xs_ros_control' build argument 'catkin_cmake_args' from command line to 'None'
[0.197s] Level 5:colcon.colcon_core.verb:set package 'interbotix_xs_ros_control' build argument 'catkin_skip_building_tests' from command line to 'False'
[0.197s] DEBUG:colcon.colcon_core.verb:Building package 'interbotix_xs_ros_control' with the following arguments: {'ament_cmake_args': None, 'build_base': '/home/my11/interbotix_ws/build/interbotix_xs_ros_control', 'catkin_cmake_args': None, 'catkin_skip_building_tests': False, 'cmake_args': None, 'cmake_clean_cache': False, 'cmake_clean_first': False, 'cmake_force_configure': False, 'cmake_target': None, 'cmake_target_skip_unavailable': False, 'install_base': '/home/my11/interbotix_ws/install/interbotix_xs_ros_control', 'merge_install': False, 'path': '/home/my11/interbotix_ws/src/interbotix_ros_toolboxes/interbotix_xs_toolbox/interbotix_xs_ros_control', 'symlink_install': False, 'test_result_base': None}
[0.197s] Level 5:colcon.colcon_core.verb:set package 'interbotix_common_toolbox' build argument 'cmake_args' from command line to 'None'
[0.197s] Level 5:colcon.colcon_core.verb:set package 'interbotix_common_toolbox' build argument 'cmake_target' from command line to 'None'
[0.197s] Level 5:colcon.colcon_core.verb:set package 'interbotix_common_toolbox' build argument 'cmake_target_skip_unavailable' from command line to 'False'
[0.197s] Level 5:colcon.colcon_core.verb:set package 'interbotix_common_toolbox' build argument 'cmake_clean_cache' from command line to 'False'
[0.197s] Level 5:colcon.colcon_core.verb:set package 'interbotix_common_toolbox' build argument 'cmake_clean_first' from command line to 'False'
[0.197s] Level 5:colcon.colcon_core.verb:set package 'interbotix_common_toolbox' build argument 'cmake_force_configure' from command line to 'False'
[0.197s] Level 5:colcon.colcon_core.verb:set package 'interbotix_common_toolbox' build argument 'ament_cmake_args' from command line to 'None'
[0.197s] Level 5:colcon.colcon_core.verb:set package 'interbotix_common_toolbox' build argument 'catkin_cmake_args' from command line to 'None'
[0.197s] Level 5:colcon.colcon_core.verb:set package 'interbotix_common_toolbox' build argument 'catkin_skip_building_tests' from command line to 'False'
[0.197s] DEBUG:colcon.colcon_core.verb:Building package 'interbotix_common_toolbox' with the following arguments: {'ament_cmake_args': None, 'build_base': '/home/my11/interbotix_ws/build/interbotix_common_toolbox', 'catkin_cmake_args': None, 'catkin_skip_building_tests': False, 'cmake_args': None, 'cmake_clean_cache': False, 'cmake_clean_first': False, 'cmake_force_configure': False, 'cmake_target': None, 'cmake_target_skip_unavailable': False, 'install_base': '/home/my11/interbotix_ws/install/interbotix_common_toolbox', 'merge_install': False, 'path': '/home/my11/interbotix_ws/src/interbotix_ros_toolboxes/interbotix_common_toolbox/interbotix_common_toolbox', 'symlink_install': False, 'test_result_base': None}
[0.197s] Level 5:colcon.colcon_core.verb:set package 'interbotix_perception_modules' build argument 'cmake_args' from command line to 'None'
[0.197s] Level 5:colcon.colcon_core.verb:set package 'interbotix_perception_modules' build argument 'cmake_target' from command line to 'None'
[0.197s] Level 5:colcon.colcon_core.verb:set package 'interbotix_perception_modules' build argument 'cmake_target_skip_unavailable' from command line to 'False'
[0.197s] Level 5:colcon.colcon_core.verb:set package 'interbotix_perception_modules' build argument 'cmake_clean_cache' from command line to 'False'
[0.197s] Level 5:colcon.colcon_core.verb:set package 'interbotix_perception_modules' build argument 'cmake_clean_first' from command line to 'False'
[0.197s] Level 5:colcon.colcon_core.verb:set package 'interbotix_perception_modules' build argument 'cmake_force_configure' from command line to 'False'
[0.197s] Level 5:colcon.colcon_core.verb:set package 'interbotix_perception_modules' build argument 'ament_cmake_args' from command line to 'None'
[0.197s] Level 5:colcon.colcon_core.verb:set package 'interbotix_perception_modules' build argument 'catkin_cmake_args' from command line to 'None'
[0.197s] Level 5:colcon.colcon_core.verb:set package 'interbotix_perception_modules' build argument 'catkin_skip_building_tests' from command line to 'False'
[0.197s] DEBUG:colcon.colcon_core.verb:Building package 'interbotix_perception_modules' with the following arguments: {'ament_cmake_args': None, 'build_base': '/home/my11/interbotix_ws/build/interbotix_perception_modules', 'catkin_cmake_args': None, 'catkin_skip_building_tests': False, 'cmake_args': None, 'cmake_clean_cache': False, 'cmake_clean_first': False, 'cmake_force_configure': False, 'cmake_target': None, 'cmake_target_skip_unavailable': False, 'install_base': '/home/my11/interbotix_ws/install/interbotix_perception_modules', 'merge_install': False, 'path': '/home/my11/interbotix_ws/src/interbotix_ros_toolboxes/interbotix_perception_toolbox/interbotix_perception_modules', 'symlink_install': False, 'test_result_base': None}
[0.198s] Level 5:colcon.colcon_core.verb:set package 'interbotix_xs_sdk' build argument 'cmake_args' from command line to 'None'
[0.198s] Level 5:colcon.colcon_core.verb:set package 'interbotix_xs_sdk' build argument 'cmake_target' from command line to 'None'
[0.198s] Level 5:colcon.colcon_core.verb:set package 'interbotix_xs_sdk' build argument 'cmake_target_skip_unavailable' from command line to 'False'
[0.198s] Level 5:colcon.colcon_core.verb:set package 'interbotix_xs_sdk' build argument 'cmake_clean_cache' from command line to 'False'
[0.198s] Level 5:colcon.colcon_core.verb:set package 'interbotix_xs_sdk' build argument 'cmake_clean_first' from command line to 'False'
[0.198s] Level 5:colcon.colcon_core.verb:set package 'interbotix_xs_sdk' build argument 'cmake_force_configure' from command line to 'False'
[0.198s] Level 5:colcon.colcon_core.verb:set package 'interbotix_xs_sdk' build argument 'ament_cmake_args' from command line to 'None'
[0.198s] Level 5:colcon.colcon_core.verb:set package 'interbotix_xs_sdk' build argument 'catkin_cmake_args' from command line to 'None'
[0.198s] Level 5:colcon.colcon_core.verb:set package 'interbotix_xs_sdk' build argument 'catkin_skip_building_tests' from command line to 'False'
[0.198s] DEBUG:colcon.colcon_core.verb:Building package 'interbotix_xs_sdk' with the following arguments: {'ament_cmake_args': None, 'build_base': '/home/my11/interbotix_ws/build/interbotix_xs_sdk', 'catkin_cmake_args': None, 'catkin_skip_building_tests': False, 'cmake_args': None, 'cmake_clean_cache': False, 'cmake_clean_first': False, 'cmake_force_configure': False, 'cmake_target': None, 'cmake_target_skip_unavailable': False, 'install_base': '/home/my11/interbotix_ws/install/interbotix_xs_sdk', 'merge_install': False, 'path': '/home/my11/interbotix_ws/src/interbotix_ros_core/interbotix_ros_xseries/interbotix_xs_sdk', 'symlink_install': False, 'test_result_base': None}
[0.198s] Level 5:colcon.colcon_core.verb:set package 'interbotix_perception_toolbox' build argument 'cmake_args' from command line to 'None'
[0.198s] Level 5:colcon.colcon_core.verb:set package 'interbotix_perception_toolbox' build argument 'cmake_target' from command line to 'None'
[0.198s] Level 5:colcon.colcon_core.verb:set package 'interbotix_perception_toolbox' build argument 'cmake_target_skip_unavailable' from command line to 'False'
[0.198s] Level 5:colcon.colcon_core.verb:set package 'interbotix_perception_toolbox' build argument 'cmake_clean_cache' from command line to 'False'
[0.198s] Level 5:colcon.colcon_core.verb:set package 'interbotix_perception_toolbox' build argument 'cmake_clean_first' from command line to 'False'
[0.198s] Level 5:colcon.colcon_core.verb:set package 'interbotix_perception_toolbox' build argument 'cmake_force_configure' from command line to 'False'
[0.198s] Level 5:colcon.colcon_core.verb:set package 'interbotix_perception_toolbox' build argument 'ament_cmake_args' from command line to 'None'
[0.198s] Level 5:colcon.colcon_core.verb:set package 'interbotix_perception_toolbox' build argument 'catkin_cmake_args' from command line to 'None'
[0.198s] Level 5:colcon.colcon_core.verb:set package 'interbotix_perception_toolbox' build argument 'catkin_skip_building_tests' from command line to 'False'
[0.198s] DEBUG:colcon.colcon_core.verb:Building package 'interbotix_perception_toolbox' with the following arguments: {'ament_cmake_args': None, 'build_base': '/home/my11/interbotix_ws/build/interbotix_perception_toolbox', 'catkin_cmake_args': None, 'catkin_skip_building_tests': False, 'cmake_args': None, 'cmake_clean_cache': False, 'cmake_clean_first': False, 'cmake_force_configure': False, 'cmake_target': None, 'cmake_target_skip_unavailable': False, 'install_base': '/home/my11/interbotix_ws/install/interbotix_perception_toolbox', 'merge_install': False, 'path': '/home/my11/interbotix_ws/src/interbotix_ros_toolboxes/interbotix_perception_toolbox/interbotix_perception_toolbox', 'symlink_install': False, 'test_result_base': None}
[0.198s] Level 5:colcon.colcon_core.verb:set package 'interbotix_ros_xseries' build argument 'cmake_args' from command line to 'None'
[0.198s] Level 5:colcon.colcon_core.verb:set package 'interbotix_ros_xseries' build argument 'cmake_target' from command line to 'None'
[0.198s] Level 5:colcon.colcon_core.verb:set package 'interbotix_ros_xseries' build argument 'cmake_target_skip_unavailable' from command line to 'False'
[0.198s] Level 5:colcon.colcon_core.verb:set package 'interbotix_ros_xseries' build argument 'cmake_clean_cache' from command line to 'False'
[0.198s] Level 5:colcon.colcon_core.verb:set package 'interbotix_ros_xseries' build argument 'cmake_clean_first' from command line to 'False'
[0.198s] Level 5:colcon.colcon_core.verb:set package 'interbotix_ros_xseries' build argument 'cmake_force_configure' from command line to 'False'
[0.198s] Level 5:colcon.colcon_core.verb:set package 'interbotix_ros_xseries' build argument 'ament_cmake_args' from command line to 'None'
[0.198s] Level 5:colcon.colcon_core.verb:set package 'interbotix_ros_xseries' build argument 'catkin_cmake_args' from command line to 'None'
[0.198s] Level 5:colcon.colcon_core.verb:set package 'interbotix_ros_xseries' build argument 'catkin_skip_building_tests' from command line to 'False'
[0.198s] DEBUG:colcon.colcon_core.verb:Building package 'interbotix_ros_xseries' with the following arguments: {'ament_cmake_args': None, 'build_base': '/home/my11/interbotix_ws/build/interbotix_ros_xseries', 'catkin_cmake_args': None, 'catkin_skip_building_tests': False, 'cmake_args': None, 'cmake_clean_cache': False, 'cmake_clean_first': False, 'cmake_force_configure': False, 'cmake_target': None, 'cmake_target_skip_unavailable': False, 'install_base': '/home/my11/interbotix_ws/install/interbotix_ros_xseries', 'merge_install': False, 'path': '/home/my11/interbotix_ws/src/interbotix_ros_core/interbotix_ros_xseries/interbotix_ros_xseries', 'symlink_install': False, 'test_result_base': None}
[0.198s] Level 5:colcon.colcon_core.verb:set package 'interbotix_xs_modules' build argument 'cmake_args' from command line to 'None'
[0.198s] Level 5:colcon.colcon_core.verb:set package 'interbotix_xs_modules' build argument 'cmake_target' from command line to 'None'
[0.198s] Level 5:colcon.colcon_core.verb:set package 'interbotix_xs_modules' build argument 'cmake_target_skip_unavailable' from command line to 'False'
[0.198s] Level 5:colcon.colcon_core.verb:set package 'interbotix_xs_modules' build argument 'cmake_clean_cache' from command line to 'False'
[0.198s] Level 5:colcon.colcon_core.verb:set package 'interbotix_xs_modules' build argument 'cmake_clean_first' from command line to 'False'
[0.198s] Level 5:colcon.colcon_core.verb:set package 'interbotix_xs_modules' build argument 'cmake_force_configure' from command line to 'False'
[0.198s] Level 5:colcon.colcon_core.verb:set package 'interbotix_xs_modules' build argument 'ament_cmake_args' from command line to 'None'
[0.198s] Level 5:colcon.colcon_core.verb:set package 'interbotix_xs_modules' build argument 'catkin_cmake_args' from command line to 'None'
[0.198s] Level 5:colcon.colcon_core.verb:set package 'interbotix_xs_modules' build argument 'catkin_skip_building_tests' from command line to 'False'
[0.198s] DEBUG:colcon.colcon_core.verb:Building package 'interbotix_xs_modules' with the following arguments: {'ament_cmake_args': None, 'build_base': '/home/my11/interbotix_ws/build/interbotix_xs_modules', 'catkin_cmake_args': None, 'catkin_skip_building_tests': False, 'cmake_args': None, 'cmake_clean_cache': False, 'cmake_clean_first': False, 'cmake_force_configure': False, 'cmake_target': None, 'cmake_target_skip_unavailable': False, 'install_base': '/home/my11/interbotix_ws/install/interbotix_xs_modules', 'merge_install': False, 'path': '/home/my11/interbotix_ws/src/interbotix_ros_toolboxes/interbotix_xs_toolbox/interbotix_xs_modules', 'symlink_install': False, 'test_result_base': None}
[0.198s] Level 5:colcon.colcon_core.verb:set package 'interbotix_xs_rviz' build argument 'cmake_args' from command line to 'None'
[0.198s] Level 5:colcon.colcon_core.verb:set package 'interbotix_xs_rviz' build argument 'cmake_target' from command line to 'None'
[0.198s] Level 5:colcon.colcon_core.verb:set package 'interbotix_xs_rviz' build argument 'cmake_target_skip_unavailable' from command line to 'False'
[0.198s] Level 5:colcon.colcon_core.verb:set package 'interbotix_xs_rviz' build argument 'cmake_clean_cache' from command line to 'False'
[0.198s] Level 5:colcon.colcon_core.verb:set package 'interbotix_xs_rviz' build argument 'cmake_clean_first' from command line to 'False'
[0.198s] Level 5:colcon.colcon_core.verb:set package 'interbotix_xs_rviz' build argument 'cmake_force_configure' from command line to 'False'
[0.198s] Level 5:colcon.colcon_core.verb:set package 'interbotix_xs_rviz' build argument 'ament_cmake_args' from command line to 'None'
[0.198s] Level 5:colcon.colcon_core.verb:set package 'interbotix_xs_rviz' build argument 'catkin_cmake_args' from command line to 'None'
[0.198s] Level 5:colcon.colcon_core.verb:set package 'interbotix_xs_rviz' build argument 'catkin_skip_building_tests' from command line to 'False'
[0.198s] DEBUG:colcon.colcon_core.verb:Building package 'interbotix_xs_rviz' with the following arguments: {'ament_cmake_args': None, 'build_base': '/home/my11/interbotix_ws/build/interbotix_xs_rviz', 'catkin_cmake_args': None, 'catkin_skip_building_tests': False, 'cmake_args': None, 'cmake_clean_cache': False, 'cmake_clean_first': False, 'cmake_force_configure': False, 'cmake_target': None, 'cmake_target_skip_unavailable': False, 'install_base': '/home/my11/interbotix_ws/install/interbotix_xs_rviz', 'merge_install': False, 'path': '/home/my11/interbotix_ws/src/interbotix_ros_toolboxes/interbotix_xs_toolbox/interbotix_xs_rviz', 'symlink_install': False, 'test_result_base': None}
[0.199s] Level 5:colcon.colcon_core.verb:set package 'interbotix_xs_toolbox' build argument 'cmake_args' from command line to 'None'
[0.199s] Level 5:colcon.colcon_core.verb:set package 'interbotix_xs_toolbox' build argument 'cmake_target' from command line to 'None'
[0.199s] Level 5:colcon.colcon_core.verb:set package 'interbotix_xs_toolbox' build argument 'cmake_target_skip_unavailable' from command line to 'False'
[0.199s] Level 5:colcon.colcon_core.verb:set package 'interbotix_xs_toolbox' build argument 'cmake_clean_cache' from command line to 'False'
[0.199s] Level 5:colcon.colcon_core.verb:set package 'interbotix_xs_toolbox' build argument 'cmake_clean_first' from command line to 'False'
[0.199s] Level 5:colcon.colcon_core.verb:set package 'interbotix_xs_toolbox' build argument 'cmake_force_configure' from command line to 'False'
[0.199s] Level 5:colcon.colcon_core.verb:set package 'interbotix_xs_toolbox' build argument 'ament_cmake_args' from command line to 'None'
[0.199s] Level 5:colcon.colcon_core.verb:set package 'interbotix_xs_toolbox' build argument 'catkin_cmake_args' from command line to 'None'
[0.199s] Level 5:colcon.colcon_core.verb:set package 'interbotix_xs_toolbox' build argument 'catkin_skip_building_tests' from command line to 'False'
[0.199s] DEBUG:colcon.colcon_core.verb:Building package 'interbotix_xs_toolbox' with the following arguments: {'ament_cmake_args': None, 'build_base': '/home/my11/interbotix_ws/build/interbotix_xs_toolbox', 'catkin_cmake_args': None, 'catkin_skip_building_tests': False, 'cmake_args': None, 'cmake_clean_cache': False, 'cmake_clean_first': False, 'cmake_force_configure': False, 'cmake_target': None, 'cmake_target_skip_unavailable': False, 'install_base': '/home/my11/interbotix_ws/install/interbotix_xs_toolbox', 'merge_install': False, 'path': '/home/my11/interbotix_ws/src/interbotix_ros_toolboxes/interbotix_xs_toolbox/interbotix_xs_toolbox', 'symlink_install': False, 'test_result_base': None}
[0.199s] Level 5:colcon.colcon_core.verb:set package 'interbotix_xsarm_descriptions' build argument 'cmake_args' from command line to 'None'
[0.199s] Level 5:colcon.colcon_core.verb:set package 'interbotix_xsarm_descriptions' build argument 'cmake_target' from command line to 'None'
[0.199s] Level 5:colcon.colcon_core.verb:set package 'interbotix_xsarm_descriptions' build argument 'cmake_target_skip_unavailable' from command line to 'False'
[0.199s] Level 5:colcon.colcon_core.verb:set package 'interbotix_xsarm_descriptions' build argument 'cmake_clean_cache' from command line to 'False'
[0.199s] Level 5:colcon.colcon_core.verb:set package 'interbotix_xsarm_descriptions' build argument 'cmake_clean_first' from command line to 'False'
[0.199s] Level 5:colcon.colcon_core.verb:set package 'interbotix_xsarm_descriptions' build argument 'cmake_force_configure' from command line to 'False'
[0.199s] Level 5:colcon.colcon_core.verb:set package 'interbotix_xsarm_descriptions' build argument 'ament_cmake_args' from command line to 'None'
[0.199s] Level 5:colcon.colcon_core.verb:set package 'interbotix_xsarm_descriptions' build argument 'catkin_cmake_args' from command line to 'None'
[0.199s] Level 5:colcon.colcon_core.verb:set package 'interbotix_xsarm_descriptions' build argument 'catkin_skip_building_tests' from command line to 'False'
[0.199s] DEBUG:colcon.colcon_core.verb:Building package 'interbotix_xsarm_descriptions' with the following arguments: {'ament_cmake_args': None, 'build_base': '/home/my11/interbotix_ws/build/interbotix_xsarm_descriptions', 'catkin_cmake_args': None, 'catkin_skip_building_tests': False, 'cmake_args': None, 'cmake_clean_cache': False, 'cmake_clean_first': False, 'cmake_force_configure': False, 'cmake_target': None, 'cmake_target_skip_unavailable': False, 'install_base': '/home/my11/interbotix_ws/install/interbotix_xsarm_descriptions', 'merge_install': False, 'path': '/home/my11/interbotix_ws/src/interbotix_ros_manipulators/interbotix_ros_xsarms/interbotix_xsarm_descriptions', 'symlink_install': False, 'test_result_base': None}
[0.199s] Level 5:colcon.colcon_core.verb:set package 'interbotix_xsarm_control' build argument 'cmake_args' from command line to 'None'
[0.199s] Level 5:colcon.colcon_core.verb:set package 'interbotix_xsarm_control' build argument 'cmake_target' from command line to 'None'
[0.199s] Level 5:colcon.colcon_core.verb:set package 'interbotix_xsarm_control' build argument 'cmake_target_skip_unavailable' from command line to 'False'
[0.199s] Level 5:colcon.colcon_core.verb:set package 'interbotix_xsarm_control' build argument 'cmake_clean_cache' from command line to 'False'
[0.199s] Level 5:colcon.colcon_core.verb:set package 'interbotix_xsarm_control' build argument 'cmake_clean_first' from command line to 'False'
[0.199s] Level 5:colcon.colcon_core.verb:set package 'interbotix_xsarm_control' build argument 'cmake_force_configure' from command line to 'False'
[0.199s] Level 5:colcon.colcon_core.verb:set package 'interbotix_xsarm_control' build argument 'ament_cmake_args' from command line to 'None'
[0.199s] Level 5:colcon.colcon_core.verb:set package 'interbotix_xsarm_control' build argument 'catkin_cmake_args' from command line to 'None'
[0.199s] Level 5:colcon.colcon_core.verb:set package 'interbotix_xsarm_control' build argument 'catkin_skip_building_tests' from command line to 'False'
[0.199s] DEBUG:colcon.colcon_core.verb:Building package 'interbotix_xsarm_control' with the following arguments: {'ament_cmake_args': None, 'build_base': '/home/my11/interbotix_ws/build/interbotix_xsarm_control', 'catkin_cmake_args': None, 'catkin_skip_building_tests': False, 'cmake_args': None, 'cmake_clean_cache': False, 'cmake_clean_first': False, 'cmake_force_configure': False, 'cmake_target': None, 'cmake_target_skip_unavailable': False, 'install_base': '/home/my11/interbotix_ws/install/interbotix_xsarm_control', 'merge_install': False, 'path': '/home/my11/interbotix_ws/src/interbotix_ros_manipulators/interbotix_ros_xsarms/interbotix_xsarm_control', 'symlink_install': False, 'test_result_base': None}
[0.199s] Level 5:colcon.colcon_core.verb:set package 'interbotix_xsarm_sim' build argument 'cmake_args' from command line to 'None'
[0.199s] Level 5:colcon.colcon_core.verb:set package 'interbotix_xsarm_sim' build argument 'cmake_target' from command line to 'None'
[0.199s] Level 5:colcon.colcon_core.verb:set package 'interbotix_xsarm_sim' build argument 'cmake_target_skip_unavailable' from command line to 'False'
[0.199s] Level 5:colcon.colcon_core.verb:set package 'interbotix_xsarm_sim' build argument 'cmake_clean_cache' from command line to 'False'
[0.199s] Level 5:colcon.colcon_core.verb:set package 'interbotix_xsarm_sim' build argument 'cmake_clean_first' from command line to 'False'
[0.199s] Level 5:colcon.colcon_core.verb:set package 'interbotix_xsarm_sim' build argument 'cmake_force_configure' from command line to 'False'
[0.199s] Level 5:colcon.colcon_core.verb:set package 'interbotix_xsarm_sim' build argument 'ament_cmake_args' from command line to 'None'
[0.199s] Level 5:colcon.colcon_core.verb:set package 'interbotix_xsarm_sim' build argument 'catkin_cmake_args' from command line to 'None'
[0.199s] Level 5:colcon.colcon_core.verb:set package 'interbotix_xsarm_sim' build argument 'catkin_skip_building_tests' from command line to 'False'
[0.199s] DEBUG:colcon.colcon_core.verb:Building package 'interbotix_xsarm_sim' with the following arguments: {'ament_cmake_args': None, 'build_base': '/home/my11/interbotix_ws/build/interbotix_xsarm_sim', 'catkin_cmake_args': None, 'catkin_skip_building_tests': False, 'cmake_args': None, 'cmake_clean_cache': False, 'cmake_clean_first': False, 'cmake_force_configure': False, 'cmake_target': None, 'cmake_target_skip_unavailable': False, 'install_base': '/home/my11/interbotix_ws/install/interbotix_xsarm_sim', 'merge_install': False, 'path': '/home/my11/interbotix_ws/src/interbotix_ros_manipulators/interbotix_ros_xsarms/interbotix_xsarm_sim', 'symlink_install': False, 'test_result_base': None}
[0.199s] Level 5:colcon.colcon_core.verb:set package 'interbotix_xsarm_dual' build argument 'cmake_args' from command line to 'None'
[0.199s] Level 5:colcon.colcon_core.verb:set package 'interbotix_xsarm_dual' build argument 'cmake_target' from command line to 'None'
[0.199s] Level 5:colcon.colcon_core.verb:set package 'interbotix_xsarm_dual' build argument 'cmake_target_skip_unavailable' from command line to 'False'
[0.199s] Level 5:colcon.colcon_core.verb:set package 'interbotix_xsarm_dual' build argument 'cmake_clean_cache' from command line to 'False'
[0.199s] Level 5:colcon.colcon_core.verb:set package 'interbotix_xsarm_dual' build argument 'cmake_clean_first' from command line to 'False'
[0.199s] Level 5:colcon.colcon_core.verb:set package 'interbotix_xsarm_dual' build argument 'cmake_force_configure' from command line to 'False'
[0.199s] Level 5:colcon.colcon_core.verb:set package 'interbotix_xsarm_dual' build argument 'ament_cmake_args' from command line to 'None'
[0.199s] Level 5:colcon.colcon_core.verb:set package 'interbotix_xsarm_dual' build argument 'catkin_cmake_args' from command line to 'None'
[0.199s] Level 5:colcon.colcon_core.verb:set package 'interbotix_xsarm_dual' build argument 'catkin_skip_building_tests' from command line to 'False'
[0.200s] DEBUG:colcon.colcon_core.verb:Building package 'interbotix_xsarm_dual' with the following arguments: {'ament_cmake_args': None, 'build_base': '/home/my11/interbotix_ws/build/interbotix_xsarm_dual', 'catkin_cmake_args': None, 'catkin_skip_building_tests': False, 'cmake_args': None, 'cmake_clean_cache': False, 'cmake_clean_first': False, 'cmake_force_configure': False, 'cmake_target': None, 'cmake_target_skip_unavailable': False, 'install_base': '/home/my11/interbotix_ws/install/interbotix_xsarm_dual', 'merge_install': False, 'path': '/home/my11/interbotix_ws/src/interbotix_ros_manipulators/interbotix_ros_xsarms/examples/interbotix_xsarm_dual', 'symlink_install': False, 'test_result_base': None}
[0.200s] Level 5:colcon.colcon_core.verb:set package 'interbotix_xsarm_gravity_compensation' build argument 'cmake_args' from command line to 'None'
[0.200s] Level 5:colcon.colcon_core.verb:set package 'interbotix_xsarm_gravity_compensation' build argument 'cmake_target' from command line to 'None'
[0.200s] Level 5:colcon.colcon_core.verb:set package 'interbotix_xsarm_gravity_compensation' build argument 'cmake_target_skip_unavailable' from command line to 'False'
[0.200s] Level 5:colcon.colcon_core.verb:set package 'interbotix_xsarm_gravity_compensation' build argument 'cmake_clean_cache' from command line to 'False'
[0.200s] Level 5:colcon.colcon_core.verb:set package 'interbotix_xsarm_gravity_compensation' build argument 'cmake_clean_first' from command line to 'False'
[0.200s] Level 5:colcon.colcon_core.verb:set package 'interbotix_xsarm_gravity_compensation' build argument 'cmake_force_configure' from command line to 'False'
[0.200s] Level 5:colcon.colcon_core.verb:set package 'interbotix_xsarm_gravity_compensation' build argument 'ament_cmake_args' from command line to 'None'
[0.200s] Level 5:colcon.colcon_core.verb:set package 'interbotix_xsarm_gravity_compensation' build argument 'catkin_cmake_args' from command line to 'None'
[0.200s] Level 5:colcon.colcon_core.verb:set package 'interbotix_xsarm_gravity_compensation' build argument 'catkin_skip_building_tests' from command line to 'False'
[0.200s] DEBUG:colcon.colcon_core.verb:Building package 'interbotix_xsarm_gravity_compensation' with the following arguments: {'ament_cmake_args': None, 'build_base': '/home/my11/interbotix_ws/build/interbotix_xsarm_gravity_compensation', 'catkin_cmake_args': None, 'catkin_skip_building_tests': False, 'cmake_args': None, 'cmake_clean_cache': False, 'cmake_clean_first': False, 'cmake_force_configure': False, 'cmake_target': None, 'cmake_target_skip_unavailable': False, 'install_base': '/home/my11/interbotix_ws/install/interbotix_xsarm_gravity_compensation', 'merge_install': False, 'path': '/home/my11/interbotix_ws/src/interbotix_ros_manipulators/interbotix_ros_xsarms/examples/interbotix_xsarm_gravity_compensation', 'symlink_install': False, 'test_result_base': None}
[0.200s] Level 5:colcon.colcon_core.verb:set package 'interbotix_xsarm_joy' build argument 'cmake_args' from command line to 'None'
[0.200s] Level 5:colcon.colcon_core.verb:set package 'interbotix_xsarm_joy' build argument 'cmake_target' from command line to 'None'
[0.200s] Level 5:colcon.colcon_core.verb:set package 'interbotix_xsarm_joy' build argument 'cmake_target_skip_unavailable' from command line to 'False'
[0.200s] Level 5:colcon.colcon_core.verb:set package 'interbotix_xsarm_joy' build argument 'cmake_clean_cache' from command line to 'False'
[0.200s] Level 5:colcon.colcon_core.verb:set package 'interbotix_xsarm_joy' build argument 'cmake_clean_first' from command line to 'False'
[0.200s] Level 5:colcon.colcon_core.verb:set package 'interbotix_xsarm_joy' build argument 'cmake_force_configure' from command line to 'False'
[0.200s] Level 5:colcon.colcon_core.verb:set package 'interbotix_xsarm_joy' build argument 'ament_cmake_args' from command line to 'None'
[0.200s] Level 5:colcon.colcon_core.verb:set package 'interbotix_xsarm_joy' build argument 'catkin_cmake_args' from command line to 'None'
[0.200s] Level 5:colcon.colcon_core.verb:set package 'interbotix_xsarm_joy' build argument 'catkin_skip_building_tests' from command line to 'False'
[0.200s] DEBUG:colcon.colcon_core.verb:Building package 'interbotix_xsarm_joy' with the following arguments: {'ament_cmake_args': None, 'build_base': '/home/my11/interbotix_ws/build/interbotix_xsarm_joy', 'catkin_cmake_args': None, 'catkin_skip_building_tests': False, 'cmake_args': None, 'cmake_clean_cache': False, 'cmake_clean_first': False, 'cmake_force_configure': False, 'cmake_target': None, 'cmake_target_skip_unavailable': False, 'install_base': '/home/my11/interbotix_ws/install/interbotix_xsarm_joy', 'merge_install': False, 'path': '/home/my11/interbotix_ws/src/interbotix_ros_manipulators/interbotix_ros_xsarms/examples/interbotix_xsarm_joy', 'symlink_install': False, 'test_result_base': None}
[0.200s] Level 5:colcon.colcon_core.verb:set package 'interbotix_xsarm_perception' build argument 'cmake_args' from command line to 'None'
[0.200s] Level 5:colcon.colcon_core.verb:set package 'interbotix_xsarm_perception' build argument 'cmake_target' from command line to 'None'
[0.200s] Level 5:colcon.colcon_core.verb:set package 'interbotix_xsarm_perception' build argument 'cmake_target_skip_unavailable' from command line to 'False'
[0.200s] Level 5:colcon.colcon_core.verb:set package 'interbotix_xsarm_perception' build argument 'cmake_clean_cache' from command line to 'False'
[0.200s] Level 5:colcon.colcon_core.verb:set package 'interbotix_xsarm_perception' build argument 'cmake_clean_first' from command line to 'False'
[0.200s] Level 5:colcon.colcon_core.verb:set package 'interbotix_xsarm_perception' build argument 'cmake_force_configure' from command line to 'False'
[0.200s] Level 5:colcon.colcon_core.verb:set package 'interbotix_xsarm_perception' build argument 'ament_cmake_args' from command line to 'None'
[0.200s] Level 5:colcon.colcon_core.verb:set package 'interbotix_xsarm_perception' build argument 'catkin_cmake_args' from command line to 'None'
[0.200s] Level 5:colcon.colcon_core.verb:set package 'interbotix_xsarm_perception' build argument 'catkin_skip_building_tests' from command line to 'False'
[0.200s] DEBUG:colcon.colcon_core.verb:Building package 'interbotix_xsarm_perception' with the following arguments: {'ament_cmake_args': None, 'build_base': '/home/my11/interbotix_ws/build/interbotix_xsarm_perception', 'catkin_cmake_args': None, 'catkin_skip_building_tests': False, 'cmake_args': None, 'cmake_clean_cache': False, 'cmake_clean_first': False, 'cmake_force_configure': False, 'cmake_target': None, 'cmake_target_skip_unavailable': False, 'install_base': '/home/my11/interbotix_ws/install/interbotix_xsarm_perception', 'merge_install': False, 'path': '/home/my11/interbotix_ws/src/interbotix_ros_manipulators/interbotix_ros_xsarms/interbotix_xsarm_perception', 'symlink_install': False, 'test_result_base': None}
[0.200s] Level 5:colcon.colcon_core.verb:set package 'interbotix_xsarm_puppet' build argument 'cmake_args' from command line to 'None'
[0.200s] Level 5:colcon.colcon_core.verb:set package 'interbotix_xsarm_puppet' build argument 'cmake_target' from command line to 'None'
[0.200s] Level 5:colcon.colcon_core.verb:set package 'interbotix_xsarm_puppet' build argument 'cmake_target_skip_unavailable' from command line to 'False'
[0.200s] Level 5:colcon.colcon_core.verb:set package 'interbotix_xsarm_puppet' build argument 'cmake_clean_cache' from command line to 'False'
[0.200s] Level 5:colcon.colcon_core.verb:set package 'interbotix_xsarm_puppet' build argument 'cmake_clean_first' from command line to 'False'
[0.200s] Level 5:colcon.colcon_core.verb:set package 'interbotix_xsarm_puppet' build argument 'cmake_force_configure' from command line to 'False'
[0.200s] Level 5:colcon.colcon_core.verb:set package 'interbotix_xsarm_puppet' build argument 'ament_cmake_args' from command line to 'None'
[0.200s] Level 5:colcon.colcon_core.verb:set package 'interbotix_xsarm_puppet' build argument 'catkin_cmake_args' from command line to 'None'
[0.200s] Level 5:colcon.colcon_core.verb:set package 'interbotix_xsarm_puppet' build argument 'catkin_skip_building_tests' from command line to 'False'
[0.200s] DEBUG:colcon.colcon_core.verb:Building package 'interbotix_xsarm_puppet' with the following arguments: {'ament_cmake_args': None, 'build_base': '/home/my11/interbotix_ws/build/interbotix_xsarm_puppet', 'catkin_cmake_args': None, 'catkin_skip_building_tests': False, 'cmake_args': None, 'cmake_clean_cache': False, 'cmake_clean_first': False, 'cmake_force_configure': False, 'cmake_target': None, 'cmake_target_skip_unavailable': False, 'install_base': '/home/my11/interbotix_ws/install/interbotix_xsarm_puppet', 'merge_install': False, 'path': '/home/my11/interbotix_ws/src/interbotix_ros_manipulators/interbotix_ros_xsarms/examples/interbotix_xsarm_puppet', 'symlink_install': False, 'test_result_base': None}
[0.201s] Level 5:colcon.colcon_core.verb:set package 'interbotix_xsarm_ros_control' build argument 'cmake_args' from command line to 'None'
[0.201s] Level 5:colcon.colcon_core.verb:set package 'interbotix_xsarm_ros_control' build argument 'cmake_target' from command line to 'None'
[0.201s] Level 5:colcon.colcon_core.verb:set package 'interbotix_xsarm_ros_control' build argument 'cmake_target_skip_unavailable' from command line to 'False'
[0.201s] Level 5:colcon.colcon_core.verb:set package 'interbotix_xsarm_ros_control' build argument 'cmake_clean_cache' from command line to 'False'
[0.201s] Level 5:colcon.colcon_core.verb:set package 'interbotix_xsarm_ros_control' build argument 'cmake_clean_first' from command line to 'False'
[0.201s] Level 5:colcon.colcon_core.verb:set package 'interbotix_xsarm_ros_control' build argument 'cmake_force_configure' from command line to 'False'
[0.201s] Level 5:colcon.colcon_core.verb:set package 'interbotix_xsarm_ros_control' build argument 'ament_cmake_args' from command line to 'None'
[0.201s] Level 5:colcon.colcon_core.verb:set package 'interbotix_xsarm_ros_control' build argument 'catkin_cmake_args' from command line to 'None'
[0.201s] Level 5:colcon.colcon_core.verb:set package 'interbotix_xsarm_ros_control' build argument 'catkin_skip_building_tests' from command line to 'False'
[0.201s] DEBUG:colcon.colcon_core.verb:Building package 'interbotix_xsarm_ros_control' with the following arguments: {'ament_cmake_args': None, 'build_base': '/home/my11/interbotix_ws/build/interbotix_xsarm_ros_control', 'catkin_cmake_args': None, 'catkin_skip_building_tests': False, 'cmake_args': None, 'cmake_clean_cache': False, 'cmake_clean_first': False, 'cmake_force_configure': False, 'cmake_target': None, 'cmake_target_skip_unavailable': False, 'install_base': '/home/my11/interbotix_ws/install/interbotix_xsarm_ros_control', 'merge_install': False, 'path': '/home/my11/interbotix_ws/src/interbotix_ros_manipulators/interbotix_ros_xsarms/interbotix_xsarm_ros_control', 'symlink_install': False, 'test_result_base': None}
[0.201s] Level 5:colcon.colcon_core.verb:set package 'interbotix_xsarm_moveit' build argument 'cmake_args' from command line to 'None'
[0.201s] Level 5:colcon.colcon_core.verb:set package 'interbotix_xsarm_moveit' build argument 'cmake_target' from command line to 'None'
[0.201s] Level 5:colcon.colcon_core.verb:set package 'interbotix_xsarm_moveit' build argument 'cmake_target_skip_unavailable' from command line to 'False'
[0.201s] Level 5:colcon.colcon_core.verb:set package 'interbotix_xsarm_moveit' build argument 'cmake_clean_cache' from command line to 'False'
[0.201s] Level 5:colcon.colcon_core.verb:set package 'interbotix_xsarm_moveit' build argument 'cmake_clean_first' from command line to 'False'
[0.201s] Level 5:colcon.colcon_core.verb:set package 'interbotix_xsarm_moveit' build argument 'cmake_force_configure' from command line to 'False'
[0.201s] Level 5:colcon.colcon_core.verb:set package 'interbotix_xsarm_moveit' build argument 'ament_cmake_args' from command line to 'None'
[0.201s] Level 5:colcon.colcon_core.verb:set package 'interbotix_xsarm_moveit' build argument 'catkin_cmake_args' from command line to 'None'
[0.201s] Level 5:colcon.colcon_core.verb:set package 'interbotix_xsarm_moveit' build argument 'catkin_skip_building_tests' from command line to 'False'
[0.201s] DEBUG:colcon.colcon_core.verb:Building package 'interbotix_xsarm_moveit' with the following arguments: {'ament_cmake_args': None, 'build_base': '/home/my11/interbotix_ws/build/interbotix_xsarm_moveit', 'catkin_cmake_args': None, 'catkin_skip_building_tests': False, 'cmake_args': None, 'cmake_clean_cache': False, 'cmake_clean_first': False, 'cmake_force_configure': False, 'cmake_target': None, 'cmake_target_skip_unavailable': False, 'install_base': '/home/my11/interbotix_ws/install/interbotix_xsarm_moveit', 'merge_install': False, 'path': '/home/my11/interbotix_ws/src/interbotix_ros_manipulators/interbotix_ros_xsarms/interbotix_xsarm_moveit', 'symlink_install': False, 'test_result_base': None}
[0.201s] Level 5:colcon.colcon_core.verb:set package 'interbotix_ros_xsarms' build argument 'cmake_args' from command line to 'None'
[0.201s] Level 5:colcon.colcon_core.verb:set package 'interbotix_ros_xsarms' build argument 'cmake_target' from command line to 'None'
[0.201s] Level 5:colcon.colcon_core.verb:set package 'interbotix_ros_xsarms' build argument 'cmake_target_skip_unavailable' from command line to 'False'
[0.201s] Level 5:colcon.colcon_core.verb:set package 'interbotix_ros_xsarms' build argument 'cmake_clean_cache' from command line to 'False'
[0.201s] Level 5:colcon.colcon_core.verb:set package 'interbotix_ros_xsarms' build argument 'cmake_clean_first' from command line to 'False'
[0.201s] Level 5:colcon.colcon_core.verb:set package 'interbotix_ros_xsarms' build argument 'cmake_force_configure' from command line to 'False'
[0.201s] Level 5:colcon.colcon_core.verb:set package 'interbotix_ros_xsarms' build argument 'ament_cmake_args' from command line to 'None'
[0.201s] Level 5:colcon.colcon_core.verb:set package 'interbotix_ros_xsarms' build argument 'catkin_cmake_args' from command line to 'None'
[0.201s] Level 5:colcon.colcon_core.verb:set package 'interbotix_ros_xsarms' build argument 'catkin_skip_building_tests' from command line to 'False'
[0.201s] DEBUG:colcon.colcon_core.verb:Building package 'interbotix_ros_xsarms' with the following arguments: {'ament_cmake_args': None, 'build_base': '/home/my11/interbotix_ws/build/interbotix_ros_xsarms', 'catkin_cmake_args': None, 'catkin_skip_building_tests': False, 'cmake_args': None, 'cmake_clean_cache': False, 'cmake_clean_first': False, 'cmake_force_configure': False, 'cmake_target': None, 'cmake_target_skip_unavailable': False, 'install_base': '/home/my11/interbotix_ws/install/interbotix_ros_xsarms', 'merge_install': False, 'path': '/home/my11/interbotix_ws/src/interbotix_ros_manipulators/interbotix_ros_xsarms/interbotix_ros_xsarms', 'symlink_install': False, 'test_result_base': None}
[0.201s] Level 5:colcon.colcon_core.verb:set package 'interbotix_xsarm_moveit_interface' build argument 'cmake_args' from command line to 'None'
[0.201s] Level 5:colcon.colcon_core.verb:set package 'interbotix_xsarm_moveit_interface' build argument 'cmake_target' from command line to 'None'
[0.201s] Level 5:colcon.colcon_core.verb:set package 'interbotix_xsarm_moveit_interface' build argument 'cmake_target_skip_unavailable' from command line to 'False'
[0.201s] Level 5:colcon.colcon_core.verb:set package 'interbotix_xsarm_moveit_interface' build argument 'cmake_clean_cache' from command line to 'False'
[0.201s] Level 5:colcon.colcon_core.verb:set package 'interbotix_xsarm_moveit_interface' build argument 'cmake_clean_first' from command line to 'False'
[0.201s] Level 5:colcon.colcon_core.verb:set package 'interbotix_xsarm_moveit_interface' build argument 'cmake_force_configure' from command line to 'False'
[0.201s] Level 5:colcon.colcon_core.verb:set package 'interbotix_xsarm_moveit_interface' build argument 'ament_cmake_args' from command line to 'None'
[0.201s] Level 5:colcon.colcon_core.verb:set package 'interbotix_xsarm_moveit_interface' build argument 'catkin_cmake_args' from command line to 'None'
[0.201s] Level 5:colcon.colcon_core.verb:set package 'interbotix_xsarm_moveit_interface' build argument 'catkin_skip_building_tests' from command line to 'False'
[0.201s] DEBUG:colcon.colcon_core.verb:Building package 'interbotix_xsarm_moveit_interface' with the following arguments: {'ament_cmake_args': None, 'build_base': '/home/my11/interbotix_ws/build/interbotix_xsarm_moveit_interface', 'catkin_cmake_args': None, 'catkin_skip_building_tests': False, 'cmake_args': None, 'cmake_clean_cache': False, 'cmake_clean_first': False, 'cmake_force_configure': False, 'cmake_target': None, 'cmake_target_skip_unavailable': False, 'install_base': '/home/my11/interbotix_ws/install/interbotix_xsarm_moveit_interface', 'merge_install': False, 'path': '/home/my11/interbotix_ws/src/interbotix_ros_manipulators/interbotix_ros_xsarms/examples/interbotix_xsarm_moveit_interface', 'symlink_install': False, 'test_result_base': None}
[0.201s] Level 5:colcon.colcon_core.verb:set package 'interbotix_ros_xsarms_examples' build argument 'cmake_args' from command line to 'None'
[0.201s] Level 5:colcon.colcon_core.verb:set package 'interbotix_ros_xsarms_examples' build argument 'cmake_target' from command line to 'None'
[0.201s] Level 5:colcon.colcon_core.verb:set package 'interbotix_ros_xsarms_examples' build argument 'cmake_target_skip_unavailable' from command line to 'False'
[0.201s] Level 5:colcon.colcon_core.verb:set package 'interbotix_ros_xsarms_examples' build argument 'cmake_clean_cache' from command line to 'False'
[0.201s] Level 5:colcon.colcon_core.verb:set package 'interbotix_ros_xsarms_examples' build argument 'cmake_clean_first' from command line to 'False'
[0.201s] Level 5:colcon.colcon_core.verb:set package 'interbotix_ros_xsarms_examples' build argument 'cmake_force_configure' from command line to 'False'
[0.201s] Level 5:colcon.colcon_core.verb:set package 'interbotix_ros_xsarms_examples' build argument 'ament_cmake_args' from command line to 'None'
[0.201s] Level 5:colcon.colcon_core.verb:set package 'interbotix_ros_xsarms_examples' build argument 'catkin_cmake_args' from command line to 'None'
[0.201s] Level 5:colcon.colcon_core.verb:set package 'interbotix_ros_xsarms_examples' build argument 'catkin_skip_building_tests' from command line to 'False'
[0.201s] DEBUG:colcon.colcon_core.verb:Building package 'interbotix_ros_xsarms_examples' with the following arguments: {'ament_cmake_args': None, 'build_base': '/home/my11/interbotix_ws/build/interbotix_ros_xsarms_examples', 'catkin_cmake_args': None, 'catkin_skip_building_tests': False, 'cmake_args': None, 'cmake_clean_cache': False, 'cmake_clean_first': False, 'cmake_force_configure': False, 'cmake_target': None, 'cmake_target_skip_unavailable': False, 'install_base': '/home/my11/interbotix_ws/install/interbotix_ros_xsarms_examples', 'merge_install': False, 'path': '/home/my11/interbotix_ws/src/interbotix_ros_manipulators/interbotix_ros_xsarms/examples/interbotix_ros_xsarms_examples', 'symlink_install': False, 'test_result_base': None}
[0.202s] INFO:colcon.colcon_core.executor:Executing jobs using 'parallel' executor
[0.202s] DEBUG:colcon.colcon_parallel_executor.executor.parallel:run_until_complete
[0.202s] INFO:colcon.colcon_ros.task.ament_cmake.build:Building ROS package in '/home/my11/interbotix_ws/src/interbotix_ros_core/interbotix_ros_xseries/interbotix_xs_msgs' with build type 'ament_cmake'
[0.203s] INFO:colcon.colcon_cmake.task.cmake.build:Building CMake package in '/home/my11/interbotix_ws/src/interbotix_ros_core/interbotix_ros_xseries/interbotix_xs_msgs'
[0.204s] INFO:colcon.colcon_core.plugin_system:Skipping extension 'colcon_core.shell.bat': Not used on non-Windows systems
[0.204s] INFO:colcon.colcon_core.shell:Skip shell extension 'powershell' for command environment: Not usable outside of PowerShell
[0.204s] DEBUG:colcon.colcon_core.shell:Skip shell extension 'dsv' for command environment
[0.206s] INFO:colcon.colcon_ros.task.ament_cmake.build:Building ROS package in '/home/my11/interbotix_ws/src/interbotix_ros_core/interbotix_ros_xseries/dynamixel_workbench_toolbox' with build type 'ament_cmake'
[0.206s] INFO:colcon.colcon_cmake.task.cmake.build:Building CMake package in '/home/my11/interbotix_ws/src/interbotix_ros_core/interbotix_ros_xseries/dynamixel_workbench_toolbox'
[0.206s] INFO:colcon.colcon_core.shell:Skip shell extension 'powershell' for command environment: Not usable outside of PowerShell
[0.206s] DEBUG:colcon.colcon_core.shell:Skip shell extension 'dsv' for command environment
[0.208s] INFO:colcon.colcon_ros.task.ament_python.build:Building ROS package in '/home/my11/interbotix_ws/src/interbotix_ros_toolboxes/interbotix_common_toolbox/interbotix_common_modules' with build type 'ament_python'
[0.208s] Level 1:colcon.colcon_core.shell:create_environment_hook('interbotix_common_modules', 'ament_prefix_path')
[0.208s] INFO:colcon.colcon_core.shell:Creating environment hook '/home/my11/interbotix_ws/install/interbotix_common_modules/share/interbotix_common_modules/hook/ament_prefix_path.ps1'
[0.208s] INFO:colcon.colcon_core.shell:Creating environment descriptor '/home/my11/interbotix_ws/install/interbotix_common_modules/share/interbotix_common_modules/hook/ament_prefix_path.dsv'
[0.208s] INFO:colcon.colcon_core.shell:Creating environment hook '/home/my11/interbotix_ws/install/interbotix_common_modules/share/interbotix_common_modules/hook/ament_prefix_path.sh'
[0.209s] INFO:colcon.colcon_core.shell:Skip shell extension 'powershell' for command environment: Not usable outside of PowerShell
[0.209s] DEBUG:colcon.colcon_core.shell:Skip shell extension 'dsv' for command environment
[0.210s] INFO:colcon.colcon_ros.task.ament_cmake.build:Building ROS package in '/home/my11/interbotix_ws/src/interbotix_ros_toolboxes/interbotix_common_toolbox/interbotix_common_sim' with build type 'ament_cmake'
[0.210s] INFO:colcon.colcon_cmake.task.cmake.build:Building CMake package in '/home/my11/interbotix_ws/src/interbotix_ros_toolboxes/interbotix_common_toolbox/interbotix_common_sim'
[0.210s] INFO:colcon.colcon_core.shell:Skip shell extension 'powershell' for command environment: Not usable outside of PowerShell
[0.210s] DEBUG:colcon.colcon_core.shell:Skip shell extension 'dsv' for command environment
[0.212s] INFO:colcon.colcon_ros.task.ament_cmake.build:Building ROS package in '/home/my11/interbotix_ws/src/interbotix_ros_toolboxes/interbotix_perception_toolbox/interbotix_perception_msgs' with build type 'ament_cmake'
[0.212s] INFO:colcon.colcon_cmake.task.cmake.build:Building CMake package in '/home/my11/interbotix_ws/src/interbotix_ros_toolboxes/interbotix_perception_toolbox/interbotix_perception_msgs'
[0.212s] INFO:colcon.colcon_core.shell:Skip shell extension 'powershell' for command environment: Not usable outside of PowerShell
[0.212s] DEBUG:colcon.colcon_core.shell:Skip shell extension 'dsv' for command environment
[0.214s] INFO:colcon.colcon_ros.task.ament_cmake.build:Building ROS package in '/home/my11/interbotix_ws/src/interbotix_ros_toolboxes/interbotix_common_toolbox/interbotix_moveit_interface_msgs' with build type 'ament_cmake'
[0.214s] INFO:colcon.colcon_cmake.task.cmake.build:Building CMake package in '/home/my11/interbotix_ws/src/interbotix_ros_toolboxes/interbotix_common_toolbox/interbotix_moveit_interface_msgs'
[0.214s] INFO:colcon.colcon_core.shell:Skip shell extension 'powershell' for command environment: Not usable outside of PowerShell
[0.214s] DEBUG:colcon.colcon_core.shell:Skip shell extension 'dsv' for command environment
[0.215s] INFO:colcon.colcon_ros.task.ament_cmake.build:Building ROS package in '/home/my11/interbotix_ws/src/moveit_visual_tools' with build type 'ament_cmake'
[0.216s] INFO:colcon.colcon_cmake.task.cmake.build:Building CMake package in '/home/my11/interbotix_ws/src/moveit_visual_tools'
[0.216s] INFO:colcon.colcon_core.shell:Skip shell extension 'powershell' for command environment: Not usable outside of PowerShell
[0.216s] DEBUG:colcon.colcon_core.shell:Skip shell extension 'dsv' for command environment
[0.217s] INFO:colcon.colcon_ros.task.ament_cmake.build:Building ROS package in '/home/my11/interbotix_ws/src/interbotix_ros_toolboxes/interbotix_common_toolbox/interbotix_tf_tools' with build type 'ament_cmake'
[0.217s] INFO:colcon.colcon_cmake.task.cmake.build:Building CMake package in '/home/my11/interbotix_ws/src/interbotix_ros_toolboxes/interbotix_common_toolbox/interbotix_tf_tools'
[0.217s] INFO:colcon.colcon_core.shell:Skip shell extension 'powershell' for command environment: Not usable outside of PowerShell
[0.217s] DEBUG:colcon.colcon_core.shell:Skip shell extension 'dsv' for command environment
[0.222s] DEBUG:colcon.colcon_core.event_handler.log_command:Invoking command in '/home/my11/interbotix_ws/build/interbotix_xs_msgs': CMAKE_PREFIX_PATH=${CMAKE_PREFIX_PATH}:/home/my11/ros2_ws/install/opencv_test_py:/opt/ros/humble /usr/bin/cmake /home/my11/interbotix_ws/src/interbotix_ros_core/interbotix_ros_xseries/interbotix_xs_msgs -DCMAKE_INSTALL_PREFIX=/home/my11/interbotix_ws/install/interbotix_xs_msgs
[0.223s] DEBUG:colcon.colcon_core.event_handler.log_command:Invoking command in '/home/my11/interbotix_ws/build/dynamixel_workbench_toolbox': CMAKE_PREFIX_PATH=${CMAKE_PREFIX_PATH}:/home/my11/ros2_ws/install/opencv_test_py:/opt/ros/humble /usr/bin/cmake /home/my11/interbotix_ws/src/interbotix_ros_core/interbotix_ros_xseries/dynamixel_workbench_toolbox -DCMAKE_INSTALL_PREFIX=/home/my11/interbotix_ws/install/dynamixel_workbench_toolbox
[0.359s] INFO:colcon.colcon_core.task.python.build:Building Python package in '/home/my11/interbotix_ws/src/interbotix_ros_toolboxes/interbotix_common_toolbox/interbotix_common_modules'
[0.359s] INFO:colcon.colcon_core.shell:Skip shell extension 'powershell' for command environment: Not usable outside of PowerShell
[0.359s] DEBUG:colcon.colcon_core.shell:Skip shell extension 'dsv' for command environment
[0.364s] DEBUG:colcon.colcon_core.event_handler.log_command:Invoking command in '/home/my11/interbotix_ws/build/interbotix_common_sim': CMAKE_PREFIX_PATH=${CMAKE_PREFIX_PATH}:/home/my11/ros2_ws/install/opencv_test_py:/opt/ros/humble /usr/bin/cmake /home/my11/interbotix_ws/src/interbotix_ros_toolboxes/interbotix_common_toolbox/interbotix_common_sim -DCMAKE_INSTALL_PREFIX=/home/my11/interbotix_ws/install/interbotix_common_sim
[0.366s] DEBUG:colcon.colcon_core.event_handler.log_command:Invoking command in '/home/my11/interbotix_ws/build/interbotix_perception_msgs': CMAKE_PREFIX_PATH=${CMAKE_PREFIX_PATH}:/home/my11/ros2_ws/install/opencv_test_py:/opt/ros/humble /usr/bin/cmake /home/my11/interbotix_ws/src/interbotix_ros_toolboxes/interbotix_perception_toolbox/interbotix_perception_msgs -DCMAKE_INSTALL_PREFIX=/home/my11/interbotix_ws/install/interbotix_perception_msgs
[0.367s] DEBUG:colcon.colcon_core.event_handler.log_command:Invoking command in '/home/my11/interbotix_ws/build/interbotix_moveit_interface_msgs': CMAKE_PREFIX_PATH=${CMAKE_PREFIX_PATH}:/home/my11/ros2_ws/install/opencv_test_py:/opt/ros/humble /usr/bin/cmake /home/my11/interbotix_ws/src/interbotix_ros_toolboxes/interbotix_common_toolbox/interbotix_moveit_interface_msgs -DCMAKE_INSTALL_PREFIX=/home/my11/interbotix_ws/install/interbotix_moveit_interface_msgs
[0.367s] DEBUG:colcon.colcon_core.event_handler.log_command:Invoking command in '/home/my11/interbotix_ws/build/moveit_visual_tools': CMAKE_PREFIX_PATH=${CMAKE_PREFIX_PATH}:/home/my11/ros2_ws/install/opencv_test_py:/opt/ros/humble /usr/bin/cmake /home/my11/interbotix_ws/src/moveit_visual_tools -DCMAKE_INSTALL_PREFIX=/home/my11/interbotix_ws/install/moveit_visual_tools
[0.379s] DEBUG:colcon.colcon_core.event_handler.log_command:Invoking command in '/home/my11/interbotix_ws/build/interbotix_tf_tools': CMAKE_PREFIX_PATH=${CMAKE_PREFIX_PATH}:/home/my11/ros2_ws/install/opencv_test_py:/opt/ros/humble /usr/bin/cmake /home/my11/interbotix_ws/src/interbotix_ros_toolboxes/interbotix_common_toolbox/interbotix_tf_tools -DCMAKE_INSTALL_PREFIX=/home/my11/interbotix_ws/install/interbotix_tf_tools
[0.778s] DEBUG:colcon.colcon_core.event_handler.log_command:Invoking command in '/home/my11/interbotix_ws/src/interbotix_ros_toolboxes/interbotix_common_toolbox/interbotix_common_modules': PYTHONPATH=/home/my11/interbotix_ws/build/interbotix_common_modules/prefix_override:/usr/lib/python3/dist-packages/colcon_core/task/python/colcon_distutils_commands:/home/my11/interbotix_ws/install/interbotix_common_modules/lib/python3.10/site-packages:${PYTHONPATH} /usr/bin/python3 -W ignore:setup.py install is deprecated setup.py egg_info --egg-base ../../../../build/interbotix_common_modules build --build-base /home/my11/interbotix_ws/build/interbotix_common_modules/build install --record /home/my11/interbotix_ws/build/interbotix_common_modules/install.log --single-version-externally-managed install_data
[0.861s] DEBUG:colcon.colcon_core.event_handler.log_command:Invoked command in '/home/my11/interbotix_ws/build/interbotix_common_sim' returned '0': CMAKE_PREFIX_PATH=${CMAKE_PREFIX_PATH}:/home/my11/ros2_ws/install/opencv_test_py:/opt/ros/humble /usr/bin/cmake /home/my11/interbotix_ws/src/interbotix_ros_toolboxes/interbotix_common_toolbox/interbotix_common_sim -DCMAKE_INSTALL_PREFIX=/home/my11/interbotix_ws/install/interbotix_common_sim
[0.863s] DEBUG:colcon.colcon_core.event_handler.log_command:Invoking command in '/home/my11/interbotix_ws/build/interbotix_common_sim': CMAKE_PREFIX_PATH=${CMAKE_PREFIX_PATH}:/home/my11/ros2_ws/install/opencv_test_py:/opt/ros/humble /usr/bin/cmake --build /home/my11/interbotix_ws/build/interbotix_common_sim -- -j20 -l20
[0.891s] DEBUG:colcon.colcon_core.event_handler.log_command:Invoked command in '/home/my11/interbotix_ws/build/interbotix_common_sim' returned '0': CMAKE_PREFIX_PATH=${CMAKE_PREFIX_PATH}:/home/my11/ros2_ws/install/opencv_test_py:/opt/ros/humble /usr/bin/cmake --build /home/my11/interbotix_ws/build/interbotix_common_sim -- -j20 -l20
[0.914s] DEBUG:colcon.colcon_core.event_handler.log_command:Invoking command in '/home/my11/interbotix_ws/build/interbotix_common_sim': CMAKE_PREFIX_PATH=${CMAKE_PREFIX_PATH}:/home/my11/ros2_ws/install/opencv_test_py:/opt/ros/humble /usr/bin/cmake --install /home/my11/interbotix_ws/build/interbotix_common_sim
[0.921s] Level 1:colcon.colcon_core.environment:create_environment_scripts_only(interbotix_common_sim)
[0.921s] DEBUG:colcon.colcon_core.event_handler.log_command:Invoked command in '/home/my11/interbotix_ws/build/interbotix_common_sim' returned '0': CMAKE_PREFIX_PATH=${CMAKE_PREFIX_PATH}:/home/my11/ros2_ws/install/opencv_test_py:/opt/ros/humble /usr/bin/cmake --install /home/my11/interbotix_ws/build/interbotix_common_sim
[0.922s] Level 1:colcon.colcon_core.environment:checking '/home/my11/interbotix_ws/install/interbotix_common_sim' for CMake module files
[0.923s] Level 1:colcon.colcon_core.environment:checking '/home/my11/interbotix_ws/install/interbotix_common_sim' for CMake config files
[0.923s] Level 1:colcon.colcon_core.shell:create_environment_hook('interbotix_common_sim', 'cmake_prefix_path')
[0.923s] INFO:colcon.colcon_core.shell:Creating environment hook '/home/my11/interbotix_ws/install/interbotix_common_sim/share/interbotix_common_sim/hook/cmake_prefix_path.ps1'
[0.923s] INFO:colcon.colcon_core.shell:Creating environment descriptor '/home/my11/interbotix_ws/install/interbotix_common_sim/share/interbotix_common_sim/hook/cmake_prefix_path.dsv'
[0.923s] INFO:colcon.colcon_core.shell:Creating environment hook '/home/my11/interbotix_ws/install/interbotix_common_sim/share/interbotix_common_sim/hook/cmake_prefix_path.sh'
[0.924s] Level 1:colcon.colcon_core.environment:checking '/home/my11/interbotix_ws/install/interbotix_common_sim/bin'
[0.924s] Level 1:colcon.colcon_core.environment:checking '/home/my11/interbotix_ws/install/interbotix_common_sim/lib/pkgconfig/interbotix_common_sim.pc'
[0.924s] Level 1:colcon.colcon_core.environment:checking '/home/my11/interbotix_ws/install/interbotix_common_sim/lib/python3.10/site-packages'
[0.924s] Level 1:colcon.colcon_core.environment:checking '/home/my11/interbotix_ws/install/interbotix_common_sim/bin'
[0.924s] INFO:colcon.colcon_core.shell:Creating package script '/home/my11/interbotix_ws/install/interbotix_common_sim/share/interbotix_common_sim/package.ps1'
[0.925s] INFO:colcon.colcon_core.shell:Creating package descriptor '/home/my11/interbotix_ws/install/interbotix_common_sim/share/interbotix_common_sim/package.dsv'
[0.925s] INFO:colcon.colcon_core.shell:Creating package script '/home/my11/interbotix_ws/install/interbotix_common_sim/share/interbotix_common_sim/package.sh'
[0.925s] INFO:colcon.colcon_core.shell:Creating package script '/home/my11/interbotix_ws/install/interbotix_common_sim/share/interbotix_common_sim/package.bash'
[0.926s] INFO:colcon.colcon_core.shell:Creating package script '/home/my11/interbotix_ws/install/interbotix_common_sim/share/interbotix_common_sim/package.zsh'
[0.926s] Level 1:colcon.colcon_core.environment:create_file_with_runtime_dependencies(/home/my11/interbotix_ws/install/interbotix_common_sim/share/colcon-core/packages/interbotix_common_sim)
[0.946s] Level 1:colcon.colcon_core.environment:create_environment_scripts_only(interbotix_common_sim)
[0.946s] Level 1:colcon.colcon_core.environment:checking '/home/my11/interbotix_ws/install/interbotix_common_sim' for CMake module files
[0.946s] Level 1:colcon.colcon_core.environment:checking '/home/my11/interbotix_ws/install/interbotix_common_sim' for CMake config files
[0.947s] Level 1:colcon.colcon_core.shell:create_environment_hook('interbotix_common_sim', 'cmake_prefix_path')
[0.947s] INFO:colcon.colcon_core.shell:Creating environment hook '/home/my11/interbotix_ws/install/interbotix_common_sim/share/interbotix_common_sim/hook/cmake_prefix_path.ps1'
[0.947s] INFO:colcon.colcon_core.shell:Creating environment descriptor '/home/my11/interbotix_ws/install/interbotix_common_sim/share/interbotix_common_sim/hook/cmake_prefix_path.dsv'
[0.947s] INFO:colcon.colcon_core.shell:Creating environment hook '/home/my11/interbotix_ws/install/interbotix_common_sim/share/interbotix_common_sim/hook/cmake_prefix_path.sh'
[0.947s] Level 1:colcon.colcon_core.environment:checking '/home/my11/interbotix_ws/install/interbotix_common_sim/bin'
[0.947s] Level 1:colcon.colcon_core.environment:checking '/home/my11/interbotix_ws/install/interbotix_common_sim/lib/pkgconfig/interbotix_common_sim.pc'
[0.948s] Level 1:colcon.colcon_core.environment:checking '/home/my11/interbotix_ws/install/interbotix_common_sim/lib/python3.10/site-packages'
[0.948s] Level 1:colcon.colcon_core.environment:checking '/home/my11/interbotix_ws/install/interbotix_common_sim/bin'
[0.948s] INFO:colcon.colcon_core.shell:Creating package script '/home/my11/interbotix_ws/install/interbotix_common_sim/share/interbotix_common_sim/package.ps1'
[0.948s] INFO:colcon.colcon_core.shell:Creating package descriptor '/home/my11/interbotix_ws/install/interbotix_common_sim/share/interbotix_common_sim/package.dsv'
[0.948s] INFO:colcon.colcon_core.shell:Creating package script '/home/my11/interbotix_ws/install/interbotix_common_sim/share/interbotix_common_sim/package.sh'
[0.949s] INFO:colcon.colcon_core.shell:Creating package script '/home/my11/interbotix_ws/install/interbotix_common_sim/share/interbotix_common_sim/package.bash'
[0.949s] INFO:colcon.colcon_core.shell:Creating package script '/home/my11/interbotix_ws/install/interbotix_common_sim/share/interbotix_common_sim/package.zsh'
[0.949s] Level 1:colcon.colcon_core.environment:create_file_with_runtime_dependencies(/home/my11/interbotix_ws/install/interbotix_common_sim/share/colcon-core/packages/interbotix_common_sim)
[0.950s] Level 1:colcon.colcon_core.environment:checking '/home/my11/interbotix_ws/install/interbotix_common_modules' for CMake module files
[0.950s] DEBUG:colcon.colcon_core.event_handler.log_command:Invoked command in '/home/my11/interbotix_ws/src/interbotix_ros_toolboxes/interbotix_common_toolbox/interbotix_common_modules' returned '0': PYTHONPATH=/home/my11/interbotix_ws/build/interbotix_common_modules/prefix_override:/usr/lib/python3/dist-packages/colcon_core/task/python/colcon_distutils_commands:/home/my11/interbotix_ws/install/interbotix_common_modules/lib/python3.10/site-packages:${PYTHONPATH} /usr/bin/python3 -W ignore:setup.py install is deprecated setup.py egg_info --egg-base ../../../../build/interbotix_common_modules build --build-base /home/my11/interbotix_ws/build/interbotix_common_modules/build install --record /home/my11/interbotix_ws/build/interbotix_common_modules/install.log --single-version-externally-managed install_data
[0.951s] Level 1:colcon.colcon_core.environment:checking '/home/my11/interbotix_ws/install/interbotix_common_modules' for CMake config files
[0.951s] Level 1:colcon.colcon_core.environment:checking '/home/my11/interbotix_ws/install/interbotix_common_modules/lib'
[0.951s] Level 1:colcon.colcon_core.environment:checking '/home/my11/interbotix_ws/install/interbotix_common_modules/bin'
[0.951s] Level 1:colcon.colcon_core.environment:checking '/home/my11/interbotix_ws/install/interbotix_common_modules/lib/pkgconfig/interbotix_common_modules.pc'
[0.952s] Level 1:colcon.colcon_core.environment:checking '/home/my11/interbotix_ws/install/interbotix_common_modules/lib/python3.10/site-packages'
[0.952s] Level 1:colcon.colcon_core.shell:create_environment_hook('interbotix_common_modules', 'pythonpath')
[0.952s] INFO:colcon.colcon_core.shell:Creating environment hook '/home/my11/interbotix_ws/install/interbotix_common_modules/share/interbotix_common_modules/hook/pythonpath.ps1'
[0.952s] INFO:colcon.colcon_core.shell:Creating environment descriptor '/home/my11/interbotix_ws/install/interbotix_common_modules/share/interbotix_common_modules/hook/pythonpath.dsv'
[0.952s] INFO:colcon.colcon_core.shell:Creating environment hook '/home/my11/interbotix_ws/install/interbotix_common_modules/share/interbotix_common_modules/hook/pythonpath.sh'
[0.953s] Level 1:colcon.colcon_core.environment:checking '/home/my11/interbotix_ws/install/interbotix_common_modules/bin'
[0.953s] Level 1:colcon.colcon_core.environment:create_environment_scripts_only(interbotix_common_modules)
[0.953s] INFO:colcon.colcon_core.shell:Creating package script '/home/my11/interbotix_ws/install/interbotix_common_modules/share/interbotix_common_modules/package.ps1'
[0.954s] INFO:colcon.colcon_core.shell:Creating package descriptor '/home/my11/interbotix_ws/install/interbotix_common_modules/share/interbotix_common_modules/package.dsv'
[0.954s] INFO:colcon.colcon_core.shell:Creating package script '/home/my11/interbotix_ws/install/interbotix_common_modules/share/interbotix_common_modules/package.sh'
[0.955s] INFO:colcon.colcon_core.shell:Creating package script '/home/my11/interbotix_ws/install/interbotix_common_modules/share/interbotix_common_modules/package.bash'
[0.955s] INFO:colcon.colcon_core.shell:Creating package script '/home/my11/interbotix_ws/install/interbotix_common_modules/share/interbotix_common_modules/package.zsh'
[0.955s] Level 1:colcon.colcon_core.environment:create_file_with_runtime_dependencies(/home/my11/interbotix_ws/install/interbotix_common_modules/share/colcon-core/packages/interbotix_common_modules)
[1.024s] DEBUG:colcon.colcon_core.event_handler.log_command:Invoked command in '/home/my11/interbotix_ws/build/dynamixel_workbench_toolbox' returned '0': CMAKE_PREFIX_PATH=${CMAKE_PREFIX_PATH}:/home/my11/ros2_ws/install/opencv_test_py:/opt/ros/humble /usr/bin/cmake /home/my11/interbotix_ws/src/interbotix_ros_core/interbotix_ros_xseries/dynamixel_workbench_toolbox -DCMAKE_INSTALL_PREFIX=/home/my11/interbotix_ws/install/dynamixel_workbench_toolbox
[1.025s] DEBUG:colcon.colcon_core.event_handler.log_command:Invoking command in '/home/my11/interbotix_ws/build/dynamixel_workbench_toolbox': CMAKE_PREFIX_PATH=${CMAKE_PREFIX_PATH}:/home/my11/ros2_ws/install/opencv_test_py:/opt/ros/humble /usr/bin/cmake --build /home/my11/interbotix_ws/build/dynamixel_workbench_toolbox -- -j20 -l20
[1.253s] DEBUG:colcon.colcon_core.event_handler.log_command:Invoked command in '/home/my11/interbotix_ws/build/interbotix_tf_tools' returned '0': CMAKE_PREFIX_PATH=${CMAKE_PREFIX_PATH}:/home/my11/ros2_ws/install/opencv_test_py:/opt/ros/humble /usr/bin/cmake /home/my11/interbotix_ws/src/interbotix_ros_toolboxes/interbotix_common_toolbox/interbotix_tf_tools -DCMAKE_INSTALL_PREFIX=/home/my11/interbotix_ws/install/interbotix_tf_tools
[1.254s] DEBUG:colcon.colcon_core.event_handler.log_command:Invoking command in '/home/my11/interbotix_ws/build/interbotix_tf_tools': CMAKE_PREFIX_PATH=${CMAKE_PREFIX_PATH}:/home/my11/ros2_ws/install/opencv_test_py:/opt/ros/humble /usr/bin/cmake --build /home/my11/interbotix_ws/build/interbotix_tf_tools -- -j20 -l20
[1.291s] DEBUG:colcon.colcon_core.event_handler.log_command:Invoked command in '/home/my11/interbotix_ws/build/dynamixel_workbench_toolbox' returned '0': CMAKE_PREFIX_PATH=${CMAKE_PREFIX_PATH}:/home/my11/ros2_ws/install/opencv_test_py:/opt/ros/humble /usr/bin/cmake --build /home/my11/interbotix_ws/build/dynamixel_workbench_toolbox -- -j20 -l20
[1.315s] DEBUG:colcon.colcon_core.event_handler.log_command:Invoking command in '/home/my11/interbotix_ws/build/dynamixel_workbench_toolbox': CMAKE_PREFIX_PATH=${CMAKE_PREFIX_PATH}:/home/my11/ros2_ws/install/opencv_test_py:/opt/ros/humble /usr/bin/cmake --install /home/my11/interbotix_ws/build/dynamixel_workbench_toolbox
[1.324s] Level 1:colcon.colcon_core.environment:create_environment_scripts_only(dynamixel_workbench_toolbox)
[1.324s] DEBUG:colcon.colcon_core.event_handler.log_command:Invoked command in '/home/my11/interbotix_ws/build/dynamixel_workbench_toolbox' returned '0': CMAKE_PREFIX_PATH=${CMAKE_PREFIX_PATH}:/home/my11/ros2_ws/install/opencv_test_py:/opt/ros/humble /usr/bin/cmake --install /home/my11/interbotix_ws/build/dynamixel_workbench_toolbox
[1.324s] Level 1:colcon.colcon_core.environment:checking '/home/my11/interbotix_ws/install/dynamixel_workbench_toolbox' for CMake module files
[1.325s] Level 1:colcon.colcon_core.environment:checking '/home/my11/interbotix_ws/install/dynamixel_workbench_toolbox' for CMake config files
[1.325s] Level 1:colcon.colcon_core.shell:create_environment_hook('dynamixel_workbench_toolbox', 'cmake_prefix_path')
[1.325s] INFO:colcon.colcon_core.shell:Creating environment hook '/home/my11/interbotix_ws/install/dynamixel_workbench_toolbox/share/dynamixel_workbench_toolbox/hook/cmake_prefix_path.ps1'
[1.325s] INFO:colcon.colcon_core.shell:Creating environment descriptor '/home/my11/interbotix_ws/install/dynamixel_workbench_toolbox/share/dynamixel_workbench_toolbox/hook/cmake_prefix_path.dsv'
[1.326s] INFO:colcon.colcon_core.shell:Creating environment hook '/home/my11/interbotix_ws/install/dynamixel_workbench_toolbox/share/dynamixel_workbench_toolbox/hook/cmake_prefix_path.sh'
[1.326s] Level 1:colcon.colcon_core.environment:checking '/home/my11/interbotix_ws/install/dynamixel_workbench_toolbox/lib'
[1.326s] Level 1:colcon.colcon_core.shell:create_environment_hook('dynamixel_workbench_toolbox', 'ld_library_path_lib')
[1.326s] INFO:colcon.colcon_core.shell:Creating environment hook '/home/my11/interbotix_ws/install/dynamixel_workbench_toolbox/share/dynamixel_workbench_toolbox/hook/ld_library_path_lib.ps1'
[1.326s] INFO:colcon.colcon_core.shell:Creating environment descriptor '/home/my11/interbotix_ws/install/dynamixel_workbench_toolbox/share/dynamixel_workbench_toolbox/hook/ld_library_path_lib.dsv'
[1.326s] INFO:colcon.colcon_core.shell:Creating environment hook '/home/my11/interbotix_ws/install/dynamixel_workbench_toolbox/share/dynamixel_workbench_toolbox/hook/ld_library_path_lib.sh'
[1.326s] Level 1:colcon.colcon_core.environment:checking '/home/my11/interbotix_ws/install/dynamixel_workbench_toolbox/bin'
[1.327s] Level 1:colcon.colcon_core.environment:checking '/home/my11/interbotix_ws/install/dynamixel_workbench_toolbox/lib/pkgconfig/dynamixel_workbench_toolbox.pc'
[1.327s] Level 1:colcon.colcon_core.environment:checking '/home/my11/interbotix_ws/install/dynamixel_workbench_toolbox/lib/python3.10/site-packages'
[1.327s] Level 1:colcon.colcon_core.environment:checking '/home/my11/interbotix_ws/install/dynamixel_workbench_toolbox/bin'
[1.327s] INFO:colcon.colcon_core.shell:Creating package script '/home/my11/interbotix_ws/install/dynamixel_workbench_toolbox/share/dynamixel_workbench_toolbox/package.ps1'
[1.327s] INFO:colcon.colcon_core.shell:Creating package descriptor '/home/my11/interbotix_ws/install/dynamixel_workbench_toolbox/share/dynamixel_workbench_toolbox/package.dsv'
[1.327s] INFO:colcon.colcon_core.shell:Creating package script '/home/my11/interbotix_ws/install/dynamixel_workbench_toolbox/share/dynamixel_workbench_toolbox/package.sh'
[1.328s] INFO:colcon.colcon_core.shell:Creating package script '/home/my11/interbotix_ws/install/dynamixel_workbench_toolbox/share/dynamixel_workbench_toolbox/package.bash'
[1.328s] INFO:colcon.colcon_core.shell:Creating package script '/home/my11/interbotix_ws/install/dynamixel_workbench_toolbox/share/dynamixel_workbench_toolbox/package.zsh'
[1.328s] Level 1:colcon.colcon_core.environment:create_file_with_runtime_dependencies(/home/my11/interbotix_ws/install/dynamixel_workbench_toolbox/share/colcon-core/packages/dynamixel_workbench_toolbox)
[1.351s] Level 1:colcon.colcon_core.environment:create_environment_scripts_only(dynamixel_workbench_toolbox)
[1.352s] Level 1:colcon.colcon_core.environment:checking '/home/my11/interbotix_ws/install/dynamixel_workbench_toolbox' for CMake module files
[1.352s] Level 1:colcon.colcon_core.environment:checking '/home/my11/interbotix_ws/install/dynamixel_workbench_toolbox' for CMake config files
[1.352s] Level 1:colcon.colcon_core.shell:create_environment_hook('dynamixel_workbench_toolbox', 'cmake_prefix_path')
[1.352s] INFO:colcon.colcon_core.shell:Creating environment hook '/home/my11/interbotix_ws/install/dynamixel_workbench_toolbox/share/dynamixel_workbench_toolbox/hook/cmake_prefix_path.ps1'
[1.353s] INFO:colcon.colcon_core.shell:Creating environment descriptor '/home/my11/interbotix_ws/install/dynamixel_workbench_toolbox/share/dynamixel_workbench_toolbox/hook/cmake_prefix_path.dsv'
[1.353s] INFO:colcon.colcon_core.shell:Creating environment hook '/home/my11/interbotix_ws/install/dynamixel_workbench_toolbox/share/dynamixel_workbench_toolbox/hook/cmake_prefix_path.sh'
[1.354s] Level 1:colcon.colcon_core.environment:checking '/home/my11/interbotix_ws/install/dynamixel_workbench_toolbox/lib'
[1.354s] Level 1:colcon.colcon_core.shell:create_environment_hook('dynamixel_workbench_toolbox', 'ld_library_path_lib')
[1.354s] INFO:colcon.colcon_core.shell:Creating environment hook '/home/my11/interbotix_ws/install/dynamixel_workbench_toolbox/share/dynamixel_workbench_toolbox/hook/ld_library_path_lib.ps1'
[1.354s] INFO:colcon.colcon_core.shell:Creating environment descriptor '/home/my11/interbotix_ws/install/dynamixel_workbench_toolbox/share/dynamixel_workbench_toolbox/hook/ld_library_path_lib.dsv'
[1.354s] INFO:colcon.colcon_core.shell:Creating environment hook '/home/my11/interbotix_ws/install/dynamixel_workbench_toolbox/share/dynamixel_workbench_toolbox/hook/ld_library_path_lib.sh'
[1.355s] Level 1:colcon.colcon_core.environment:checking '/home/my11/interbotix_ws/install/dynamixel_workbench_toolbox/bin'
[1.355s] Level 1:colcon.colcon_core.environment:checking '/home/my11/interbotix_ws/install/dynamixel_workbench_toolbox/lib/pkgconfig/dynamixel_workbench_toolbox.pc'
[1.355s] Level 1:colcon.colcon_core.environment:checking '/home/my11/interbotix_ws/install/dynamixel_workbench_toolbox/lib/python3.10/site-packages'
[1.355s] Level 1:colcon.colcon_core.environment:checking '/home/my11/interbotix_ws/install/dynamixel_workbench_toolbox/bin'
[1.356s] INFO:colcon.colcon_core.shell:Creating package script '/home/my11/interbotix_ws/install/dynamixel_workbench_toolbox/share/dynamixel_workbench_toolbox/package.ps1'
[1.356s] INFO:colcon.colcon_core.shell:Creating package descriptor '/home/my11/interbotix_ws/install/dynamixel_workbench_toolbox/share/dynamixel_workbench_toolbox/package.dsv'
[1.356s] INFO:colcon.colcon_core.shell:Creating package script '/home/my11/interbotix_ws/install/dynamixel_workbench_toolbox/share/dynamixel_workbench_toolbox/package.sh'
[1.357s] INFO:colcon.colcon_core.shell:Creating package script '/home/my11/interbotix_ws/install/dynamixel_workbench_toolbox/share/dynamixel_workbench_toolbox/package.bash'
[1.358s] INFO:colcon.colcon_core.shell:Creating package script '/home/my11/interbotix_ws/install/dynamixel_workbench_toolbox/share/dynamixel_workbench_toolbox/package.zsh'
[1.358s] Level 1:colcon.colcon_core.environment:create_file_with_runtime_dependencies(/home/my11/interbotix_ws/install/dynamixel_workbench_toolbox/share/colcon-core/packages/dynamixel_workbench_toolbox)
[1.358s] INFO:colcon.colcon_ros.task.ament_cmake.build:Building ROS package in '/home/my11/interbotix_ws/src/interbotix_ros_core/interbotix_ros_xseries/interbotix_xs_driver' with build type 'ament_cmake'
[1.358s] INFO:colcon.colcon_cmake.task.cmake.build:Building CMake package in '/home/my11/interbotix_ws/src/interbotix_ros_core/interbotix_ros_xseries/interbotix_xs_driver'
[1.359s] INFO:colcon.colcon_core.shell:Skip shell extension 'powershell' for command environment: Not usable outside of PowerShell
[1.359s] DEBUG:colcon.colcon_core.shell:Skip shell extension 'dsv' for command environment
[1.368s] DEBUG:colcon.colcon_core.event_handler.log_command:Invoking command in '/home/my11/interbotix_ws/build/interbotix_xs_driver': AMENT_PREFIX_PATH=/home/my11/interbotix_ws/install/dynamixel_workbench_toolbox:${AMENT_PREFIX_PATH} CMAKE_PREFIX_PATH=/home/my11/interbotix_ws/install/dynamixel_workbench_toolbox:/home/my11/apriltag_ws/install/apriltag_ros:/home/my11/ros2_ws/install/rrbot_gazebo:/home/my11/ros2_ws/install/rrbot_description:/home/my11/ros2_ws/install/plate_description:/home/my11/ros2_ws/install/opencv_test_py:/opt/ros/humble LD_LIBRARY_PATH=/home/my11/interbotix_ws/install/dynamixel_workbench_toolbox/lib:/home/my11/apriltag_ws/install/apriltag_ros/lib:/usr/lib/x86_64-linux-gnu/gazebo-11/plugins:/opt/ros/humble/opt/rviz_ogre_vendor/lib:/opt/ros/humble/lib/x86_64-linux-gnu:/opt/ros/humble/lib:/usr/share/gazebo/../../lib/x86_64-linux-gnu/gazebo-11/plugins:/usr/share/gazebo/../../lib/x86_64-linux-gnu/gazebo-11/plugins:/usr/share/gazebo/../../lib/x86_64-linux-gnu/gazebo-11/plugins /usr/bin/cmake /home/my11/interbotix_ws/src/interbotix_ros_core/interbotix_ros_xseries/interbotix_xs_driver -DCMAKE_INSTALL_PREFIX=/home/my11/interbotix_ws/install/interbotix_xs_driver
[1.476s] DEBUG:colcon.colcon_core.event_handler.log_command:Invoked command in '/home/my11/interbotix_ws/build/interbotix_xs_msgs' returned '0': CMAKE_PREFIX_PATH=${CMAKE_PREFIX_PATH}:/home/my11/ros2_ws/install/opencv_test_py:/opt/ros/humble /usr/bin/cmake /home/my11/interbotix_ws/src/interbotix_ros_core/interbotix_ros_xseries/interbotix_xs_msgs -DCMAKE_INSTALL_PREFIX=/home/my11/interbotix_ws/install/interbotix_xs_msgs
[1.478s] DEBUG:colcon.colcon_core.event_handler.log_command:Invoking command in '/home/my11/interbotix_ws/build/interbotix_xs_msgs': CMAKE_PREFIX_PATH=${CMAKE_PREFIX_PATH}:/home/my11/ros2_ws/install/opencv_test_py:/opt/ros/humble /usr/bin/cmake --build /home/my11/interbotix_ws/build/interbotix_xs_msgs -- -j20 -l20
[1.589s] DEBUG:colcon.colcon_core.event_handler.log_command:Invoked command in '/home/my11/interbotix_ws/build/interbotix_moveit_interface_msgs' returned '0': CMAKE_PREFIX_PATH=${CMAKE_PREFIX_PATH}:/home/my11/ros2_ws/install/opencv_test_py:/opt/ros/humble /usr/bin/cmake /home/my11/interbotix_ws/src/interbotix_ros_toolboxes/interbotix_common_toolbox/interbotix_moveit_interface_msgs -DCMAKE_INSTALL_PREFIX=/home/my11/interbotix_ws/install/interbotix_moveit_interface_msgs
[1.591s] DEBUG:colcon.colcon_core.event_handler.log_command:Invoking command in '/home/my11/interbotix_ws/build/interbotix_moveit_interface_msgs': CMAKE_PREFIX_PATH=${CMAKE_PREFIX_PATH}:/home/my11/ros2_ws/install/opencv_test_py:/opt/ros/humble /usr/bin/cmake --build /home/my11/interbotix_ws/build/interbotix_moveit_interface_msgs -- -j20 -l20
[1.798s] DEBUG:colcon.colcon_core.event_handler.log_command:Invoked command in '/home/my11/interbotix_ws/build/interbotix_perception_msgs' returned '0': CMAKE_PREFIX_PATH=${CMAKE_PREFIX_PATH}:/home/my11/ros2_ws/install/opencv_test_py:/opt/ros/humble /usr/bin/cmake /home/my11/interbotix_ws/src/interbotix_ros_toolboxes/interbotix_perception_toolbox/interbotix_perception_msgs -DCMAKE_INSTALL_PREFIX=/home/my11/interbotix_ws/install/interbotix_perception_msgs
[1.800s] DEBUG:colcon.colcon_core.event_handler.log_command:Invoking command in '/home/my11/interbotix_ws/build/interbotix_perception_msgs': CMAKE_PREFIX_PATH=${CMAKE_PREFIX_PATH}:/home/my11/ros2_ws/install/opencv_test_py:/opt/ros/humble /usr/bin/cmake --build /home/my11/interbotix_ws/build/interbotix_perception_msgs -- -j20 -l20
[2.309s] DEBUG:colcon.colcon_core.event_handler.log_command:Invoked command in '/home/my11/interbotix_ws/build/interbotix_xs_driver' returned '0': AMENT_PREFIX_PATH=/home/my11/interbotix_ws/install/dynamixel_workbench_toolbox:${AMENT_PREFIX_PATH} CMAKE_PREFIX_PATH=/home/my11/interbotix_ws/install/dynamixel_workbench_toolbox:/home/my11/apriltag_ws/install/apriltag_ros:/home/my11/ros2_ws/install/rrbot_gazebo:/home/my11/ros2_ws/install/rrbot_description:/home/my11/ros2_ws/install/plate_description:/home/my11/ros2_ws/install/opencv_test_py:/opt/ros/humble LD_LIBRARY_PATH=/home/my11/interbotix_ws/install/dynamixel_workbench_toolbox/lib:/home/my11/apriltag_ws/install/apriltag_ros/lib:/usr/lib/x86_64-linux-gnu/gazebo-11/plugins:/opt/ros/humble/opt/rviz_ogre_vendor/lib:/opt/ros/humble/lib/x86_64-linux-gnu:/opt/ros/humble/lib:/usr/share/gazebo/../../lib/x86_64-linux-gnu/gazebo-11/plugins:/usr/share/gazebo/../../lib/x86_64-linux-gnu/gazebo-11/plugins:/usr/share/gazebo/../../lib/x86_64-linux-gnu/gazebo-11/plugins /usr/bin/cmake /home/my11/interbotix_ws/src/interbotix_ros_core/interbotix_ros_xseries/interbotix_xs_driver -DCMAKE_INSTALL_PREFIX=/home/my11/interbotix_ws/install/interbotix_xs_driver
[2.312s] DEBUG:colcon.colcon_core.event_handler.log_command:Invoking command in '/home/my11/interbotix_ws/build/interbotix_xs_driver': AMENT_PREFIX_PATH=/home/my11/interbotix_ws/install/dynamixel_workbench_toolbox:${AMENT_PREFIX_PATH} CMAKE_PREFIX_PATH=/home/my11/interbotix_ws/install/dynamixel_workbench_toolbox:/home/my11/apriltag_ws/install/apriltag_ros:/home/my11/ros2_ws/install/rrbot_gazebo:/home/my11/ros2_ws/install/rrbot_description:/home/my11/ros2_ws/install/plate_description:/home/my11/ros2_ws/install/opencv_test_py:/opt/ros/humble LD_LIBRARY_PATH=/home/my11/interbotix_ws/install/dynamixel_workbench_toolbox/lib:/home/my11/apriltag_ws/install/apriltag_ros/lib:/usr/lib/x86_64-linux-gnu/gazebo-11/plugins:/opt/ros/humble/opt/rviz_ogre_vendor/lib:/opt/ros/humble/lib/x86_64-linux-gnu:/opt/ros/humble/lib:/usr/share/gazebo/../../lib/x86_64-linux-gnu/gazebo-11/plugins:/usr/share/gazebo/../../lib/x86_64-linux-gnu/gazebo-11/plugins:/usr/share/gazebo/../../lib/x86_64-linux-gnu/gazebo-11/plugins /usr/bin/cmake --build /home/my11/interbotix_ws/build/interbotix_xs_driver -- -j20 -l20
[2.397s] DEBUG:colcon.colcon_core.event_handler.log_command:Invoked command in '/home/my11/interbotix_ws/build/moveit_visual_tools' returned '0': CMAKE_PREFIX_PATH=${CMAKE_PREFIX_PATH}:/home/my11/ros2_ws/install/opencv_test_py:/opt/ros/humble /usr/bin/cmake /home/my11/interbotix_ws/src/moveit_visual_tools -DCMAKE_INSTALL_PREFIX=/home/my11/interbotix_ws/install/moveit_visual_tools
[2.399s] DEBUG:colcon.colcon_core.event_handler.log_command:Invoking command in '/home/my11/interbotix_ws/build/moveit_visual_tools': CMAKE_PREFIX_PATH=${CMAKE_PREFIX_PATH}:/home/my11/ros2_ws/install/opencv_test_py:/opt/ros/humble /usr/bin/cmake --build /home/my11/interbotix_ws/build/moveit_visual_tools -- -j20 -l20
[3.672s] DEBUG:colcon.colcon_core.event_handler.log_command:Invoked command in '/home/my11/interbotix_ws/build/interbotix_moveit_interface_msgs' returned '0': CMAKE_PREFIX_PATH=${CMAKE_PREFIX_PATH}:/home/my11/ros2_ws/install/opencv_test_py:/opt/ros/humble /usr/bin/cmake --build /home/my11/interbotix_ws/build/interbotix_moveit_interface_msgs -- -j20 -l20
[3.722s] DEBUG:colcon.colcon_core.event_handler.log_command:Invoking command in '/home/my11/interbotix_ws/build/interbotix_moveit_interface_msgs': CMAKE_PREFIX_PATH=${CMAKE_PREFIX_PATH}:/home/my11/ros2_ws/install/opencv_test_py:/opt/ros/humble /usr/bin/cmake --install /home/my11/interbotix_ws/build/interbotix_moveit_interface_msgs
[3.763s] Level 1:colcon.colcon_core.environment:create_environment_scripts_only(interbotix_moveit_interface_msgs)
[3.763s] DEBUG:colcon.colcon_core.event_handler.log_command:Invoked command in '/home/my11/interbotix_ws/build/interbotix_moveit_interface_msgs' returned '0': CMAKE_PREFIX_PATH=${CMAKE_PREFIX_PATH}:/home/my11/ros2_ws/install/opencv_test_py:/opt/ros/humble /usr/bin/cmake --install /home/my11/interbotix_ws/build/interbotix_moveit_interface_msgs
[3.764s] Level 1:colcon.colcon_core.environment:checking '/home/my11/interbotix_ws/install/interbotix_moveit_interface_msgs' for CMake module files
[3.764s] Level 1:colcon.colcon_core.environment:checking '/home/my11/interbotix_ws/install/interbotix_moveit_interface_msgs' for CMake config files
[3.765s] Level 1:colcon.colcon_core.shell:create_environment_hook('interbotix_moveit_interface_msgs', 'cmake_prefix_path')
[3.765s] INFO:colcon.colcon_core.shell:Creating environment hook '/home/my11/interbotix_ws/install/interbotix_moveit_interface_msgs/share/interbotix_moveit_interface_msgs/hook/cmake_prefix_path.ps1'
[3.765s] INFO:colcon.colcon_core.shell:Creating environment descriptor '/home/my11/interbotix_ws/install/interbotix_moveit_interface_msgs/share/interbotix_moveit_interface_msgs/hook/cmake_prefix_path.dsv'
[3.766s] INFO:colcon.colcon_core.shell:Creating environment hook '/home/my11/interbotix_ws/install/interbotix_moveit_interface_msgs/share/interbotix_moveit_interface_msgs/hook/cmake_prefix_path.sh'
[3.766s] Level 1:colcon.colcon_core.environment:checking '/home/my11/interbotix_ws/install/interbotix_moveit_interface_msgs/lib'
[3.766s] Level 1:colcon.colcon_core.shell:create_environment_hook('interbotix_moveit_interface_msgs', 'ld_library_path_lib')
[3.767s] INFO:colcon.colcon_core.shell:Creating environment hook '/home/my11/interbotix_ws/install/interbotix_moveit_interface_msgs/share/interbotix_moveit_interface_msgs/hook/ld_library_path_lib.ps1'
[3.767s] INFO:colcon.colcon_core.shell:Creating environment descriptor '/home/my11/interbotix_ws/install/interbotix_moveit_interface_msgs/share/interbotix_moveit_interface_msgs/hook/ld_library_path_lib.dsv'
[3.767s] INFO:colcon.colcon_core.shell:Creating environment hook '/home/my11/interbotix_ws/install/interbotix_moveit_interface_msgs/share/interbotix_moveit_interface_msgs/hook/ld_library_path_lib.sh'
[3.768s] Level 1:colcon.colcon_core.environment:checking '/home/my11/interbotix_ws/install/interbotix_moveit_interface_msgs/bin'
[3.768s] Level 1:colcon.colcon_core.environment:checking '/home/my11/interbotix_ws/install/interbotix_moveit_interface_msgs/lib/pkgconfig/interbotix_moveit_interface_msgs.pc'
[3.768s] Level 1:colcon.colcon_core.environment:checking '/home/my11/interbotix_ws/install/interbotix_moveit_interface_msgs/lib/python3.10/site-packages'
[3.768s] Level 1:colcon.colcon_core.environment:checking '/home/my11/interbotix_ws/install/interbotix_moveit_interface_msgs/bin'
[3.769s] INFO:colcon.colcon_core.shell:Creating package script '/home/my11/interbotix_ws/install/interbotix_moveit_interface_msgs/share/interbotix_moveit_interface_msgs/package.ps1'
[3.769s] INFO:colcon.colcon_core.shell:Creating package descriptor '/home/my11/interbotix_ws/install/interbotix_moveit_interface_msgs/share/interbotix_moveit_interface_msgs/package.dsv'
[3.770s] INFO:colcon.colcon_core.shell:Creating package script '/home/my11/interbotix_ws/install/interbotix_moveit_interface_msgs/share/interbotix_moveit_interface_msgs/package.sh'
[3.770s] INFO:colcon.colcon_core.shell:Creating package script '/home/my11/interbotix_ws/install/interbotix_moveit_interface_msgs/share/interbotix_moveit_interface_msgs/package.bash'
[3.770s] INFO:colcon.colcon_core.shell:Creating package script '/home/my11/interbotix_ws/install/interbotix_moveit_interface_msgs/share/interbotix_moveit_interface_msgs/package.zsh'
[3.771s] Level 1:colcon.colcon_core.environment:create_file_with_runtime_dependencies(/home/my11/interbotix_ws/install/interbotix_moveit_interface_msgs/share/colcon-core/packages/interbotix_moveit_interface_msgs)
[3.805s] Level 1:colcon.colcon_core.environment:create_environment_scripts_only(interbotix_moveit_interface_msgs)
[3.805s] Level 1:colcon.colcon_core.environment:checking '/home/my11/interbotix_ws/install/interbotix_moveit_interface_msgs' for CMake module files
[3.806s] Level 1:colcon.colcon_core.environment:checking '/home/my11/interbotix_ws/install/interbotix_moveit_interface_msgs' for CMake config files
[3.807s] Level 1:colcon.colcon_core.shell:create_environment_hook('interbotix_moveit_interface_msgs', 'cmake_prefix_path')
[3.807s] INFO:colcon.colcon_core.shell:Creating environment hook '/home/my11/interbotix_ws/install/interbotix_moveit_interface_msgs/share/interbotix_moveit_interface_msgs/hook/cmake_prefix_path.ps1'
[3.807s] INFO:colcon.colcon_core.shell:Creating environment descriptor '/home/my11/interbotix_ws/install/interbotix_moveit_interface_msgs/share/interbotix_moveit_interface_msgs/hook/cmake_prefix_path.dsv'
[3.808s] INFO:colcon.colcon_core.shell:Creating environment hook '/home/my11/interbotix_ws/install/interbotix_moveit_interface_msgs/share/interbotix_moveit_interface_msgs/hook/cmake_prefix_path.sh'
[3.808s] Level 1:colcon.colcon_core.environment:checking '/home/my11/interbotix_ws/install/interbotix_moveit_interface_msgs/lib'
[3.808s] Level 1:colcon.colcon_core.shell:create_environment_hook('interbotix_moveit_interface_msgs', 'ld_library_path_lib')
[3.809s] INFO:colcon.colcon_core.shell:Creating environment hook '/home/my11/interbotix_ws/install/interbotix_moveit_interface_msgs/share/interbotix_moveit_interface_msgs/hook/ld_library_path_lib.ps1'
[3.809s] INFO:colcon.colcon_core.shell:Creating environment descriptor '/home/my11/interbotix_ws/install/interbotix_moveit_interface_msgs/share/interbotix_moveit_interface_msgs/hook/ld_library_path_lib.dsv'
[3.809s] INFO:colcon.colcon_core.shell:Creating environment hook '/home/my11/interbotix_ws/install/interbotix_moveit_interface_msgs/share/interbotix_moveit_interface_msgs/hook/ld_library_path_lib.sh'
[3.810s] Level 1:colcon.colcon_core.environment:checking '/home/my11/interbotix_ws/install/interbotix_moveit_interface_msgs/bin'
[3.810s] Level 1:colcon.colcon_core.environment:checking '/home/my11/interbotix_ws/install/interbotix_moveit_interface_msgs/lib/pkgconfig/interbotix_moveit_interface_msgs.pc'
[3.810s] Level 1:colcon.colcon_core.environment:checking '/home/my11/interbotix_ws/install/interbotix_moveit_interface_msgs/lib/python3.10/site-packages'
[3.810s] Level 1:colcon.colcon_core.environment:checking '/home/my11/interbotix_ws/install/interbotix_moveit_interface_msgs/bin'
[3.811s] INFO:colcon.colcon_core.shell:Creating package script '/home/my11/interbotix_ws/install/interbotix_moveit_interface_msgs/share/interbotix_moveit_interface_msgs/package.ps1'
[3.811s] INFO:colcon.colcon_core.shell:Creating package descriptor '/home/my11/interbotix_ws/install/interbotix_moveit_interface_msgs/share/interbotix_moveit_interface_msgs/package.dsv'
[3.812s] INFO:colcon.colcon_core.shell:Creating package script '/home/my11/interbotix_ws/install/interbotix_moveit_interface_msgs/share/interbotix_moveit_interface_msgs/package.sh'
[3.812s] INFO:colcon.colcon_core.shell:Creating package script '/home/my11/interbotix_ws/install/interbotix_moveit_interface_msgs/share/interbotix_moveit_interface_msgs/package.bash'
[3.813s] INFO:colcon.colcon_core.shell:Creating package script '/home/my11/interbotix_ws/install/interbotix_moveit_interface_msgs/share/interbotix_moveit_interface_msgs/package.zsh'
[3.813s] Level 1:colcon.colcon_core.environment:create_file_with_runtime_dependencies(/home/my11/interbotix_ws/install/interbotix_moveit_interface_msgs/share/colcon-core/packages/interbotix_moveit_interface_msgs)
[4.557s] DEBUG:colcon.colcon_core.event_handler.log_command:Invoked command in '/home/my11/interbotix_ws/build/interbotix_xs_driver' returned '0': AMENT_PREFIX_PATH=/home/my11/interbotix_ws/install/dynamixel_workbench_toolbox:${AMENT_PREFIX_PATH} CMAKE_PREFIX_PATH=/home/my11/interbotix_ws/install/dynamixel_workbench_toolbox:/home/my11/apriltag_ws/install/apriltag_ros:/home/my11/ros2_ws/install/rrbot_gazebo:/home/my11/ros2_ws/install/rrbot_description:/home/my11/ros2_ws/install/plate_description:/home/my11/ros2_ws/install/opencv_test_py:/opt/ros/humble LD_LIBRARY_PATH=/home/my11/interbotix_ws/install/dynamixel_workbench_toolbox/lib:/home/my11/apriltag_ws/install/apriltag_ros/lib:/usr/lib/x86_64-linux-gnu/gazebo-11/plugins:/opt/ros/humble/opt/rviz_ogre_vendor/lib:/opt/ros/humble/lib/x86_64-linux-gnu:/opt/ros/humble/lib:/usr/share/gazebo/../../lib/x86_64-linux-gnu/gazebo-11/plugins:/usr/share/gazebo/../../lib/x86_64-linux-gnu/gazebo-11/plugins:/usr/share/gazebo/../../lib/x86_64-linux-gnu/gazebo-11/plugins /usr/bin/cmake --build /home/my11/interbotix_ws/build/interbotix_xs_driver -- -j20 -l20
[4.583s] DEBUG:colcon.colcon_core.event_handler.log_command:Invoking command in '/home/my11/interbotix_ws/build/interbotix_xs_driver': AMENT_PREFIX_PATH=/home/my11/interbotix_ws/install/dynamixel_workbench_toolbox:${AMENT_PREFIX_PATH} CMAKE_PREFIX_PATH=/home/my11/interbotix_ws/install/dynamixel_workbench_toolbox:/home/my11/apriltag_ws/install/apriltag_ros:/home/my11/ros2_ws/install/rrbot_gazebo:/home/my11/ros2_ws/install/rrbot_description:/home/my11/ros2_ws/install/plate_description:/home/my11/ros2_ws/install/opencv_test_py:/opt/ros/humble LD_LIBRARY_PATH=/home/my11/interbotix_ws/install/dynamixel_workbench_toolbox/lib:/home/my11/apriltag_ws/install/apriltag_ros/lib:/usr/lib/x86_64-linux-gnu/gazebo-11/plugins:/opt/ros/humble/opt/rviz_ogre_vendor/lib:/opt/ros/humble/lib/x86_64-linux-gnu:/opt/ros/humble/lib:/usr/share/gazebo/../../lib/x86_64-linux-gnu/gazebo-11/plugins:/usr/share/gazebo/../../lib/x86_64-linux-gnu/gazebo-11/plugins:/usr/share/gazebo/../../lib/x86_64-linux-gnu/gazebo-11/plugins /usr/bin/cmake --install /home/my11/interbotix_ws/build/interbotix_xs_driver
[4.592s] Level 1:colcon.colcon_core.environment:create_environment_scripts_only(interbotix_xs_driver)
[4.593s] Level 1:colcon.colcon_core.environment:checking '/home/my11/interbotix_ws/install/interbotix_xs_driver' for CMake module files
[4.593s] DEBUG:colcon.colcon_core.event_handler.log_command:Invoked command in '/home/my11/interbotix_ws/build/interbotix_xs_driver' returned '0': AMENT_PREFIX_PATH=/home/my11/interbotix_ws/install/dynamixel_workbench_toolbox:${AMENT_PREFIX_PATH} CMAKE_PREFIX_PATH=/home/my11/interbotix_ws/install/dynamixel_workbench_toolbox:/home/my11/apriltag_ws/install/apriltag_ros:/home/my11/ros2_ws/install/rrbot_gazebo:/home/my11/ros2_ws/install/rrbot_description:/home/my11/ros2_ws/install/plate_description:/home/my11/ros2_ws/install/opencv_test_py:/opt/ros/humble LD_LIBRARY_PATH=/home/my11/interbotix_ws/install/dynamixel_workbench_toolbox/lib:/home/my11/apriltag_ws/install/apriltag_ros/lib:/usr/lib/x86_64-linux-gnu/gazebo-11/plugins:/opt/ros/humble/opt/rviz_ogre_vendor/lib:/opt/ros/humble/lib/x86_64-linux-gnu:/opt/ros/humble/lib:/usr/share/gazebo/../../lib/x86_64-linux-gnu/gazebo-11/plugins:/usr/share/gazebo/../../lib/x86_64-linux-gnu/gazebo-11/plugins:/usr/share/gazebo/../../lib/x86_64-linux-gnu/gazebo-11/plugins /usr/bin/cmake --install /home/my11/interbotix_ws/build/interbotix_xs_driver
[4.593s] Level 1:colcon.colcon_core.environment:checking '/home/my11/interbotix_ws/install/interbotix_xs_driver' for CMake config files
[4.594s] Level 1:colcon.colcon_core.shell:create_environment_hook('interbotix_xs_driver', 'cmake_prefix_path')
[4.594s] INFO:colcon.colcon_core.shell:Creating environment hook '/home/my11/interbotix_ws/install/interbotix_xs_driver/share/interbotix_xs_driver/hook/cmake_prefix_path.ps1'
[4.594s] INFO:colcon.colcon_core.shell:Creating environment descriptor '/home/my11/interbotix_ws/install/interbotix_xs_driver/share/interbotix_xs_driver/hook/cmake_prefix_path.dsv'
[4.595s] INFO:colcon.colcon_core.shell:Creating environment hook '/home/my11/interbotix_ws/install/interbotix_xs_driver/share/interbotix_xs_driver/hook/cmake_prefix_path.sh'
[4.595s] Level 1:colcon.colcon_core.environment:checking '/home/my11/interbotix_ws/install/interbotix_xs_driver/lib'
[4.595s] Level 1:colcon.colcon_core.shell:create_environment_hook('interbotix_xs_driver', 'ld_library_path_lib')
[4.596s] INFO:colcon.colcon_core.shell:Creating environment hook '/home/my11/interbotix_ws/install/interbotix_xs_driver/share/interbotix_xs_driver/hook/ld_library_path_lib.ps1'
[4.596s] INFO:colcon.colcon_core.shell:Creating environment descriptor '/home/my11/interbotix_ws/install/interbotix_xs_driver/share/interbotix_xs_driver/hook/ld_library_path_lib.dsv'
[4.596s] INFO:colcon.colcon_core.shell:Creating environment hook '/home/my11/interbotix_ws/install/interbotix_xs_driver/share/interbotix_xs_driver/hook/ld_library_path_lib.sh'
[4.597s] Level 1:colcon.colcon_core.environment:checking '/home/my11/interbotix_ws/install/interbotix_xs_driver/bin'
[4.597s] Level 1:colcon.colcon_core.environment:checking '/home/my11/interbotix_ws/install/interbotix_xs_driver/lib/pkgconfig/interbotix_xs_driver.pc'
[4.597s] Level 1:colcon.colcon_core.environment:checking '/home/my11/interbotix_ws/install/interbotix_xs_driver/lib/python3.10/site-packages'
[4.597s] Level 1:colcon.colcon_core.environment:checking '/home/my11/interbotix_ws/install/interbotix_xs_driver/bin'
[4.597s] INFO:colcon.colcon_core.shell:Creating package script '/home/my11/interbotix_ws/install/interbotix_xs_driver/share/interbotix_xs_driver/package.ps1'
[4.598s] INFO:colcon.colcon_core.shell:Creating package descriptor '/home/my11/interbotix_ws/install/interbotix_xs_driver/share/interbotix_xs_driver/package.dsv'
[4.598s] INFO:colcon.colcon_core.shell:Creating package script '/home/my11/interbotix_ws/install/interbotix_xs_driver/share/interbotix_xs_driver/package.sh'
[4.599s] INFO:colcon.colcon_core.shell:Creating package script '/home/my11/interbotix_ws/install/interbotix_xs_driver/share/interbotix_xs_driver/package.bash'
[4.599s] INFO:colcon.colcon_core.shell:Creating package script '/home/my11/interbotix_ws/install/interbotix_xs_driver/share/interbotix_xs_driver/package.zsh'
[4.600s] Level 1:colcon.colcon_core.environment:create_file_with_runtime_dependencies(/home/my11/interbotix_ws/install/interbotix_xs_driver/share/colcon-core/packages/interbotix_xs_driver)
[4.620s] Level 1:colcon.colcon_core.environment:create_environment_scripts_only(interbotix_xs_driver)
[4.620s] Level 1:colcon.colcon_core.environment:checking '/home/my11/interbotix_ws/install/interbotix_xs_driver' for CMake module files
[4.620s] Level 1:colcon.colcon_core.environment:checking '/home/my11/interbotix_ws/install/interbotix_xs_driver' for CMake config files
[4.620s] Level 1:colcon.colcon_core.shell:create_environment_hook('interbotix_xs_driver', 'cmake_prefix_path')
[4.620s] INFO:colcon.colcon_core.shell:Creating environment hook '/home/my11/interbotix_ws/install/interbotix_xs_driver/share/interbotix_xs_driver/hook/cmake_prefix_path.ps1'
[4.621s] INFO:colcon.colcon_core.shell:Creating environment descriptor '/home/my11/interbotix_ws/install/interbotix_xs_driver/share/interbotix_xs_driver/hook/cmake_prefix_path.dsv'
[4.621s] INFO:colcon.colcon_core.shell:Creating environment hook '/home/my11/interbotix_ws/install/interbotix_xs_driver/share/interbotix_xs_driver/hook/cmake_prefix_path.sh'
[4.621s] Level 1:colcon.colcon_core.environment:checking '/home/my11/interbotix_ws/install/interbotix_xs_driver/lib'
[4.621s] Level 1:colcon.colcon_core.shell:create_environment_hook('interbotix_xs_driver', 'ld_library_path_lib')
[4.622s] INFO:colcon.colcon_core.shell:Creating environment hook '/home/my11/interbotix_ws/install/interbotix_xs_driver/share/interbotix_xs_driver/hook/ld_library_path_lib.ps1'
[4.622s] INFO:colcon.colcon_core.shell:Creating environment descriptor '/home/my11/interbotix_ws/install/interbotix_xs_driver/share/interbotix_xs_driver/hook/ld_library_path_lib.dsv'
[4.622s] INFO:colcon.colcon_core.shell:Creating environment hook '/home/my11/interbotix_ws/install/interbotix_xs_driver/share/interbotix_xs_driver/hook/ld_library_path_lib.sh'
[4.622s] Level 1:colcon.colcon_core.environment:checking '/home/my11/interbotix_ws/install/interbotix_xs_driver/bin'
[4.622s] Level 1:colcon.colcon_core.environment:checking '/home/my11/interbotix_ws/install/interbotix_xs_driver/lib/pkgconfig/interbotix_xs_driver.pc'
[4.622s] Level 1:colcon.colcon_core.environment:checking '/home/my11/interbotix_ws/install/interbotix_xs_driver/lib/python3.10/site-packages'
[4.623s] Level 1:colcon.colcon_core.environment:checking '/home/my11/interbotix_ws/install/interbotix_xs_driver/bin'
[4.623s] INFO:colcon.colcon_core.shell:Creating package script '/home/my11/interbotix_ws/install/interbotix_xs_driver/share/interbotix_xs_driver/package.ps1'
[4.623s] INFO:colcon.colcon_core.shell:Creating package descriptor '/home/my11/interbotix_ws/install/interbotix_xs_driver/share/interbotix_xs_driver/package.dsv'
[4.623s] INFO:colcon.colcon_core.shell:Creating package script '/home/my11/interbotix_ws/install/interbotix_xs_driver/share/interbotix_xs_driver/package.sh'
[4.623s] INFO:colcon.colcon_core.shell:Creating package script '/home/my11/interbotix_ws/install/interbotix_xs_driver/share/interbotix_xs_driver/package.bash'
[4.624s] INFO:colcon.colcon_core.shell:Creating package script '/home/my11/interbotix_ws/install/interbotix_xs_driver/share/interbotix_xs_driver/package.zsh'
[4.624s] Level 1:colcon.colcon_core.environment:create_file_with_runtime_dependencies(/home/my11/interbotix_ws/install/interbotix_xs_driver/share/colcon-core/packages/interbotix_xs_driver)
[5.777s] DEBUG:colcon.colcon_core.event_handler.log_command:Invoked command in '/home/my11/interbotix_ws/build/interbotix_perception_msgs' returned '0': CMAKE_PREFIX_PATH=${CMAKE_PREFIX_PATH}:/home/my11/ros2_ws/install/opencv_test_py:/opt/ros/humble /usr/bin/cmake --build /home/my11/interbotix_ws/build/interbotix_perception_msgs -- -j20 -l20
[6.053s] DEBUG:colcon.colcon_core.event_handler.log_command:Invoking command in '/home/my11/interbotix_ws/build/interbotix_perception_msgs': CMAKE_PREFIX_PATH=${CMAKE_PREFIX_PATH}:/home/my11/ros2_ws/install/opencv_test_py:/opt/ros/humble /usr/bin/cmake --install /home/my11/interbotix_ws/build/interbotix_perception_msgs
[6.184s] Level 1:colcon.colcon_core.environment:create_environment_scripts_only(interbotix_perception_msgs)
[6.184s] Level 1:colcon.colcon_core.environment:checking '/home/my11/interbotix_ws/install/interbotix_perception_msgs' for CMake module files
[6.185s] Level 1:colcon.colcon_core.environment:checking '/home/my11/interbotix_ws/install/interbotix_perception_msgs' for CMake config files
[6.186s] Level 1:colcon.colcon_core.shell:create_environment_hook('interbotix_perception_msgs', 'cmake_prefix_path')
[6.186s] INFO:colcon.colcon_core.shell:Creating environment hook '/home/my11/interbotix_ws/install/interbotix_perception_msgs/share/interbotix_perception_msgs/hook/cmake_prefix_path.ps1'
[6.186s] DEBUG:colcon.colcon_core.event_handler.log_command:Invoked command in '/home/my11/interbotix_ws/build/interbotix_perception_msgs' returned '0': CMAKE_PREFIX_PATH=${CMAKE_PREFIX_PATH}:/home/my11/ros2_ws/install/opencv_test_py:/opt/ros/humble /usr/bin/cmake --install /home/my11/interbotix_ws/build/interbotix_perception_msgs
[6.187s] INFO:colcon.colcon_core.shell:Creating environment descriptor '/home/my11/interbotix_ws/install/interbotix_perception_msgs/share/interbotix_perception_msgs/hook/cmake_prefix_path.dsv'
[6.188s] INFO:colcon.colcon_core.shell:Creating environment hook '/home/my11/interbotix_ws/install/interbotix_perception_msgs/share/interbotix_perception_msgs/hook/cmake_prefix_path.sh'
[6.189s] Level 1:colcon.colcon_core.environment:checking '/home/my11/interbotix_ws/install/interbotix_perception_msgs/lib'
[6.189s] Level 1:colcon.colcon_core.shell:create_environment_hook('interbotix_perception_msgs', 'ld_library_path_lib')
[6.190s] INFO:colcon.colcon_core.shell:Creating environment hook '/home/my11/interbotix_ws/install/interbotix_perception_msgs/share/interbotix_perception_msgs/hook/ld_library_path_lib.ps1'
[6.190s] INFO:colcon.colcon_core.shell:Creating environment descriptor '/home/my11/interbotix_ws/install/interbotix_perception_msgs/share/interbotix_perception_msgs/hook/ld_library_path_lib.dsv'
[6.191s] INFO:colcon.colcon_core.shell:Creating environment hook '/home/my11/interbotix_ws/install/interbotix_perception_msgs/share/interbotix_perception_msgs/hook/ld_library_path_lib.sh'
[6.191s] Level 1:colcon.colcon_core.environment:checking '/home/my11/interbotix_ws/install/interbotix_perception_msgs/bin'
[6.191s] Level 1:colcon.colcon_core.environment:checking '/home/my11/interbotix_ws/install/interbotix_perception_msgs/lib/pkgconfig/interbotix_perception_msgs.pc'
[6.191s] Level 1:colcon.colcon_core.environment:checking '/home/my11/interbotix_ws/install/interbotix_perception_msgs/lib/python3.10/site-packages'
[6.192s] Level 1:colcon.colcon_core.environment:checking '/home/my11/interbotix_ws/install/interbotix_perception_msgs/bin'
[6.196s] INFO:colcon.colcon_core.shell:Creating package script '/home/my11/interbotix_ws/install/interbotix_perception_msgs/share/interbotix_perception_msgs/package.ps1'
[6.197s] INFO:colcon.colcon_core.shell:Creating package descriptor '/home/my11/interbotix_ws/install/interbotix_perception_msgs/share/interbotix_perception_msgs/package.dsv'
[6.198s] INFO:colcon.colcon_core.shell:Creating package script '/home/my11/interbotix_ws/install/interbotix_perception_msgs/share/interbotix_perception_msgs/package.sh'
[6.198s] INFO:colcon.colcon_core.shell:Creating package script '/home/my11/interbotix_ws/install/interbotix_perception_msgs/share/interbotix_perception_msgs/package.bash'
[6.199s] INFO:colcon.colcon_core.shell:Creating package script '/home/my11/interbotix_ws/install/interbotix_perception_msgs/share/interbotix_perception_msgs/package.zsh'
[6.199s] Level 1:colcon.colcon_core.environment:create_file_with_runtime_dependencies(/home/my11/interbotix_ws/install/interbotix_perception_msgs/share/colcon-core/packages/interbotix_perception_msgs)
[6.496s] Level 1:colcon.colcon_core.environment:create_environment_scripts_only(interbotix_perception_msgs)
[6.496s] Level 1:colcon.colcon_core.environment:checking '/home/my11/interbotix_ws/install/interbotix_perception_msgs' for CMake module files
[6.497s] Level 1:colcon.colcon_core.environment:checking '/home/my11/interbotix_ws/install/interbotix_perception_msgs' for CMake config files
[6.497s] Level 1:colcon.colcon_core.shell:create_environment_hook('interbotix_perception_msgs', 'cmake_prefix_path')
[6.497s] INFO:colcon.colcon_core.shell:Creating environment hook '/home/my11/interbotix_ws/install/interbotix_perception_msgs/share/interbotix_perception_msgs/hook/cmake_prefix_path.ps1'
[6.498s] INFO:colcon.colcon_core.shell:Creating environment descriptor '/home/my11/interbotix_ws/install/interbotix_perception_msgs/share/interbotix_perception_msgs/hook/cmake_prefix_path.dsv'
[6.498s] INFO:colcon.colcon_core.shell:Creating environment hook '/home/my11/interbotix_ws/install/interbotix_perception_msgs/share/interbotix_perception_msgs/hook/cmake_prefix_path.sh'
[6.504s] Level 1:colcon.colcon_core.environment:checking '/home/my11/interbotix_ws/install/interbotix_perception_msgs/lib'
[6.504s] Level 1:colcon.colcon_core.shell:create_environment_hook('interbotix_perception_msgs', 'ld_library_path_lib')
[6.505s] INFO:colcon.colcon_core.shell:Creating environment hook '/home/my11/interbotix_ws/install/interbotix_perception_msgs/share/interbotix_perception_msgs/hook/ld_library_path_lib.ps1'
[6.505s] INFO:colcon.colcon_core.shell:Creating environment descriptor '/home/my11/interbotix_ws/install/interbotix_perception_msgs/share/interbotix_perception_msgs/hook/ld_library_path_lib.dsv'
[6.506s] INFO:colcon.colcon_core.shell:Creating environment hook '/home/my11/interbotix_ws/install/interbotix_perception_msgs/share/interbotix_perception_msgs/hook/ld_library_path_lib.sh'
[6.506s] Level 1:colcon.colcon_core.environment:checking '/home/my11/interbotix_ws/install/interbotix_perception_msgs/bin'
[6.506s] Level 1:colcon.colcon_core.environment:checking '/home/my11/interbotix_ws/install/interbotix_perception_msgs/lib/pkgconfig/interbotix_perception_msgs.pc'
[6.506s] Level 1:colcon.colcon_core.environment:checking '/home/my11/interbotix_ws/install/interbotix_perception_msgs/lib/python3.10/site-packages'
[6.507s] Level 1:colcon.colcon_core.environment:checking '/home/my11/interbotix_ws/install/interbotix_perception_msgs/bin'
[6.507s] INFO:colcon.colcon_core.shell:Creating package script '/home/my11/interbotix_ws/install/interbotix_perception_msgs/share/interbotix_perception_msgs/package.ps1'
[6.510s] INFO:colcon.colcon_core.shell:Creating package descriptor '/home/my11/interbotix_ws/install/interbotix_perception_msgs/share/interbotix_perception_msgs/package.dsv'
[6.511s] INFO:colcon.colcon_core.shell:Creating package script '/home/my11/interbotix_ws/install/interbotix_perception_msgs/share/interbotix_perception_msgs/package.sh'
[6.511s] INFO:colcon.colcon_core.shell:Creating package script '/home/my11/interbotix_ws/install/interbotix_perception_msgs/share/interbotix_perception_msgs/package.bash'
[6.512s] INFO:colcon.colcon_core.shell:Creating package script '/home/my11/interbotix_ws/install/interbotix_perception_msgs/share/interbotix_perception_msgs/package.zsh'
[6.512s] Level 1:colcon.colcon_core.environment:create_file_with_runtime_dependencies(/home/my11/interbotix_ws/install/interbotix_perception_msgs/share/colcon-core/packages/interbotix_perception_msgs)
[6.513s] INFO:colcon.colcon_ros.task.ament_cmake.build:Building ROS package in '/home/my11/interbotix_ws/src/interbotix_ros_toolboxes/interbotix_perception_toolbox/interbotix_perception_pipelines' with build type 'ament_cmake'
[6.515s] INFO:colcon.colcon_cmake.task.cmake.build:Building CMake package in '/home/my11/interbotix_ws/src/interbotix_ros_toolboxes/interbotix_perception_toolbox/interbotix_perception_pipelines'
[6.515s] INFO:colcon.colcon_core.shell:Skip shell extension 'powershell' for command environment: Not usable outside of PowerShell
[6.515s] DEBUG:colcon.colcon_core.shell:Skip shell extension 'dsv' for command environment
[6.537s] DEBUG:colcon.colcon_core.event_handler.log_command:Invoking command in '/home/my11/interbotix_ws/build/interbotix_perception_pipelines': AMENT_PREFIX_PATH=/home/my11/interbotix_ws/install/interbotix_perception_msgs:${AMENT_PREFIX_PATH} CMAKE_PREFIX_PATH=/home/my11/interbotix_ws/install/interbotix_perception_msgs:/home/my11/apriltag_ws/install/apriltag_ros:/home/my11/ros2_ws/install/rrbot_gazebo:/home/my11/ros2_ws/install/rrbot_description:/home/my11/ros2_ws/install/plate_description:/home/my11/ros2_ws/install/opencv_test_py:/opt/ros/humble LD_LIBRARY_PATH=/home/my11/interbotix_ws/install/interbotix_perception_msgs/lib:/home/my11/apriltag_ws/install/apriltag_ros/lib:/usr/lib/x86_64-linux-gnu/gazebo-11/plugins:/opt/ros/humble/opt/rviz_ogre_vendor/lib:/opt/ros/humble/lib/x86_64-linux-gnu:/opt/ros/humble/lib:/usr/share/gazebo/../../lib/x86_64-linux-gnu/gazebo-11/plugins:/usr/share/gazebo/../../lib/x86_64-linux-gnu/gazebo-11/plugins:/usr/share/gazebo/../../lib/x86_64-linux-gnu/gazebo-11/plugins PYTHONPATH=/home/my11/interbotix_ws/install/interbotix_perception_msgs/local/lib/python3.10/dist-packages:${PYTHONPATH} /usr/bin/cmake /home/my11/interbotix_ws/src/interbotix_ros_toolboxes/interbotix_perception_toolbox/interbotix_perception_pipelines -DCMAKE_INSTALL_PREFIX=/home/my11/interbotix_ws/install/interbotix_perception_pipelines
[8.622s] DEBUG:colcon.colcon_core.event_handler.log_command:Invoked command in '/home/my11/interbotix_ws/build/interbotix_tf_tools' returned '0': CMAKE_PREFIX_PATH=${CMAKE_PREFIX_PATH}:/home/my11/ros2_ws/install/opencv_test_py:/opt/ros/humble /usr/bin/cmake --build /home/my11/interbotix_ws/build/interbotix_tf_tools -- -j20 -l20
[8.644s] DEBUG:colcon.colcon_core.event_handler.log_command:Invoking command in '/home/my11/interbotix_ws/build/interbotix_tf_tools': CMAKE_PREFIX_PATH=${CMAKE_PREFIX_PATH}:/home/my11/ros2_ws/install/opencv_test_py:/opt/ros/humble /usr/bin/cmake --install /home/my11/interbotix_ws/build/interbotix_tf_tools
[8.654s] Level 1:colcon.colcon_core.environment:create_environment_scripts_only(interbotix_tf_tools)
[8.654s] Level 1:colcon.colcon_core.environment:checking '/home/my11/interbotix_ws/install/interbotix_tf_tools' for CMake module files
[8.654s] DEBUG:colcon.colcon_core.event_handler.log_command:Invoked command in '/home/my11/interbotix_ws/build/interbotix_tf_tools' returned '0': CMAKE_PREFIX_PATH=${CMAKE_PREFIX_PATH}:/home/my11/ros2_ws/install/opencv_test_py:/opt/ros/humble /usr/bin/cmake --install /home/my11/interbotix_ws/build/interbotix_tf_tools
[8.655s] Level 1:colcon.colcon_core.environment:checking '/home/my11/interbotix_ws/install/interbotix_tf_tools' for CMake config files
[8.655s] Level 1:colcon.colcon_core.shell:create_environment_hook('interbotix_tf_tools', 'cmake_prefix_path')
[8.655s] INFO:colcon.colcon_core.shell:Creating environment hook '/home/my11/interbotix_ws/install/interbotix_tf_tools/share/interbotix_tf_tools/hook/cmake_prefix_path.ps1'
[8.656s] INFO:colcon.colcon_core.shell:Creating environment descriptor '/home/my11/interbotix_ws/install/interbotix_tf_tools/share/interbotix_tf_tools/hook/cmake_prefix_path.dsv'
[8.656s] INFO:colcon.colcon_core.shell:Creating environment hook '/home/my11/interbotix_ws/install/interbotix_tf_tools/share/interbotix_tf_tools/hook/cmake_prefix_path.sh'
[8.656s] Level 1:colcon.colcon_core.environment:checking '/home/my11/interbotix_ws/install/interbotix_tf_tools/lib'
[8.656s] Level 1:colcon.colcon_core.shell:create_environment_hook('interbotix_tf_tools', 'ld_library_path_lib')
[8.657s] INFO:colcon.colcon_core.shell:Creating environment hook '/home/my11/interbotix_ws/install/interbotix_tf_tools/share/interbotix_tf_tools/hook/ld_library_path_lib.ps1'
[8.657s] INFO:colcon.colcon_core.shell:Creating environment descriptor '/home/my11/interbotix_ws/install/interbotix_tf_tools/share/interbotix_tf_tools/hook/ld_library_path_lib.dsv'
[8.657s] INFO:colcon.colcon_core.shell:Creating environment hook '/home/my11/interbotix_ws/install/interbotix_tf_tools/share/interbotix_tf_tools/hook/ld_library_path_lib.sh'
[8.658s] Level 1:colcon.colcon_core.environment:checking '/home/my11/interbotix_ws/install/interbotix_tf_tools/bin'
[8.658s] Level 1:colcon.colcon_core.environment:checking '/home/my11/interbotix_ws/install/interbotix_tf_tools/lib/pkgconfig/interbotix_tf_tools.pc'
[8.658s] Level 1:colcon.colcon_core.environment:checking '/home/my11/interbotix_ws/install/interbotix_tf_tools/lib/python3.10/site-packages'
[8.658s] Level 1:colcon.colcon_core.environment:checking '/home/my11/interbotix_ws/install/interbotix_tf_tools/bin'
[8.658s] INFO:colcon.colcon_core.shell:Creating package script '/home/my11/interbotix_ws/install/interbotix_tf_tools/share/interbotix_tf_tools/package.ps1'
[8.659s] INFO:colcon.colcon_core.shell:Creating package descriptor '/home/my11/interbotix_ws/install/interbotix_tf_tools/share/interbotix_tf_tools/package.dsv'
[8.659s] INFO:colcon.colcon_core.shell:Creating package script '/home/my11/interbotix_ws/install/interbotix_tf_tools/share/interbotix_tf_tools/package.sh'
[8.660s] INFO:colcon.colcon_core.shell:Creating package script '/home/my11/interbotix_ws/install/interbotix_tf_tools/share/interbotix_tf_tools/package.bash'
[8.660s] INFO:colcon.colcon_core.shell:Creating package script '/home/my11/interbotix_ws/install/interbotix_tf_tools/share/interbotix_tf_tools/package.zsh'
[8.660s] Level 1:colcon.colcon_core.environment:create_file_with_runtime_dependencies(/home/my11/interbotix_ws/install/interbotix_tf_tools/share/colcon-core/packages/interbotix_tf_tools)
[8.681s] Level 1:colcon.colcon_core.environment:create_environment_scripts_only(interbotix_tf_tools)
[8.682s] Level 1:colcon.colcon_core.environment:checking '/home/my11/interbotix_ws/install/interbotix_tf_tools' for CMake module files
[8.682s] Level 1:colcon.colcon_core.environment:checking '/home/my11/interbotix_ws/install/interbotix_tf_tools' for CMake config files
[8.682s] Level 1:colcon.colcon_core.shell:create_environment_hook('interbotix_tf_tools', 'cmake_prefix_path')
[8.682s] INFO:colcon.colcon_core.shell:Creating environment hook '/home/my11/interbotix_ws/install/interbotix_tf_tools/share/interbotix_tf_tools/hook/cmake_prefix_path.ps1'
[8.683s] INFO:colcon.colcon_core.shell:Creating environment descriptor '/home/my11/interbotix_ws/install/interbotix_tf_tools/share/interbotix_tf_tools/hook/cmake_prefix_path.dsv'
[8.683s] INFO:colcon.colcon_core.shell:Creating environment hook '/home/my11/interbotix_ws/install/interbotix_tf_tools/share/interbotix_tf_tools/hook/cmake_prefix_path.sh'
[8.683s] Level 1:colcon.colcon_core.environment:checking '/home/my11/interbotix_ws/install/interbotix_tf_tools/lib'
[8.683s] Level 1:colcon.colcon_core.shell:create_environment_hook('interbotix_tf_tools', 'ld_library_path_lib')
[8.683s] INFO:colcon.colcon_core.shell:Creating environment hook '/home/my11/interbotix_ws/install/interbotix_tf_tools/share/interbotix_tf_tools/hook/ld_library_path_lib.ps1'
[8.684s] INFO:colcon.colcon_core.shell:Creating environment descriptor '/home/my11/interbotix_ws/install/interbotix_tf_tools/share/interbotix_tf_tools/hook/ld_library_path_lib.dsv'
[8.684s] INFO:colcon.colcon_core.shell:Creating environment hook '/home/my11/interbotix_ws/install/interbotix_tf_tools/share/interbotix_tf_tools/hook/ld_library_path_lib.sh'
[8.684s] Level 1:colcon.colcon_core.environment:checking '/home/my11/interbotix_ws/install/interbotix_tf_tools/bin'
[8.684s] Level 1:colcon.colcon_core.environment:checking '/home/my11/interbotix_ws/install/interbotix_tf_tools/lib/pkgconfig/interbotix_tf_tools.pc'
[8.684s] Level 1:colcon.colcon_core.environment:checking '/home/my11/interbotix_ws/install/interbotix_tf_tools/lib/python3.10/site-packages'
[8.684s] Level 1:colcon.colcon_core.environment:checking '/home/my11/interbotix_ws/install/interbotix_tf_tools/bin'
[8.684s] INFO:colcon.colcon_core.shell:Creating package script '/home/my11/interbotix_ws/install/interbotix_tf_tools/share/interbotix_tf_tools/package.ps1'
[8.685s] INFO:colcon.colcon_core.shell:Creating package descriptor '/home/my11/interbotix_ws/install/interbotix_tf_tools/share/interbotix_tf_tools/package.dsv'
[8.685s] INFO:colcon.colcon_core.shell:Creating package script '/home/my11/interbotix_ws/install/interbotix_tf_tools/share/interbotix_tf_tools/package.sh'
[8.685s] INFO:colcon.colcon_core.shell:Creating package script '/home/my11/interbotix_ws/install/interbotix_tf_tools/share/interbotix_tf_tools/package.bash'
[8.685s] INFO:colcon.colcon_core.shell:Creating package script '/home/my11/interbotix_ws/install/interbotix_tf_tools/share/interbotix_tf_tools/package.zsh'
[8.685s] Level 1:colcon.colcon_core.environment:create_file_with_runtime_dependencies(/home/my11/interbotix_ws/install/interbotix_tf_tools/share/colcon-core/packages/interbotix_tf_tools)
[9.037s] DEBUG:colcon.colcon_core.event_handler.log_command:Invoked command in '/home/my11/interbotix_ws/build/interbotix_perception_pipelines' returned '0': AMENT_PREFIX_PATH=/home/my11/interbotix_ws/install/interbotix_perception_msgs:${AMENT_PREFIX_PATH} CMAKE_PREFIX_PATH=/home/my11/interbotix_ws/install/interbotix_perception_msgs:/home/my11/apriltag_ws/install/apriltag_ros:/home/my11/ros2_ws/install/rrbot_gazebo:/home/my11/ros2_ws/install/rrbot_description:/home/my11/ros2_ws/install/plate_description:/home/my11/ros2_ws/install/opencv_test_py:/opt/ros/humble LD_LIBRARY_PATH=/home/my11/interbotix_ws/install/interbotix_perception_msgs/lib:/home/my11/apriltag_ws/install/apriltag_ros/lib:/usr/lib/x86_64-linux-gnu/gazebo-11/plugins:/opt/ros/humble/opt/rviz_ogre_vendor/lib:/opt/ros/humble/lib/x86_64-linux-gnu:/opt/ros/humble/lib:/usr/share/gazebo/../../lib/x86_64-linux-gnu/gazebo-11/plugins:/usr/share/gazebo/../../lib/x86_64-linux-gnu/gazebo-11/plugins:/usr/share/gazebo/../../lib/x86_64-linux-gnu/gazebo-11/plugins PYTHONPATH=/home/my11/interbotix_ws/install/interbotix_perception_msgs/local/lib/python3.10/dist-packages:${PYTHONPATH} /usr/bin/cmake /home/my11/interbotix_ws/src/interbotix_ros_toolboxes/interbotix_perception_toolbox/interbotix_perception_pipelines -DCMAKE_INSTALL_PREFIX=/home/my11/interbotix_ws/install/interbotix_perception_pipelines
[9.038s] DEBUG:colcon.colcon_core.event_handler.log_command:Invoking command in '/home/my11/interbotix_ws/build/interbotix_perception_pipelines': AMENT_PREFIX_PATH=/home/my11/interbotix_ws/install/interbotix_perception_msgs:${AMENT_PREFIX_PATH} CMAKE_PREFIX_PATH=/home/my11/interbotix_ws/install/interbotix_perception_msgs:/home/my11/apriltag_ws/install/apriltag_ros:/home/my11/ros2_ws/install/rrbot_gazebo:/home/my11/ros2_ws/install/rrbot_description:/home/my11/ros2_ws/install/plate_description:/home/my11/ros2_ws/install/opencv_test_py:/opt/ros/humble LD_LIBRARY_PATH=/home/my11/interbotix_ws/install/interbotix_perception_msgs/lib:/home/my11/apriltag_ws/install/apriltag_ros/lib:/usr/lib/x86_64-linux-gnu/gazebo-11/plugins:/opt/ros/humble/opt/rviz_ogre_vendor/lib:/opt/ros/humble/lib/x86_64-linux-gnu:/opt/ros/humble/lib:/usr/share/gazebo/../../lib/x86_64-linux-gnu/gazebo-11/plugins:/usr/share/gazebo/../../lib/x86_64-linux-gnu/gazebo-11/plugins:/usr/share/gazebo/../../lib/x86_64-linux-gnu/gazebo-11/plugins PYTHONPATH=/home/my11/interbotix_ws/install/interbotix_perception_msgs/local/lib/python3.10/dist-packages:${PYTHONPATH} /usr/bin/cmake --build /home/my11/interbotix_ws/build/interbotix_perception_pipelines -- -j20 -l20
[9.771s] DEBUG:colcon.colcon_core.event_handler.log_command:Invoked command in '/home/my11/interbotix_ws/build/interbotix_xs_msgs' returned '0': CMAKE_PREFIX_PATH=${CMAKE_PREFIX_PATH}:/home/my11/ros2_ws/install/opencv_test_py:/opt/ros/humble /usr/bin/cmake --build /home/my11/interbotix_ws/build/interbotix_xs_msgs -- -j20 -l20
[10.038s] DEBUG:colcon.colcon_core.event_handler.log_command:Invoking command in '/home/my11/interbotix_ws/build/interbotix_xs_msgs': CMAKE_PREFIX_PATH=${CMAKE_PREFIX_PATH}:/home/my11/ros2_ws/install/opencv_test_py:/opt/ros/humble /usr/bin/cmake --install /home/my11/interbotix_ws/build/interbotix_xs_msgs
[10.113s] Level 1:colcon.colcon_core.environment:create_environment_scripts_only(interbotix_xs_msgs)
[10.113s] Level 1:colcon.colcon_core.environment:checking '/home/my11/interbotix_ws/install/interbotix_xs_msgs' for CMake module files
[10.113s] DEBUG:colcon.colcon_core.event_handler.log_command:Invoked command in '/home/my11/interbotix_ws/build/interbotix_xs_msgs' returned '0': CMAKE_PREFIX_PATH=${CMAKE_PREFIX_PATH}:/home/my11/ros2_ws/install/opencv_test_py:/opt/ros/humble /usr/bin/cmake --install /home/my11/interbotix_ws/build/interbotix_xs_msgs
[10.114s] Level 1:colcon.colcon_core.environment:checking '/home/my11/interbotix_ws/install/interbotix_xs_msgs' for CMake config files
[10.114s] Level 1:colcon.colcon_core.shell:create_environment_hook('interbotix_xs_msgs', 'cmake_prefix_path')
[10.114s] INFO:colcon.colcon_core.shell:Creating environment hook '/home/my11/interbotix_ws/install/interbotix_xs_msgs/share/interbotix_xs_msgs/hook/cmake_prefix_path.ps1'
[10.115s] INFO:colcon.colcon_core.shell:Creating environment descriptor '/home/my11/interbotix_ws/install/interbotix_xs_msgs/share/interbotix_xs_msgs/hook/cmake_prefix_path.dsv'
[10.115s] INFO:colcon.colcon_core.shell:Creating environment hook '/home/my11/interbotix_ws/install/interbotix_xs_msgs/share/interbotix_xs_msgs/hook/cmake_prefix_path.sh'
[10.115s] Level 1:colcon.colcon_core.environment:checking '/home/my11/interbotix_ws/install/interbotix_xs_msgs/lib'
[10.116s] Level 1:colcon.colcon_core.shell:create_environment_hook('interbotix_xs_msgs', 'ld_library_path_lib')
[10.116s] INFO:colcon.colcon_core.shell:Creating environment hook '/home/my11/interbotix_ws/install/interbotix_xs_msgs/share/interbotix_xs_msgs/hook/ld_library_path_lib.ps1'
[10.116s] INFO:colcon.colcon_core.shell:Creating environment descriptor '/home/my11/interbotix_ws/install/interbotix_xs_msgs/share/interbotix_xs_msgs/hook/ld_library_path_lib.dsv'
[10.116s] INFO:colcon.colcon_core.shell:Creating environment hook '/home/my11/interbotix_ws/install/interbotix_xs_msgs/share/interbotix_xs_msgs/hook/ld_library_path_lib.sh'
[10.116s] Level 1:colcon.colcon_core.environment:checking '/home/my11/interbotix_ws/install/interbotix_xs_msgs/bin'
[10.117s] Level 1:colcon.colcon_core.environment:checking '/home/my11/interbotix_ws/install/interbotix_xs_msgs/lib/pkgconfig/interbotix_xs_msgs.pc'
[10.117s] Level 1:colcon.colcon_core.environment:checking '/home/my11/interbotix_ws/install/interbotix_xs_msgs/lib/python3.10/site-packages'
[10.117s] Level 1:colcon.colcon_core.environment:checking '/home/my11/interbotix_ws/install/interbotix_xs_msgs/bin'
[10.117s] INFO:colcon.colcon_core.shell:Creating package script '/home/my11/interbotix_ws/install/interbotix_xs_msgs/share/interbotix_xs_msgs/package.ps1'
[10.117s] INFO:colcon.colcon_core.shell:Creating package descriptor '/home/my11/interbotix_ws/install/interbotix_xs_msgs/share/interbotix_xs_msgs/package.dsv'
[10.118s] INFO:colcon.colcon_core.shell:Creating package script '/home/my11/interbotix_ws/install/interbotix_xs_msgs/share/interbotix_xs_msgs/package.sh'
[10.118s] INFO:colcon.colcon_core.shell:Creating package script '/home/my11/interbotix_ws/install/interbotix_xs_msgs/share/interbotix_xs_msgs/package.bash'
[10.118s] INFO:colcon.colcon_core.shell:Creating package script '/home/my11/interbotix_ws/install/interbotix_xs_msgs/share/interbotix_xs_msgs/package.zsh'
[10.119s] Level 1:colcon.colcon_core.environment:create_file_with_runtime_dependencies(/home/my11/interbotix_ws/install/interbotix_xs_msgs/share/colcon-core/packages/interbotix_xs_msgs)
[10.388s] Level 1:colcon.colcon_core.environment:create_environment_scripts_only(interbotix_xs_msgs)
[10.388s] Level 1:colcon.colcon_core.environment:checking '/home/my11/interbotix_ws/install/interbotix_xs_msgs' for CMake module files
[10.388s] Level 1:colcon.colcon_core.environment:checking '/home/my11/interbotix_ws/install/interbotix_xs_msgs' for CMake config files
[10.389s] Level 1:colcon.colcon_core.shell:create_environment_hook('interbotix_xs_msgs', 'cmake_prefix_path')
[10.389s] INFO:colcon.colcon_core.shell:Creating environment hook '/home/my11/interbotix_ws/install/interbotix_xs_msgs/share/interbotix_xs_msgs/hook/cmake_prefix_path.ps1'
[10.389s] INFO:colcon.colcon_core.shell:Creating environment descriptor '/home/my11/interbotix_ws/install/interbotix_xs_msgs/share/interbotix_xs_msgs/hook/cmake_prefix_path.dsv'
[10.390s] INFO:colcon.colcon_core.shell:Creating environment hook '/home/my11/interbotix_ws/install/interbotix_xs_msgs/share/interbotix_xs_msgs/hook/cmake_prefix_path.sh'
[10.390s] Level 1:colcon.colcon_core.environment:checking '/home/my11/interbotix_ws/install/interbotix_xs_msgs/lib'
[10.390s] Level 1:colcon.colcon_core.shell:create_environment_hook('interbotix_xs_msgs', 'ld_library_path_lib')
[10.391s] INFO:colcon.colcon_core.shell:Creating environment hook '/home/my11/interbotix_ws/install/interbotix_xs_msgs/share/interbotix_xs_msgs/hook/ld_library_path_lib.ps1'
[10.391s] INFO:colcon.colcon_core.shell:Creating environment descriptor '/home/my11/interbotix_ws/install/interbotix_xs_msgs/share/interbotix_xs_msgs/hook/ld_library_path_lib.dsv'
[10.391s] INFO:colcon.colcon_core.shell:Creating environment hook '/home/my11/interbotix_ws/install/interbotix_xs_msgs/share/interbotix_xs_msgs/hook/ld_library_path_lib.sh'
[10.391s] Level 1:colcon.colcon_core.environment:checking '/home/my11/interbotix_ws/install/interbotix_xs_msgs/bin'
[10.391s] Level 1:colcon.colcon_core.environment:checking '/home/my11/interbotix_ws/install/interbotix_xs_msgs/lib/pkgconfig/interbotix_xs_msgs.pc'
[10.392s] Level 1:colcon.colcon_core.environment:checking '/home/my11/interbotix_ws/install/interbotix_xs_msgs/lib/python3.10/site-packages'
[10.392s] Level 1:colcon.colcon_core.environment:checking '/home/my11/interbotix_ws/install/interbotix_xs_msgs/bin'
[10.392s] INFO:colcon.colcon_core.shell:Creating package script '/home/my11/interbotix_ws/install/interbotix_xs_msgs/share/interbotix_xs_msgs/package.ps1'
[10.393s] INFO:colcon.colcon_core.shell:Creating package descriptor '/home/my11/interbotix_ws/install/interbotix_xs_msgs/share/interbotix_xs_msgs/package.dsv'
[10.393s] INFO:colcon.colcon_core.shell:Creating package script '/home/my11/interbotix_ws/install/interbotix_xs_msgs/share/interbotix_xs_msgs/package.sh'
[10.393s] INFO:colcon.colcon_core.shell:Creating package script '/home/my11/interbotix_ws/install/interbotix_xs_msgs/share/interbotix_xs_msgs/package.bash'
[10.394s] INFO:colcon.colcon_core.shell:Creating package script '/home/my11/interbotix_ws/install/interbotix_xs_msgs/share/interbotix_xs_msgs/package.zsh'
[10.394s] Level 1:colcon.colcon_core.environment:create_file_with_runtime_dependencies(/home/my11/interbotix_ws/install/interbotix_xs_msgs/share/colcon-core/packages/interbotix_xs_msgs)
[10.395s] INFO:colcon.colcon_ros.task.ament_cmake.build:Building ROS package in '/home/my11/interbotix_ws/src/interbotix_ros_core/interbotix_ros_xseries/interbotix_xs_sdk' with build type 'ament_cmake'
[10.395s] INFO:colcon.colcon_cmake.task.cmake.build:Building CMake package in '/home/my11/interbotix_ws/src/interbotix_ros_core/interbotix_ros_xseries/interbotix_xs_sdk'
[10.395s] INFO:colcon.colcon_core.shell:Skip shell extension 'powershell' for command environment: Not usable outside of PowerShell
[10.395s] DEBUG:colcon.colcon_core.shell:Skip shell extension 'dsv' for command environment
[10.399s] INFO:colcon.colcon_ros.task.ament_cmake.build:Building ROS package in '/home/my11/interbotix_ws/src/interbotix_ros_toolboxes/interbotix_xs_toolbox/interbotix_xs_ros_control' with build type 'ament_cmake'
[10.399s] INFO:colcon.colcon_cmake.task.cmake.build:Building CMake package in '/home/my11/interbotix_ws/src/interbotix_ros_toolboxes/interbotix_xs_toolbox/interbotix_xs_ros_control'
[10.400s] INFO:colcon.colcon_core.shell:Skip shell extension 'powershell' for command environment: Not usable outside of PowerShell
[10.400s] DEBUG:colcon.colcon_core.shell:Skip shell extension 'dsv' for command environment
[10.404s] INFO:colcon.colcon_ros.task.ament_cmake.build:Building ROS package in '/home/my11/interbotix_ws/src/interbotix_ros_toolboxes/interbotix_common_toolbox/interbotix_gravity_compensation' with build type 'ament_cmake'
[10.404s] INFO:colcon.colcon_cmake.task.cmake.build:Building CMake package in '/home/my11/interbotix_ws/src/interbotix_ros_toolboxes/interbotix_common_toolbox/interbotix_gravity_compensation'
[10.404s] INFO:colcon.colcon_core.shell:Skip shell extension 'powershell' for command environment: Not usable outside of PowerShell
[10.404s] DEBUG:colcon.colcon_core.shell:Skip shell extension 'dsv' for command environment
[10.412s] DEBUG:colcon.colcon_core.event_handler.log_command:Invoking command in '/home/my11/interbotix_ws/build/interbotix_xs_sdk': AMENT_PREFIX_PATH=/home/my11/interbotix_ws/install/interbotix_xs_driver:/home/my11/interbotix_ws/install/interbotix_xs_msgs:/home/my11/interbotix_ws/install/dynamixel_workbench_toolbox:${AMENT_PREFIX_PATH} CMAKE_PREFIX_PATH=/home/my11/interbotix_ws/install/interbotix_xs_driver:/home/my11/interbotix_ws/install/interbotix_xs_msgs:/home/my11/interbotix_ws/install/dynamixel_workbench_toolbox:/home/my11/apriltag_ws/install/apriltag_ros:/home/my11/ros2_ws/install/rrbot_gazebo:/home/my11/ros2_ws/install/rrbot_description:/home/my11/ros2_ws/install/plate_description:/home/my11/ros2_ws/install/opencv_test_py:/opt/ros/humble LD_LIBRARY_PATH=/home/my11/interbotix_ws/install/interbotix_xs_driver/lib:/home/my11/interbotix_ws/install/interbotix_xs_msgs/lib:/home/my11/interbotix_ws/install/dynamixel_workbench_toolbox/lib:/home/my11/apriltag_ws/install/apriltag_ros/lib:/usr/lib/x86_64-linux-gnu/gazebo-11/plugins:/opt/ros/humble/opt/rviz_ogre_vendor/lib:/opt/ros/humble/lib/x86_64-linux-gnu:/opt/ros/humble/lib:/usr/share/gazebo/../../lib/x86_64-linux-gnu/gazebo-11/plugins:/usr/share/gazebo/../../lib/x86_64-linux-gnu/gazebo-11/plugins:/usr/share/gazebo/../../lib/x86_64-linux-gnu/gazebo-11/plugins PYTHONPATH=/home/my11/interbotix_ws/install/interbotix_xs_msgs/local/lib/python3.10/dist-packages:${PYTHONPATH} /usr/bin/cmake /home/my11/interbotix_ws/src/interbotix_ros_core/interbotix_ros_xseries/interbotix_xs_sdk -DCMAKE_INSTALL_PREFIX=/home/my11/interbotix_ws/install/interbotix_xs_sdk
[10.415s] DEBUG:colcon.colcon_core.event_handler.log_command:Invoking command in '/home/my11/interbotix_ws/build/interbotix_xs_ros_control': AMENT_PREFIX_PATH=/home/my11/interbotix_ws/install/interbotix_xs_msgs:${AMENT_PREFIX_PATH} CMAKE_PREFIX_PATH=/home/my11/interbotix_ws/install/interbotix_xs_msgs:/home/my11/apriltag_ws/install/apriltag_ros:/home/my11/ros2_ws/install/rrbot_gazebo:/home/my11/ros2_ws/install/rrbot_description:/home/my11/ros2_ws/install/plate_description:/home/my11/ros2_ws/install/opencv_test_py:/opt/ros/humble LD_LIBRARY_PATH=/home/my11/interbotix_ws/install/interbotix_xs_msgs/lib:/home/my11/apriltag_ws/install/apriltag_ros/lib:/usr/lib/x86_64-linux-gnu/gazebo-11/plugins:/opt/ros/humble/opt/rviz_ogre_vendor/lib:/opt/ros/humble/lib/x86_64-linux-gnu:/opt/ros/humble/lib:/usr/share/gazebo/../../lib/x86_64-linux-gnu/gazebo-11/plugins:/usr/share/gazebo/../../lib/x86_64-linux-gnu/gazebo-11/plugins:/usr/share/gazebo/../../lib/x86_64-linux-gnu/gazebo-11/plugins PYTHONPATH=/home/my11/interbotix_ws/install/interbotix_xs_msgs/local/lib/python3.10/dist-packages:${PYTHONPATH} /usr/bin/cmake /home/my11/interbotix_ws/src/interbotix_ros_toolboxes/interbotix_xs_toolbox/interbotix_xs_ros_control -DCMAKE_INSTALL_PREFIX=/home/my11/interbotix_ws/install/interbotix_xs_ros_control
[10.415s] DEBUG:colcon.colcon_core.event_handler.log_command:Invoking command in '/home/my11/interbotix_ws/build/interbotix_gravity_compensation': AMENT_PREFIX_PATH=/home/my11/interbotix_ws/install/interbotix_xs_msgs:${AMENT_PREFIX_PATH} CMAKE_PREFIX_PATH=/home/my11/interbotix_ws/install/interbotix_xs_msgs:/home/my11/apriltag_ws/install/apriltag_ros:/home/my11/ros2_ws/install/rrbot_gazebo:/home/my11/ros2_ws/install/rrbot_description:/home/my11/ros2_ws/install/plate_description:/home/my11/ros2_ws/install/opencv_test_py:/opt/ros/humble LD_LIBRARY_PATH=/home/my11/interbotix_ws/install/interbotix_xs_msgs/lib:/home/my11/apriltag_ws/install/apriltag_ros/lib:/usr/lib/x86_64-linux-gnu/gazebo-11/plugins:/opt/ros/humble/opt/rviz_ogre_vendor/lib:/opt/ros/humble/lib/x86_64-linux-gnu:/opt/ros/humble/lib:/usr/share/gazebo/../../lib/x86_64-linux-gnu/gazebo-11/plugins:/usr/share/gazebo/../../lib/x86_64-linux-gnu/gazebo-11/plugins:/usr/share/gazebo/../../lib/x86_64-linux-gnu/gazebo-11/plugins PYTHONPATH=/home/my11/interbotix_ws/install/interbotix_xs_msgs/local/lib/python3.10/dist-packages:${PYTHONPATH} /usr/bin/cmake /home/my11/interbotix_ws/src/interbotix_ros_toolboxes/interbotix_common_toolbox/interbotix_gravity_compensation -DCMAKE_INSTALL_PREFIX=/home/my11/interbotix_ws/install/interbotix_gravity_compensation
[11.303s] DEBUG:colcon.colcon_core.event_handler.log_command:Invoked command in '/home/my11/interbotix_ws/build/interbotix_gravity_compensation' returned '0': AMENT_PREFIX_PATH=/home/my11/interbotix_ws/install/interbotix_xs_msgs:${AMENT_PREFIX_PATH} CMAKE_PREFIX_PATH=/home/my11/interbotix_ws/install/interbotix_xs_msgs:/home/my11/apriltag_ws/install/apriltag_ros:/home/my11/ros2_ws/install/rrbot_gazebo:/home/my11/ros2_ws/install/rrbot_description:/home/my11/ros2_ws/install/plate_description:/home/my11/ros2_ws/install/opencv_test_py:/opt/ros/humble LD_LIBRARY_PATH=/home/my11/interbotix_ws/install/interbotix_xs_msgs/lib:/home/my11/apriltag_ws/install/apriltag_ros/lib:/usr/lib/x86_64-linux-gnu/gazebo-11/plugins:/opt/ros/humble/opt/rviz_ogre_vendor/lib:/opt/ros/humble/lib/x86_64-linux-gnu:/opt/ros/humble/lib:/usr/share/gazebo/../../lib/x86_64-linux-gnu/gazebo-11/plugins:/usr/share/gazebo/../../lib/x86_64-linux-gnu/gazebo-11/plugins:/usr/share/gazebo/../../lib/x86_64-linux-gnu/gazebo-11/plugins PYTHONPATH=/home/my11/interbotix_ws/install/interbotix_xs_msgs/local/lib/python3.10/dist-packages:${PYTHONPATH} /usr/bin/cmake /home/my11/interbotix_ws/src/interbotix_ros_toolboxes/interbotix_common_toolbox/interbotix_gravity_compensation -DCMAKE_INSTALL_PREFIX=/home/my11/interbotix_ws/install/interbotix_gravity_compensation
[11.304s] DEBUG:colcon.colcon_core.event_handler.log_command:Invoking command in '/home/my11/interbotix_ws/build/interbotix_gravity_compensation': AMENT_PREFIX_PATH=/home/my11/interbotix_ws/install/interbotix_xs_msgs:${AMENT_PREFIX_PATH} CMAKE_PREFIX_PATH=/home/my11/interbotix_ws/install/interbotix_xs_msgs:/home/my11/apriltag_ws/install/apriltag_ros:/home/my11/ros2_ws/install/rrbot_gazebo:/home/my11/ros2_ws/install/rrbot_description:/home/my11/ros2_ws/install/plate_description:/home/my11/ros2_ws/install/opencv_test_py:/opt/ros/humble LD_LIBRARY_PATH=/home/my11/interbotix_ws/install/interbotix_xs_msgs/lib:/home/my11/apriltag_ws/install/apriltag_ros/lib:/usr/lib/x86_64-linux-gnu/gazebo-11/plugins:/opt/ros/humble/opt/rviz_ogre_vendor/lib:/opt/ros/humble/lib/x86_64-linux-gnu:/opt/ros/humble/lib:/usr/share/gazebo/../../lib/x86_64-linux-gnu/gazebo-11/plugins:/usr/share/gazebo/../../lib/x86_64-linux-gnu/gazebo-11/plugins:/usr/share/gazebo/../../lib/x86_64-linux-gnu/gazebo-11/plugins PYTHONPATH=/home/my11/interbotix_ws/install/interbotix_xs_msgs/local/lib/python3.10/dist-packages:${PYTHONPATH} /usr/bin/cmake --build /home/my11/interbotix_ws/build/interbotix_gravity_compensation -- -j20 -l20
[11.364s] DEBUG:colcon.colcon_core.event_handler.log_command:Invoked command in '/home/my11/interbotix_ws/build/interbotix_xs_sdk' returned '0': AMENT_PREFIX_PATH=/home/my11/interbotix_ws/install/interbotix_xs_driver:/home/my11/interbotix_ws/install/interbotix_xs_msgs:/home/my11/interbotix_ws/install/dynamixel_workbench_toolbox:${AMENT_PREFIX_PATH} CMAKE_PREFIX_PATH=/home/my11/interbotix_ws/install/interbotix_xs_driver:/home/my11/interbotix_ws/install/interbotix_xs_msgs:/home/my11/interbotix_ws/install/dynamixel_workbench_toolbox:/home/my11/apriltag_ws/install/apriltag_ros:/home/my11/ros2_ws/install/rrbot_gazebo:/home/my11/ros2_ws/install/rrbot_description:/home/my11/ros2_ws/install/plate_description:/home/my11/ros2_ws/install/opencv_test_py:/opt/ros/humble LD_LIBRARY_PATH=/home/my11/interbotix_ws/install/interbotix_xs_driver/lib:/home/my11/interbotix_ws/install/interbotix_xs_msgs/lib:/home/my11/interbotix_ws/install/dynamixel_workbench_toolbox/lib:/home/my11/apriltag_ws/install/apriltag_ros/lib:/usr/lib/x86_64-linux-gnu/gazebo-11/plugins:/opt/ros/humble/opt/rviz_ogre_vendor/lib:/opt/ros/humble/lib/x86_64-linux-gnu:/opt/ros/humble/lib:/usr/share/gazebo/../../lib/x86_64-linux-gnu/gazebo-11/plugins:/usr/share/gazebo/../../lib/x86_64-linux-gnu/gazebo-11/plugins:/usr/share/gazebo/../../lib/x86_64-linux-gnu/gazebo-11/plugins PYTHONPATH=/home/my11/interbotix_ws/install/interbotix_xs_msgs/local/lib/python3.10/dist-packages:${PYTHONPATH} /usr/bin/cmake /home/my11/interbotix_ws/src/interbotix_ros_core/interbotix_ros_xseries/interbotix_xs_sdk -DCMAKE_INSTALL_PREFIX=/home/my11/interbotix_ws/install/interbotix_xs_sdk
[11.366s] DEBUG:colcon.colcon_core.event_handler.log_command:Invoking command in '/home/my11/interbotix_ws/build/interbotix_xs_sdk': AMENT_PREFIX_PATH=/home/my11/interbotix_ws/install/interbotix_xs_driver:/home/my11/interbotix_ws/install/interbotix_xs_msgs:/home/my11/interbotix_ws/install/dynamixel_workbench_toolbox:${AMENT_PREFIX_PATH} CMAKE_PREFIX_PATH=/home/my11/interbotix_ws/install/interbotix_xs_driver:/home/my11/interbotix_ws/install/interbotix_xs_msgs:/home/my11/interbotix_ws/install/dynamixel_workbench_toolbox:/home/my11/apriltag_ws/install/apriltag_ros:/home/my11/ros2_ws/install/rrbot_gazebo:/home/my11/ros2_ws/install/rrbot_description:/home/my11/ros2_ws/install/plate_description:/home/my11/ros2_ws/install/opencv_test_py:/opt/ros/humble LD_LIBRARY_PATH=/home/my11/interbotix_ws/install/interbotix_xs_driver/lib:/home/my11/interbotix_ws/install/interbotix_xs_msgs/lib:/home/my11/interbotix_ws/install/dynamixel_workbench_toolbox/lib:/home/my11/apriltag_ws/install/apriltag_ros/lib:/usr/lib/x86_64-linux-gnu/gazebo-11/plugins:/opt/ros/humble/opt/rviz_ogre_vendor/lib:/opt/ros/humble/lib/x86_64-linux-gnu:/opt/ros/humble/lib:/usr/share/gazebo/../../lib/x86_64-linux-gnu/gazebo-11/plugins:/usr/share/gazebo/../../lib/x86_64-linux-gnu/gazebo-11/plugins:/usr/share/gazebo/../../lib/x86_64-linux-gnu/gazebo-11/plugins PYTHONPATH=/home/my11/interbotix_ws/install/interbotix_xs_msgs/local/lib/python3.10/dist-packages:${PYTHONPATH} /usr/bin/cmake --build /home/my11/interbotix_ws/build/interbotix_xs_sdk -- -j20 -l20
[11.539s] DEBUG:colcon.colcon_core.event_handler.log_command:Invoked command in '/home/my11/interbotix_ws/build/interbotix_xs_ros_control' returned '0': AMENT_PREFIX_PATH=/home/my11/interbotix_ws/install/interbotix_xs_msgs:${AMENT_PREFIX_PATH} CMAKE_PREFIX_PATH=/home/my11/interbotix_ws/install/interbotix_xs_msgs:/home/my11/apriltag_ws/install/apriltag_ros:/home/my11/ros2_ws/install/rrbot_gazebo:/home/my11/ros2_ws/install/rrbot_description:/home/my11/ros2_ws/install/plate_description:/home/my11/ros2_ws/install/opencv_test_py:/opt/ros/humble LD_LIBRARY_PATH=/home/my11/interbotix_ws/install/interbotix_xs_msgs/lib:/home/my11/apriltag_ws/install/apriltag_ros/lib:/usr/lib/x86_64-linux-gnu/gazebo-11/plugins:/opt/ros/humble/opt/rviz_ogre_vendor/lib:/opt/ros/humble/lib/x86_64-linux-gnu:/opt/ros/humble/lib:/usr/share/gazebo/../../lib/x86_64-linux-gnu/gazebo-11/plugins:/usr/share/gazebo/../../lib/x86_64-linux-gnu/gazebo-11/plugins:/usr/share/gazebo/../../lib/x86_64-linux-gnu/gazebo-11/plugins PYTHONPATH=/home/my11/interbotix_ws/install/interbotix_xs_msgs/local/lib/python3.10/dist-packages:${PYTHONPATH} /usr/bin/cmake /home/my11/interbotix_ws/src/interbotix_ros_toolboxes/interbotix_xs_toolbox/interbotix_xs_ros_control -DCMAKE_INSTALL_PREFIX=/home/my11/interbotix_ws/install/interbotix_xs_ros_control
[11.540s] DEBUG:colcon.colcon_core.event_handler.log_command:Invoking command in '/home/my11/interbotix_ws/build/interbotix_xs_ros_control': AMENT_PREFIX_PATH=/home/my11/interbotix_ws/install/interbotix_xs_msgs:${AMENT_PREFIX_PATH} CMAKE_PREFIX_PATH=/home/my11/interbotix_ws/install/interbotix_xs_msgs:/home/my11/apriltag_ws/install/apriltag_ros:/home/my11/ros2_ws/install/rrbot_gazebo:/home/my11/ros2_ws/install/rrbot_description:/home/my11/ros2_ws/install/plate_description:/home/my11/ros2_ws/install/opencv_test_py:/opt/ros/humble LD_LIBRARY_PATH=/home/my11/interbotix_ws/install/interbotix_xs_msgs/lib:/home/my11/apriltag_ws/install/apriltag_ros/lib:/usr/lib/x86_64-linux-gnu/gazebo-11/plugins:/opt/ros/humble/opt/rviz_ogre_vendor/lib:/opt/ros/humble/lib/x86_64-linux-gnu:/opt/ros/humble/lib:/usr/share/gazebo/../../lib/x86_64-linux-gnu/gazebo-11/plugins:/usr/share/gazebo/../../lib/x86_64-linux-gnu/gazebo-11/plugins:/usr/share/gazebo/../../lib/x86_64-linux-gnu/gazebo-11/plugins PYTHONPATH=/home/my11/interbotix_ws/install/interbotix_xs_msgs/local/lib/python3.10/dist-packages:${PYTHONPATH} /usr/bin/cmake --build /home/my11/interbotix_ws/build/interbotix_xs_ros_control -- -j20 -l20
[18.036s] DEBUG:colcon.colcon_core.event_handler.log_command:Invoked command in '/home/my11/interbotix_ws/build/interbotix_xs_ros_control' returned '0': AMENT_PREFIX_PATH=/home/my11/interbotix_ws/install/interbotix_xs_msgs:${AMENT_PREFIX_PATH} CMAKE_PREFIX_PATH=/home/my11/interbotix_ws/install/interbotix_xs_msgs:/home/my11/apriltag_ws/install/apriltag_ros:/home/my11/ros2_ws/install/rrbot_gazebo:/home/my11/ros2_ws/install/rrbot_description:/home/my11/ros2_ws/install/plate_description:/home/my11/ros2_ws/install/opencv_test_py:/opt/ros/humble LD_LIBRARY_PATH=/home/my11/interbotix_ws/install/interbotix_xs_msgs/lib:/home/my11/apriltag_ws/install/apriltag_ros/lib:/usr/lib/x86_64-linux-gnu/gazebo-11/plugins:/opt/ros/humble/opt/rviz_ogre_vendor/lib:/opt/ros/humble/lib/x86_64-linux-gnu:/opt/ros/humble/lib:/usr/share/gazebo/../../lib/x86_64-linux-gnu/gazebo-11/plugins:/usr/share/gazebo/../../lib/x86_64-linux-gnu/gazebo-11/plugins:/usr/share/gazebo/../../lib/x86_64-linux-gnu/gazebo-11/plugins PYTHONPATH=/home/my11/interbotix_ws/install/interbotix_xs_msgs/local/lib/python3.10/dist-packages:${PYTHONPATH} /usr/bin/cmake --build /home/my11/interbotix_ws/build/interbotix_xs_ros_control -- -j20 -l20
[18.064s] DEBUG:colcon.colcon_core.event_handler.log_command:Invoking command in '/home/my11/interbotix_ws/build/interbotix_xs_ros_control': AMENT_PREFIX_PATH=/home/my11/interbotix_ws/install/interbotix_xs_msgs:${AMENT_PREFIX_PATH} CMAKE_PREFIX_PATH=/home/my11/interbotix_ws/install/interbotix_xs_msgs:/home/my11/apriltag_ws/install/apriltag_ros:/home/my11/ros2_ws/install/rrbot_gazebo:/home/my11/ros2_ws/install/rrbot_description:/home/my11/ros2_ws/install/plate_description:/home/my11/ros2_ws/install/opencv_test_py:/opt/ros/humble LD_LIBRARY_PATH=/home/my11/interbotix_ws/install/interbotix_xs_msgs/lib:/home/my11/apriltag_ws/install/apriltag_ros/lib:/usr/lib/x86_64-linux-gnu/gazebo-11/plugins:/opt/ros/humble/opt/rviz_ogre_vendor/lib:/opt/ros/humble/lib/x86_64-linux-gnu:/opt/ros/humble/lib:/usr/share/gazebo/../../lib/x86_64-linux-gnu/gazebo-11/plugins:/usr/share/gazebo/../../lib/x86_64-linux-gnu/gazebo-11/plugins:/usr/share/gazebo/../../lib/x86_64-linux-gnu/gazebo-11/plugins PYTHONPATH=/home/my11/interbotix_ws/install/interbotix_xs_msgs/local/lib/python3.10/dist-packages:${PYTHONPATH} /usr/bin/cmake --install /home/my11/interbotix_ws/build/interbotix_xs_ros_control
[18.078s] Level 1:colcon.colcon_core.environment:create_environment_scripts_only(interbotix_xs_ros_control)
[18.078s] DEBUG:colcon.colcon_core.event_handler.log_command:Invoked command in '/home/my11/interbotix_ws/build/interbotix_xs_ros_control' returned '0': AMENT_PREFIX_PATH=/home/my11/interbotix_ws/install/interbotix_xs_msgs:${AMENT_PREFIX_PATH} CMAKE_PREFIX_PATH=/home/my11/interbotix_ws/install/interbotix_xs_msgs:/home/my11/apriltag_ws/install/apriltag_ros:/home/my11/ros2_ws/install/rrbot_gazebo:/home/my11/ros2_ws/install/rrbot_description:/home/my11/ros2_ws/install/plate_description:/home/my11/ros2_ws/install/opencv_test_py:/opt/ros/humble LD_LIBRARY_PATH=/home/my11/interbotix_ws/install/interbotix_xs_msgs/lib:/home/my11/apriltag_ws/install/apriltag_ros/lib:/usr/lib/x86_64-linux-gnu/gazebo-11/plugins:/opt/ros/humble/opt/rviz_ogre_vendor/lib:/opt/ros/humble/lib/x86_64-linux-gnu:/opt/ros/humble/lib:/usr/share/gazebo/../../lib/x86_64-linux-gnu/gazebo-11/plugins:/usr/share/gazebo/../../lib/x86_64-linux-gnu/gazebo-11/plugins:/usr/share/gazebo/../../lib/x86_64-linux-gnu/gazebo-11/plugins PYTHONPATH=/home/my11/interbotix_ws/install/interbotix_xs_msgs/local/lib/python3.10/dist-packages:${PYTHONPATH} /usr/bin/cmake --install /home/my11/interbotix_ws/build/interbotix_xs_ros_control
[18.078s] Level 1:colcon.colcon_core.environment:checking '/home/my11/interbotix_ws/install/interbotix_xs_ros_control' for CMake module files
[18.079s] Level 1:colcon.colcon_core.environment:checking '/home/my11/interbotix_ws/install/interbotix_xs_ros_control' for CMake config files
[18.079s] Level 1:colcon.colcon_core.shell:create_environment_hook('interbotix_xs_ros_control', 'cmake_prefix_path')
[18.079s] INFO:colcon.colcon_core.shell:Creating environment hook '/home/my11/interbotix_ws/install/interbotix_xs_ros_control/share/interbotix_xs_ros_control/hook/cmake_prefix_path.ps1'
[18.079s] INFO:colcon.colcon_core.shell:Creating environment descriptor '/home/my11/interbotix_ws/install/interbotix_xs_ros_control/share/interbotix_xs_ros_control/hook/cmake_prefix_path.dsv'
[18.079s] INFO:colcon.colcon_core.shell:Creating environment hook '/home/my11/interbotix_ws/install/interbotix_xs_ros_control/share/interbotix_xs_ros_control/hook/cmake_prefix_path.sh'
[18.080s] Level 1:colcon.colcon_core.environment:checking '/home/my11/interbotix_ws/install/interbotix_xs_ros_control/lib'
[18.080s] Level 1:colcon.colcon_core.shell:create_environment_hook('interbotix_xs_ros_control', 'ld_library_path_lib')
[18.080s] INFO:colcon.colcon_core.shell:Creating environment hook '/home/my11/interbotix_ws/install/interbotix_xs_ros_control/share/interbotix_xs_ros_control/hook/ld_library_path_lib.ps1'
[18.080s] INFO:colcon.colcon_core.shell:Creating environment descriptor '/home/my11/interbotix_ws/install/interbotix_xs_ros_control/share/interbotix_xs_ros_control/hook/ld_library_path_lib.dsv'
[18.080s] INFO:colcon.colcon_core.shell:Creating environment hook '/home/my11/interbotix_ws/install/interbotix_xs_ros_control/share/interbotix_xs_ros_control/hook/ld_library_path_lib.sh'
[18.080s] Level 1:colcon.colcon_core.environment:checking '/home/my11/interbotix_ws/install/interbotix_xs_ros_control/bin'
[18.080s] Level 1:colcon.colcon_core.environment:checking '/home/my11/interbotix_ws/install/interbotix_xs_ros_control/lib/pkgconfig/interbotix_xs_ros_control.pc'
[18.081s] Level 1:colcon.colcon_core.environment:checking '/home/my11/interbotix_ws/install/interbotix_xs_ros_control/lib/python3.10/site-packages'
[18.081s] Level 1:colcon.colcon_core.environment:checking '/home/my11/interbotix_ws/install/interbotix_xs_ros_control/bin'
[18.081s] INFO:colcon.colcon_core.shell:Creating package script '/home/my11/interbotix_ws/install/interbotix_xs_ros_control/share/interbotix_xs_ros_control/package.ps1'
[18.081s] INFO:colcon.colcon_core.shell:Creating package descriptor '/home/my11/interbotix_ws/install/interbotix_xs_ros_control/share/interbotix_xs_ros_control/package.dsv'
[18.081s] INFO:colcon.colcon_core.shell:Creating package script '/home/my11/interbotix_ws/install/interbotix_xs_ros_control/share/interbotix_xs_ros_control/package.sh'
[18.082s] INFO:colcon.colcon_core.shell:Creating package script '/home/my11/interbotix_ws/install/interbotix_xs_ros_control/share/interbotix_xs_ros_control/package.bash'
[18.082s] INFO:colcon.colcon_core.shell:Creating package script '/home/my11/interbotix_ws/install/interbotix_xs_ros_control/share/interbotix_xs_ros_control/package.zsh'
[18.082s] Level 1:colcon.colcon_core.environment:create_file_with_runtime_dependencies(/home/my11/interbotix_ws/install/interbotix_xs_ros_control/share/colcon-core/packages/interbotix_xs_ros_control)
[18.110s] Level 1:colcon.colcon_core.environment:create_environment_scripts_only(interbotix_xs_ros_control)
[18.110s] Level 1:colcon.colcon_core.environment:checking '/home/my11/interbotix_ws/install/interbotix_xs_ros_control' for CMake module files
[18.111s] Level 1:colcon.colcon_core.environment:checking '/home/my11/interbotix_ws/install/interbotix_xs_ros_control' for CMake config files
[18.111s] Level 1:colcon.colcon_core.shell:create_environment_hook('interbotix_xs_ros_control', 'cmake_prefix_path')
[18.111s] INFO:colcon.colcon_core.shell:Creating environment hook '/home/my11/interbotix_ws/install/interbotix_xs_ros_control/share/interbotix_xs_ros_control/hook/cmake_prefix_path.ps1'
[18.112s] INFO:colcon.colcon_core.shell:Creating environment descriptor '/home/my11/interbotix_ws/install/interbotix_xs_ros_control/share/interbotix_xs_ros_control/hook/cmake_prefix_path.dsv'
[18.112s] INFO:colcon.colcon_core.shell:Creating environment hook '/home/my11/interbotix_ws/install/interbotix_xs_ros_control/share/interbotix_xs_ros_control/hook/cmake_prefix_path.sh'
[18.113s] Level 1:colcon.colcon_core.environment:checking '/home/my11/interbotix_ws/install/interbotix_xs_ros_control/lib'
[18.113s] Level 1:colcon.colcon_core.shell:create_environment_hook('interbotix_xs_ros_control', 'ld_library_path_lib')
[18.113s] INFO:colcon.colcon_core.shell:Creating environment hook '/home/my11/interbotix_ws/install/interbotix_xs_ros_control/share/interbotix_xs_ros_control/hook/ld_library_path_lib.ps1'
[18.114s] INFO:colcon.colcon_core.shell:Creating environment descriptor '/home/my11/interbotix_ws/install/interbotix_xs_ros_control/share/interbotix_xs_ros_control/hook/ld_library_path_lib.dsv'
[18.114s] INFO:colcon.colcon_core.shell:Creating environment hook '/home/my11/interbotix_ws/install/interbotix_xs_ros_control/share/interbotix_xs_ros_control/hook/ld_library_path_lib.sh'
[18.114s] Level 1:colcon.colcon_core.environment:checking '/home/my11/interbotix_ws/install/interbotix_xs_ros_control/bin'
[18.114s] Level 1:colcon.colcon_core.environment:checking '/home/my11/interbotix_ws/install/interbotix_xs_ros_control/lib/pkgconfig/interbotix_xs_ros_control.pc'
[18.115s] Level 1:colcon.colcon_core.environment:checking '/home/my11/interbotix_ws/install/interbotix_xs_ros_control/lib/python3.10/site-packages'
[18.115s] Level 1:colcon.colcon_core.environment:checking '/home/my11/interbotix_ws/install/interbotix_xs_ros_control/bin'
[18.115s] INFO:colcon.colcon_core.shell:Creating package script '/home/my11/interbotix_ws/install/interbotix_xs_ros_control/share/interbotix_xs_ros_control/package.ps1'
[18.116s] INFO:colcon.colcon_core.shell:Creating package descriptor '/home/my11/interbotix_ws/install/interbotix_xs_ros_control/share/interbotix_xs_ros_control/package.dsv'
[18.117s] INFO:colcon.colcon_core.shell:Creating package script '/home/my11/interbotix_ws/install/interbotix_xs_ros_control/share/interbotix_xs_ros_control/package.sh'
[18.117s] INFO:colcon.colcon_core.shell:Creating package script '/home/my11/interbotix_ws/install/interbotix_xs_ros_control/share/interbotix_xs_ros_control/package.bash'
[18.118s] INFO:colcon.colcon_core.shell:Creating package script '/home/my11/interbotix_ws/install/interbotix_xs_ros_control/share/interbotix_xs_ros_control/package.zsh'
[18.118s] Level 1:colcon.colcon_core.environment:create_file_with_runtime_dependencies(/home/my11/interbotix_ws/install/interbotix_xs_ros_control/share/colcon-core/packages/interbotix_xs_ros_control)
[19.418s] DEBUG:colcon.colcon_core.event_handler.log_command:Invoked command in '/home/my11/interbotix_ws/build/interbotix_gravity_compensation' returned '0': AMENT_PREFIX_PATH=/home/my11/interbotix_ws/install/interbotix_xs_msgs:${AMENT_PREFIX_PATH} CMAKE_PREFIX_PATH=/home/my11/interbotix_ws/install/interbotix_xs_msgs:/home/my11/apriltag_ws/install/apriltag_ros:/home/my11/ros2_ws/install/rrbot_gazebo:/home/my11/ros2_ws/install/rrbot_description:/home/my11/ros2_ws/install/plate_description:/home/my11/ros2_ws/install/opencv_test_py:/opt/ros/humble LD_LIBRARY_PATH=/home/my11/interbotix_ws/install/interbotix_xs_msgs/lib:/home/my11/apriltag_ws/install/apriltag_ros/lib:/usr/lib/x86_64-linux-gnu/gazebo-11/plugins:/opt/ros/humble/opt/rviz_ogre_vendor/lib:/opt/ros/humble/lib/x86_64-linux-gnu:/opt/ros/humble/lib:/usr/share/gazebo/../../lib/x86_64-linux-gnu/gazebo-11/plugins:/usr/share/gazebo/../../lib/x86_64-linux-gnu/gazebo-11/plugins:/usr/share/gazebo/../../lib/x86_64-linux-gnu/gazebo-11/plugins PYTHONPATH=/home/my11/interbotix_ws/install/interbotix_xs_msgs/local/lib/python3.10/dist-packages:${PYTHONPATH} /usr/bin/cmake --build /home/my11/interbotix_ws/build/interbotix_gravity_compensation -- -j20 -l20
[19.445s] DEBUG:colcon.colcon_core.event_handler.log_command:Invoking command in '/home/my11/interbotix_ws/build/interbotix_gravity_compensation': AMENT_PREFIX_PATH=/home/my11/interbotix_ws/install/interbotix_xs_msgs:${AMENT_PREFIX_PATH} CMAKE_PREFIX_PATH=/home/my11/interbotix_ws/install/interbotix_xs_msgs:/home/my11/apriltag_ws/install/apriltag_ros:/home/my11/ros2_ws/install/rrbot_gazebo:/home/my11/ros2_ws/install/rrbot_description:/home/my11/ros2_ws/install/plate_description:/home/my11/ros2_ws/install/opencv_test_py:/opt/ros/humble LD_LIBRARY_PATH=/home/my11/interbotix_ws/install/interbotix_xs_msgs/lib:/home/my11/apriltag_ws/install/apriltag_ros/lib:/usr/lib/x86_64-linux-gnu/gazebo-11/plugins:/opt/ros/humble/opt/rviz_ogre_vendor/lib:/opt/ros/humble/lib/x86_64-linux-gnu:/opt/ros/humble/lib:/usr/share/gazebo/../../lib/x86_64-linux-gnu/gazebo-11/plugins:/usr/share/gazebo/../../lib/x86_64-linux-gnu/gazebo-11/plugins:/usr/share/gazebo/../../lib/x86_64-linux-gnu/gazebo-11/plugins PYTHONPATH=/home/my11/interbotix_ws/install/interbotix_xs_msgs/local/lib/python3.10/dist-packages:${PYTHONPATH} /usr/bin/cmake --install /home/my11/interbotix_ws/build/interbotix_gravity_compensation
[19.455s] Level 1:colcon.colcon_core.environment:create_environment_scripts_only(interbotix_gravity_compensation)
[19.456s] Level 1:colcon.colcon_core.environment:checking '/home/my11/interbotix_ws/install/interbotix_gravity_compensation' for CMake module files
[19.456s] DEBUG:colcon.colcon_core.event_handler.log_command:Invoked command in '/home/my11/interbotix_ws/build/interbotix_gravity_compensation' returned '0': AMENT_PREFIX_PATH=/home/my11/interbotix_ws/install/interbotix_xs_msgs:${AMENT_PREFIX_PATH} CMAKE_PREFIX_PATH=/home/my11/interbotix_ws/install/interbotix_xs_msgs:/home/my11/apriltag_ws/install/apriltag_ros:/home/my11/ros2_ws/install/rrbot_gazebo:/home/my11/ros2_ws/install/rrbot_description:/home/my11/ros2_ws/install/plate_description:/home/my11/ros2_ws/install/opencv_test_py:/opt/ros/humble LD_LIBRARY_PATH=/home/my11/interbotix_ws/install/interbotix_xs_msgs/lib:/home/my11/apriltag_ws/install/apriltag_ros/lib:/usr/lib/x86_64-linux-gnu/gazebo-11/plugins:/opt/ros/humble/opt/rviz_ogre_vendor/lib:/opt/ros/humble/lib/x86_64-linux-gnu:/opt/ros/humble/lib:/usr/share/gazebo/../../lib/x86_64-linux-gnu/gazebo-11/plugins:/usr/share/gazebo/../../lib/x86_64-linux-gnu/gazebo-11/plugins:/usr/share/gazebo/../../lib/x86_64-linux-gnu/gazebo-11/plugins PYTHONPATH=/home/my11/interbotix_ws/install/interbotix_xs_msgs/local/lib/python3.10/dist-packages:${PYTHONPATH} /usr/bin/cmake --install /home/my11/interbotix_ws/build/interbotix_gravity_compensation
[19.457s] Level 1:colcon.colcon_core.environment:checking '/home/my11/interbotix_ws/install/interbotix_gravity_compensation' for CMake config files
[19.457s] Level 1:colcon.colcon_core.shell:create_environment_hook('interbotix_gravity_compensation', 'cmake_prefix_path')
[19.457s] INFO:colcon.colcon_core.shell:Creating environment hook '/home/my11/interbotix_ws/install/interbotix_gravity_compensation/share/interbotix_gravity_compensation/hook/cmake_prefix_path.ps1'
[19.457s] INFO:colcon.colcon_core.shell:Creating environment descriptor '/home/my11/interbotix_ws/install/interbotix_gravity_compensation/share/interbotix_gravity_compensation/hook/cmake_prefix_path.dsv'
[19.458s] INFO:colcon.colcon_core.shell:Creating environment hook '/home/my11/interbotix_ws/install/interbotix_gravity_compensation/share/interbotix_gravity_compensation/hook/cmake_prefix_path.sh'
[19.458s] Level 1:colcon.colcon_core.environment:checking '/home/my11/interbotix_ws/install/interbotix_gravity_compensation/lib'
[19.458s] Level 1:colcon.colcon_core.environment:checking '/home/my11/interbotix_ws/install/interbotix_gravity_compensation/bin'
[19.458s] Level 1:colcon.colcon_core.environment:checking '/home/my11/interbotix_ws/install/interbotix_gravity_compensation/lib/pkgconfig/interbotix_gravity_compensation.pc'
[19.458s] Level 1:colcon.colcon_core.environment:checking '/home/my11/interbotix_ws/install/interbotix_gravity_compensation/lib/python3.10/site-packages'
[19.459s] Level 1:colcon.colcon_core.environment:checking '/home/my11/interbotix_ws/install/interbotix_gravity_compensation/bin'
[19.459s] INFO:colcon.colcon_core.shell:Creating package script '/home/my11/interbotix_ws/install/interbotix_gravity_compensation/share/interbotix_gravity_compensation/package.ps1'
[19.459s] INFO:colcon.colcon_core.shell:Creating package descriptor '/home/my11/interbotix_ws/install/interbotix_gravity_compensation/share/interbotix_gravity_compensation/package.dsv'
[19.460s] INFO:colcon.colcon_core.shell:Creating package script '/home/my11/interbotix_ws/install/interbotix_gravity_compensation/share/interbotix_gravity_compensation/package.sh'
[19.460s] INFO:colcon.colcon_core.shell:Creating package script '/home/my11/interbotix_ws/install/interbotix_gravity_compensation/share/interbotix_gravity_compensation/package.bash'
[19.460s] INFO:colcon.colcon_core.shell:Creating package script '/home/my11/interbotix_ws/install/interbotix_gravity_compensation/share/interbotix_gravity_compensation/package.zsh'
[19.461s] Level 1:colcon.colcon_core.environment:create_file_with_runtime_dependencies(/home/my11/interbotix_ws/install/interbotix_gravity_compensation/share/colcon-core/packages/interbotix_gravity_compensation)
[19.486s] Level 1:colcon.colcon_core.environment:create_environment_scripts_only(interbotix_gravity_compensation)
[19.486s] Level 1:colcon.colcon_core.environment:checking '/home/my11/interbotix_ws/install/interbotix_gravity_compensation' for CMake module files
[19.486s] Level 1:colcon.colcon_core.environment:checking '/home/my11/interbotix_ws/install/interbotix_gravity_compensation' for CMake config files
[19.487s] Level 1:colcon.colcon_core.shell:create_environment_hook('interbotix_gravity_compensation', 'cmake_prefix_path')
[19.487s] INFO:colcon.colcon_core.shell:Creating environment hook '/home/my11/interbotix_ws/install/interbotix_gravity_compensation/share/interbotix_gravity_compensation/hook/cmake_prefix_path.ps1'
[19.487s] INFO:colcon.colcon_core.shell:Creating environment descriptor '/home/my11/interbotix_ws/install/interbotix_gravity_compensation/share/interbotix_gravity_compensation/hook/cmake_prefix_path.dsv'
[19.487s] INFO:colcon.colcon_core.shell:Creating environment hook '/home/my11/interbotix_ws/install/interbotix_gravity_compensation/share/interbotix_gravity_compensation/hook/cmake_prefix_path.sh'
[19.488s] Level 1:colcon.colcon_core.environment:checking '/home/my11/interbotix_ws/install/interbotix_gravity_compensation/lib'
[19.488s] Level 1:colcon.colcon_core.environment:checking '/home/my11/interbotix_ws/install/interbotix_gravity_compensation/bin'
[19.488s] Level 1:colcon.colcon_core.environment:checking '/home/my11/interbotix_ws/install/interbotix_gravity_compensation/lib/pkgconfig/interbotix_gravity_compensation.pc'
[19.488s] Level 1:colcon.colcon_core.environment:checking '/home/my11/interbotix_ws/install/interbotix_gravity_compensation/lib/python3.10/site-packages'
[19.488s] Level 1:colcon.colcon_core.environment:checking '/home/my11/interbotix_ws/install/interbotix_gravity_compensation/bin'
[19.488s] INFO:colcon.colcon_core.shell:Creating package script '/home/my11/interbotix_ws/install/interbotix_gravity_compensation/share/interbotix_gravity_compensation/package.ps1'
[19.488s] INFO:colcon.colcon_core.shell:Creating package descriptor '/home/my11/interbotix_ws/install/interbotix_gravity_compensation/share/interbotix_gravity_compensation/package.dsv'
[19.489s] INFO:colcon.colcon_core.shell:Creating package script '/home/my11/interbotix_ws/install/interbotix_gravity_compensation/share/interbotix_gravity_compensation/package.sh'
[19.489s] INFO:colcon.colcon_core.shell:Creating package script '/home/my11/interbotix_ws/install/interbotix_gravity_compensation/share/interbotix_gravity_compensation/package.bash'
[19.489s] INFO:colcon.colcon_core.shell:Creating package script '/home/my11/interbotix_ws/install/interbotix_gravity_compensation/share/interbotix_gravity_compensation/package.zsh'
[19.489s] Level 1:colcon.colcon_core.environment:create_file_with_runtime_dependencies(/home/my11/interbotix_ws/install/interbotix_gravity_compensation/share/colcon-core/packages/interbotix_gravity_compensation)
[19.489s] INFO:colcon.colcon_ros.task.ament_cmake.build:Building ROS package in '/home/my11/interbotix_ws/src/interbotix_ros_toolboxes/interbotix_common_toolbox/interbotix_common_toolbox' with build type 'ament_cmake'
[19.489s] INFO:colcon.colcon_cmake.task.cmake.build:Building CMake package in '/home/my11/interbotix_ws/src/interbotix_ros_toolboxes/interbotix_common_toolbox/interbotix_common_toolbox'
[19.490s] INFO:colcon.colcon_core.shell:Skip shell extension 'powershell' for command environment: Not usable outside of PowerShell
[19.490s] DEBUG:colcon.colcon_core.shell:Skip shell extension 'dsv' for command environment
[19.501s] DEBUG:colcon.colcon_core.event_handler.log_command:Invoking command in '/home/my11/interbotix_ws/build/interbotix_common_toolbox': AMENT_PREFIX_PATH=/home/my11/interbotix_ws/install/interbotix_gravity_compensation:/home/my11/interbotix_ws/install/interbotix_xs_msgs:/home/my11/interbotix_ws/install/interbotix_common_sim:/home/my11/interbotix_ws/install/interbotix_common_modules:${AMENT_PREFIX_PATH} CMAKE_PREFIX_PATH=/home/my11/interbotix_ws/install/interbotix_gravity_compensation:/home/my11/interbotix_ws/install/interbotix_xs_msgs:/home/my11/interbotix_ws/install/interbotix_common_sim:/home/my11/apriltag_ws/install/apriltag_ros:/home/my11/ros2_ws/install/rrbot_gazebo:/home/my11/ros2_ws/install/rrbot_description:/home/my11/ros2_ws/install/plate_description:/home/my11/ros2_ws/install/opencv_test_py:/opt/ros/humble LD_LIBRARY_PATH=/home/my11/interbotix_ws/install/interbotix_xs_msgs/lib:/home/my11/apriltag_ws/install/apriltag_ros/lib:/usr/lib/x86_64-linux-gnu/gazebo-11/plugins:/opt/ros/humble/opt/rviz_ogre_vendor/lib:/opt/ros/humble/lib/x86_64-linux-gnu:/opt/ros/humble/lib:/usr/share/gazebo/../../lib/x86_64-linux-gnu/gazebo-11/plugins:/usr/share/gazebo/../../lib/x86_64-linux-gnu/gazebo-11/plugins:/usr/share/gazebo/../../lib/x86_64-linux-gnu/gazebo-11/plugins PYTHONPATH=/home/my11/interbotix_ws/install/interbotix_xs_msgs/local/lib/python3.10/dist-packages:/home/my11/interbotix_ws/install/interbotix_common_modules/lib/python3.10/site-packages:${PYTHONPATH} /usr/bin/cmake /home/my11/interbotix_ws/src/interbotix_ros_toolboxes/interbotix_common_toolbox/interbotix_common_toolbox -DCMAKE_INSTALL_PREFIX=/home/my11/interbotix_ws/install/interbotix_common_toolbox
[19.885s] DEBUG:colcon.colcon_core.event_handler.log_command:Invoked command in '/home/my11/interbotix_ws/build/interbotix_perception_pipelines' returned '0': AMENT_PREFIX_PATH=/home/my11/interbotix_ws/install/interbotix_perception_msgs:${AMENT_PREFIX_PATH} CMAKE_PREFIX_PATH=/home/my11/interbotix_ws/install/interbotix_perception_msgs:/home/my11/apriltag_ws/install/apriltag_ros:/home/my11/ros2_ws/install/rrbot_gazebo:/home/my11/ros2_ws/install/rrbot_description:/home/my11/ros2_ws/install/plate_description:/home/my11/ros2_ws/install/opencv_test_py:/opt/ros/humble LD_LIBRARY_PATH=/home/my11/interbotix_ws/install/interbotix_perception_msgs/lib:/home/my11/apriltag_ws/install/apriltag_ros/lib:/usr/lib/x86_64-linux-gnu/gazebo-11/plugins:/opt/ros/humble/opt/rviz_ogre_vendor/lib:/opt/ros/humble/lib/x86_64-linux-gnu:/opt/ros/humble/lib:/usr/share/gazebo/../../lib/x86_64-linux-gnu/gazebo-11/plugins:/usr/share/gazebo/../../lib/x86_64-linux-gnu/gazebo-11/plugins:/usr/share/gazebo/../../lib/x86_64-linux-gnu/gazebo-11/plugins PYTHONPATH=/home/my11/interbotix_ws/install/interbotix_perception_msgs/local/lib/python3.10/dist-packages:${PYTHONPATH} /usr/bin/cmake --build /home/my11/interbotix_ws/build/interbotix_perception_pipelines -- -j20 -l20
[19.907s] DEBUG:colcon.colcon_core.event_handler.log_command:Invoking command in '/home/my11/interbotix_ws/build/interbotix_perception_pipelines': AMENT_PREFIX_PATH=/home/my11/interbotix_ws/install/interbotix_perception_msgs:${AMENT_PREFIX_PATH} CMAKE_PREFIX_PATH=/home/my11/interbotix_ws/install/interbotix_perception_msgs:/home/my11/apriltag_ws/install/apriltag_ros:/home/my11/ros2_ws/install/rrbot_gazebo:/home/my11/ros2_ws/install/rrbot_description:/home/my11/ros2_ws/install/plate_description:/home/my11/ros2_ws/install/opencv_test_py:/opt/ros/humble LD_LIBRARY_PATH=/home/my11/interbotix_ws/install/interbotix_perception_msgs/lib:/home/my11/apriltag_ws/install/apriltag_ros/lib:/usr/lib/x86_64-linux-gnu/gazebo-11/plugins:/opt/ros/humble/opt/rviz_ogre_vendor/lib:/opt/ros/humble/lib/x86_64-linux-gnu:/opt/ros/humble/lib:/usr/share/gazebo/../../lib/x86_64-linux-gnu/gazebo-11/plugins:/usr/share/gazebo/../../lib/x86_64-linux-gnu/gazebo-11/plugins:/usr/share/gazebo/../../lib/x86_64-linux-gnu/gazebo-11/plugins PYTHONPATH=/home/my11/interbotix_ws/install/interbotix_perception_msgs/local/lib/python3.10/dist-packages:${PYTHONPATH} /usr/bin/cmake --install /home/my11/interbotix_ws/build/interbotix_perception_pipelines
[19.920s] Level 1:colcon.colcon_core.environment:create_environment_scripts_only(interbotix_perception_pipelines)
[19.920s] Level 1:colcon.colcon_core.environment:checking '/home/my11/interbotix_ws/install/interbotix_perception_pipelines' for CMake module files
[19.921s] Level 1:colcon.colcon_core.environment:checking '/home/my11/interbotix_ws/install/interbotix_perception_pipelines' for CMake config files
[19.921s] DEBUG:colcon.colcon_core.event_handler.log_command:Invoked command in '/home/my11/interbotix_ws/build/interbotix_perception_pipelines' returned '0': AMENT_PREFIX_PATH=/home/my11/interbotix_ws/install/interbotix_perception_msgs:${AMENT_PREFIX_PATH} CMAKE_PREFIX_PATH=/home/my11/interbotix_ws/install/interbotix_perception_msgs:/home/my11/apriltag_ws/install/apriltag_ros:/home/my11/ros2_ws/install/rrbot_gazebo:/home/my11/ros2_ws/install/rrbot_description:/home/my11/ros2_ws/install/plate_description:/home/my11/ros2_ws/install/opencv_test_py:/opt/ros/humble LD_LIBRARY_PATH=/home/my11/interbotix_ws/install/interbotix_perception_msgs/lib:/home/my11/apriltag_ws/install/apriltag_ros/lib:/usr/lib/x86_64-linux-gnu/gazebo-11/plugins:/opt/ros/humble/opt/rviz_ogre_vendor/lib:/opt/ros/humble/lib/x86_64-linux-gnu:/opt/ros/humble/lib:/usr/share/gazebo/../../lib/x86_64-linux-gnu/gazebo-11/plugins:/usr/share/gazebo/../../lib/x86_64-linux-gnu/gazebo-11/plugins:/usr/share/gazebo/../../lib/x86_64-linux-gnu/gazebo-11/plugins PYTHONPATH=/home/my11/interbotix_ws/install/interbotix_perception_msgs/local/lib/python3.10/dist-packages:${PYTHONPATH} /usr/bin/cmake --install /home/my11/interbotix_ws/build/interbotix_perception_pipelines
[19.921s] Level 1:colcon.colcon_core.shell:create_environment_hook('interbotix_perception_pipelines', 'cmake_prefix_path')
[19.921s] INFO:colcon.colcon_core.shell:Creating environment hook '/home/my11/interbotix_ws/install/interbotix_perception_pipelines/share/interbotix_perception_pipelines/hook/cmake_prefix_path.ps1'
[19.921s] INFO:colcon.colcon_core.shell:Creating environment descriptor '/home/my11/interbotix_ws/install/interbotix_perception_pipelines/share/interbotix_perception_pipelines/hook/cmake_prefix_path.dsv'
[19.921s] INFO:colcon.colcon_core.shell:Creating environment hook '/home/my11/interbotix_ws/install/interbotix_perception_pipelines/share/interbotix_perception_pipelines/hook/cmake_prefix_path.sh'
[19.922s] Level 1:colcon.colcon_core.environment:checking '/home/my11/interbotix_ws/install/interbotix_perception_pipelines/lib'
[19.922s] Level 1:colcon.colcon_core.environment:checking '/home/my11/interbotix_ws/install/interbotix_perception_pipelines/bin'
[19.922s] Level 1:colcon.colcon_core.environment:checking '/home/my11/interbotix_ws/install/interbotix_perception_pipelines/lib/pkgconfig/interbotix_perception_pipelines.pc'
[19.922s] Level 1:colcon.colcon_core.environment:checking '/home/my11/interbotix_ws/install/interbotix_perception_pipelines/lib/python3.10/site-packages'
[19.922s] Level 1:colcon.colcon_core.environment:checking '/home/my11/interbotix_ws/install/interbotix_perception_pipelines/bin'
[19.922s] INFO:colcon.colcon_core.shell:Creating package script '/home/my11/interbotix_ws/install/interbotix_perception_pipelines/share/interbotix_perception_pipelines/package.ps1'
[19.922s] INFO:colcon.colcon_core.shell:Creating package descriptor '/home/my11/interbotix_ws/install/interbotix_perception_pipelines/share/interbotix_perception_pipelines/package.dsv'
[19.922s] INFO:colcon.colcon_core.shell:Creating package script '/home/my11/interbotix_ws/install/interbotix_perception_pipelines/share/interbotix_perception_pipelines/package.sh'
[19.923s] INFO:colcon.colcon_core.shell:Creating package script '/home/my11/interbotix_ws/install/interbotix_perception_pipelines/share/interbotix_perception_pipelines/package.bash'
[19.923s] INFO:colcon.colcon_core.shell:Creating package script '/home/my11/interbotix_ws/install/interbotix_perception_pipelines/share/interbotix_perception_pipelines/package.zsh'
[19.923s] Level 1:colcon.colcon_core.environment:create_file_with_runtime_dependencies(/home/my11/interbotix_ws/install/interbotix_perception_pipelines/share/colcon-core/packages/interbotix_perception_pipelines)
[19.936s] DEBUG:colcon.colcon_core.event_handler.log_command:Invoked command in '/home/my11/interbotix_ws/build/interbotix_common_toolbox' returned '0': AMENT_PREFIX_PATH=/home/my11/interbotix_ws/install/interbotix_gravity_compensation:/home/my11/interbotix_ws/install/interbotix_xs_msgs:/home/my11/interbotix_ws/install/interbotix_common_sim:/home/my11/interbotix_ws/install/interbotix_common_modules:${AMENT_PREFIX_PATH} CMAKE_PREFIX_PATH=/home/my11/interbotix_ws/install/interbotix_gravity_compensation:/home/my11/interbotix_ws/install/interbotix_xs_msgs:/home/my11/interbotix_ws/install/interbotix_common_sim:/home/my11/apriltag_ws/install/apriltag_ros:/home/my11/ros2_ws/install/rrbot_gazebo:/home/my11/ros2_ws/install/rrbot_description:/home/my11/ros2_ws/install/plate_description:/home/my11/ros2_ws/install/opencv_test_py:/opt/ros/humble LD_LIBRARY_PATH=/home/my11/interbotix_ws/install/interbotix_xs_msgs/lib:/home/my11/apriltag_ws/install/apriltag_ros/lib:/usr/lib/x86_64-linux-gnu/gazebo-11/plugins:/opt/ros/humble/opt/rviz_ogre_vendor/lib:/opt/ros/humble/lib/x86_64-linux-gnu:/opt/ros/humble/lib:/usr/share/gazebo/../../lib/x86_64-linux-gnu/gazebo-11/plugins:/usr/share/gazebo/../../lib/x86_64-linux-gnu/gazebo-11/plugins:/usr/share/gazebo/../../lib/x86_64-linux-gnu/gazebo-11/plugins PYTHONPATH=/home/my11/interbotix_ws/install/interbotix_xs_msgs/local/lib/python3.10/dist-packages:/home/my11/interbotix_ws/install/interbotix_common_modules/lib/python3.10/site-packages:${PYTHONPATH} /usr/bin/cmake /home/my11/interbotix_ws/src/interbotix_ros_toolboxes/interbotix_common_toolbox/interbotix_common_toolbox -DCMAKE_INSTALL_PREFIX=/home/my11/interbotix_ws/install/interbotix_common_toolbox
[19.937s] DEBUG:colcon.colcon_core.event_handler.log_command:Invoking command in '/home/my11/interbotix_ws/build/interbotix_common_toolbox': AMENT_PREFIX_PATH=/home/my11/interbotix_ws/install/interbotix_gravity_compensation:/home/my11/interbotix_ws/install/interbotix_xs_msgs:/home/my11/interbotix_ws/install/interbotix_common_sim:/home/my11/interbotix_ws/install/interbotix_common_modules:${AMENT_PREFIX_PATH} CMAKE_PREFIX_PATH=/home/my11/interbotix_ws/install/interbotix_gravity_compensation:/home/my11/interbotix_ws/install/interbotix_xs_msgs:/home/my11/interbotix_ws/install/interbotix_common_sim:/home/my11/apriltag_ws/install/apriltag_ros:/home/my11/ros2_ws/install/rrbot_gazebo:/home/my11/ros2_ws/install/rrbot_description:/home/my11/ros2_ws/install/plate_description:/home/my11/ros2_ws/install/opencv_test_py:/opt/ros/humble LD_LIBRARY_PATH=/home/my11/interbotix_ws/install/interbotix_xs_msgs/lib:/home/my11/apriltag_ws/install/apriltag_ros/lib:/usr/lib/x86_64-linux-gnu/gazebo-11/plugins:/opt/ros/humble/opt/rviz_ogre_vendor/lib:/opt/ros/humble/lib/x86_64-linux-gnu:/opt/ros/humble/lib:/usr/share/gazebo/../../lib/x86_64-linux-gnu/gazebo-11/plugins:/usr/share/gazebo/../../lib/x86_64-linux-gnu/gazebo-11/plugins:/usr/share/gazebo/../../lib/x86_64-linux-gnu/gazebo-11/plugins PYTHONPATH=/home/my11/interbotix_ws/install/interbotix_xs_msgs/local/lib/python3.10/dist-packages:/home/my11/interbotix_ws/install/interbotix_common_modules/lib/python3.10/site-packages:${PYTHONPATH} /usr/bin/cmake --build /home/my11/interbotix_ws/build/interbotix_common_toolbox -- -j20 -l20
[19.946s] Level 1:colcon.colcon_core.environment:create_environment_scripts_only(interbotix_perception_pipelines)
[19.946s] Level 1:colcon.colcon_core.environment:checking '/home/my11/interbotix_ws/install/interbotix_perception_pipelines' for CMake module files
[19.947s] Level 1:colcon.colcon_core.environment:checking '/home/my11/interbotix_ws/install/interbotix_perception_pipelines' for CMake config files
[19.947s] Level 1:colcon.colcon_core.shell:create_environment_hook('interbotix_perception_pipelines', 'cmake_prefix_path')
[19.947s] INFO:colcon.colcon_core.shell:Creating environment hook '/home/my11/interbotix_ws/install/interbotix_perception_pipelines/share/interbotix_perception_pipelines/hook/cmake_prefix_path.ps1'
[19.947s] INFO:colcon.colcon_core.shell:Creating environment descriptor '/home/my11/interbotix_ws/install/interbotix_perception_pipelines/share/interbotix_perception_pipelines/hook/cmake_prefix_path.dsv'
[19.948s] INFO:colcon.colcon_core.shell:Creating environment hook '/home/my11/interbotix_ws/install/interbotix_perception_pipelines/share/interbotix_perception_pipelines/hook/cmake_prefix_path.sh'
[19.948s] Level 1:colcon.colcon_core.environment:checking '/home/my11/interbotix_ws/install/interbotix_perception_pipelines/lib'
[19.948s] Level 1:colcon.colcon_core.environment:checking '/home/my11/interbotix_ws/install/interbotix_perception_pipelines/bin'
[19.948s] Level 1:colcon.colcon_core.environment:checking '/home/my11/interbotix_ws/install/interbotix_perception_pipelines/lib/pkgconfig/interbotix_perception_pipelines.pc'
[19.948s] Level 1:colcon.colcon_core.environment:checking '/home/my11/interbotix_ws/install/interbotix_perception_pipelines/lib/python3.10/site-packages'
[19.948s] Level 1:colcon.colcon_core.environment:checking '/home/my11/interbotix_ws/install/interbotix_perception_pipelines/bin'
[19.949s] INFO:colcon.colcon_core.shell:Creating package script '/home/my11/interbotix_ws/install/interbotix_perception_pipelines/share/interbotix_perception_pipelines/package.ps1'
[19.949s] INFO:colcon.colcon_core.shell:Creating package descriptor '/home/my11/interbotix_ws/install/interbotix_perception_pipelines/share/interbotix_perception_pipelines/package.dsv'
[19.950s] INFO:colcon.colcon_core.shell:Creating package script '/home/my11/interbotix_ws/install/interbotix_perception_pipelines/share/interbotix_perception_pipelines/package.sh'
[19.950s] INFO:colcon.colcon_core.shell:Creating package script '/home/my11/interbotix_ws/install/interbotix_perception_pipelines/share/interbotix_perception_pipelines/package.bash'
[19.950s] INFO:colcon.colcon_core.shell:Creating package script '/home/my11/interbotix_ws/install/interbotix_perception_pipelines/share/interbotix_perception_pipelines/package.zsh'
[19.950s] Level 1:colcon.colcon_core.environment:create_file_with_runtime_dependencies(/home/my11/interbotix_ws/install/interbotix_perception_pipelines/share/colcon-core/packages/interbotix_perception_pipelines)
[19.951s] INFO:colcon.colcon_ros.task.ament_python.build:Building ROS package in '/home/my11/interbotix_ws/src/interbotix_ros_toolboxes/interbotix_perception_toolbox/interbotix_perception_modules' with build type 'ament_python'
[19.951s] Level 1:colcon.colcon_core.shell:create_environment_hook('interbotix_perception_modules', 'ament_prefix_path')
[19.951s] INFO:colcon.colcon_core.shell:Creating environment hook '/home/my11/interbotix_ws/install/interbotix_perception_modules/share/interbotix_perception_modules/hook/ament_prefix_path.ps1'
[19.951s] INFO:colcon.colcon_core.shell:Creating environment descriptor '/home/my11/interbotix_ws/install/interbotix_perception_modules/share/interbotix_perception_modules/hook/ament_prefix_path.dsv'
[19.952s] INFO:colcon.colcon_core.shell:Creating environment hook '/home/my11/interbotix_ws/install/interbotix_perception_modules/share/interbotix_perception_modules/hook/ament_prefix_path.sh'
[19.952s] INFO:colcon.colcon_core.shell:Skip shell extension 'powershell' for command environment: Not usable outside of PowerShell
[19.952s] DEBUG:colcon.colcon_core.shell:Skip shell extension 'dsv' for command environment
[20.101s] INFO:colcon.colcon_core.task.python.build:Building Python package in '/home/my11/interbotix_ws/src/interbotix_ros_toolboxes/interbotix_perception_toolbox/interbotix_perception_modules'
[20.101s] INFO:colcon.colcon_core.shell:Skip shell extension 'powershell' for command environment: Not usable outside of PowerShell
[20.101s] DEBUG:colcon.colcon_core.shell:Skip shell extension 'dsv' for command environment
[20.107s] DEBUG:colcon.colcon_core.event_handler.log_command:Invoked command in '/home/my11/interbotix_ws/build/interbotix_common_toolbox' returned '0': AMENT_PREFIX_PATH=/home/my11/interbotix_ws/install/interbotix_gravity_compensation:/home/my11/interbotix_ws/install/interbotix_xs_msgs:/home/my11/interbotix_ws/install/interbotix_common_sim:/home/my11/interbotix_ws/install/interbotix_common_modules:${AMENT_PREFIX_PATH} CMAKE_PREFIX_PATH=/home/my11/interbotix_ws/install/interbotix_gravity_compensation:/home/my11/interbotix_ws/install/interbotix_xs_msgs:/home/my11/interbotix_ws/install/interbotix_common_sim:/home/my11/apriltag_ws/install/apriltag_ros:/home/my11/ros2_ws/install/rrbot_gazebo:/home/my11/ros2_ws/install/rrbot_description:/home/my11/ros2_ws/install/plate_description:/home/my11/ros2_ws/install/opencv_test_py:/opt/ros/humble LD_LIBRARY_PATH=/home/my11/interbotix_ws/install/interbotix_xs_msgs/lib:/home/my11/apriltag_ws/install/apriltag_ros/lib:/usr/lib/x86_64-linux-gnu/gazebo-11/plugins:/opt/ros/humble/opt/rviz_ogre_vendor/lib:/opt/ros/humble/lib/x86_64-linux-gnu:/opt/ros/humble/lib:/usr/share/gazebo/../../lib/x86_64-linux-gnu/gazebo-11/plugins:/usr/share/gazebo/../../lib/x86_64-linux-gnu/gazebo-11/plugins:/usr/share/gazebo/../../lib/x86_64-linux-gnu/gazebo-11/plugins PYTHONPATH=/home/my11/interbotix_ws/install/interbotix_xs_msgs/local/lib/python3.10/dist-packages:/home/my11/interbotix_ws/install/interbotix_common_modules/lib/python3.10/site-packages:${PYTHONPATH} /usr/bin/cmake --build /home/my11/interbotix_ws/build/interbotix_common_toolbox -- -j20 -l20
[20.125s] DEBUG:colcon.colcon_core.event_handler.log_command:Invoking command in '/home/my11/interbotix_ws/build/interbotix_common_toolbox': AMENT_PREFIX_PATH=/home/my11/interbotix_ws/install/interbotix_gravity_compensation:/home/my11/interbotix_ws/install/interbotix_xs_msgs:/home/my11/interbotix_ws/install/interbotix_common_sim:/home/my11/interbotix_ws/install/interbotix_common_modules:${AMENT_PREFIX_PATH} CMAKE_PREFIX_PATH=/home/my11/interbotix_ws/install/interbotix_gravity_compensation:/home/my11/interbotix_ws/install/interbotix_xs_msgs:/home/my11/interbotix_ws/install/interbotix_common_sim:/home/my11/apriltag_ws/install/apriltag_ros:/home/my11/ros2_ws/install/rrbot_gazebo:/home/my11/ros2_ws/install/rrbot_description:/home/my11/ros2_ws/install/plate_description:/home/my11/ros2_ws/install/opencv_test_py:/opt/ros/humble LD_LIBRARY_PATH=/home/my11/interbotix_ws/install/interbotix_xs_msgs/lib:/home/my11/apriltag_ws/install/apriltag_ros/lib:/usr/lib/x86_64-linux-gnu/gazebo-11/plugins:/opt/ros/humble/opt/rviz_ogre_vendor/lib:/opt/ros/humble/lib/x86_64-linux-gnu:/opt/ros/humble/lib:/usr/share/gazebo/../../lib/x86_64-linux-gnu/gazebo-11/plugins:/usr/share/gazebo/../../lib/x86_64-linux-gnu/gazebo-11/plugins:/usr/share/gazebo/../../lib/x86_64-linux-gnu/gazebo-11/plugins PYTHONPATH=/home/my11/interbotix_ws/install/interbotix_xs_msgs/local/lib/python3.10/dist-packages:/home/my11/interbotix_ws/install/interbotix_common_modules/lib/python3.10/site-packages:${PYTHONPATH} /usr/bin/cmake --install /home/my11/interbotix_ws/build/interbotix_common_toolbox
[20.132s] Level 1:colcon.colcon_core.environment:create_environment_scripts_only(interbotix_common_toolbox)
[20.132s] Level 1:colcon.colcon_core.environment:checking '/home/my11/interbotix_ws/install/interbotix_common_toolbox' for CMake module files
[20.132s] DEBUG:colcon.colcon_core.event_handler.log_command:Invoked command in '/home/my11/interbotix_ws/build/interbotix_common_toolbox' returned '0': AMENT_PREFIX_PATH=/home/my11/interbotix_ws/install/interbotix_gravity_compensation:/home/my11/interbotix_ws/install/interbotix_xs_msgs:/home/my11/interbotix_ws/install/interbotix_common_sim:/home/my11/interbotix_ws/install/interbotix_common_modules:${AMENT_PREFIX_PATH} CMAKE_PREFIX_PATH=/home/my11/interbotix_ws/install/interbotix_gravity_compensation:/home/my11/interbotix_ws/install/interbotix_xs_msgs:/home/my11/interbotix_ws/install/interbotix_common_sim:/home/my11/apriltag_ws/install/apriltag_ros:/home/my11/ros2_ws/install/rrbot_gazebo:/home/my11/ros2_ws/install/rrbot_description:/home/my11/ros2_ws/install/plate_description:/home/my11/ros2_ws/install/opencv_test_py:/opt/ros/humble LD_LIBRARY_PATH=/home/my11/interbotix_ws/install/interbotix_xs_msgs/lib:/home/my11/apriltag_ws/install/apriltag_ros/lib:/usr/lib/x86_64-linux-gnu/gazebo-11/plugins:/opt/ros/humble/opt/rviz_ogre_vendor/lib:/opt/ros/humble/lib/x86_64-linux-gnu:/opt/ros/humble/lib:/usr/share/gazebo/../../lib/x86_64-linux-gnu/gazebo-11/plugins:/usr/share/gazebo/../../lib/x86_64-linux-gnu/gazebo-11/plugins:/usr/share/gazebo/../../lib/x86_64-linux-gnu/gazebo-11/plugins PYTHONPATH=/home/my11/interbotix_ws/install/interbotix_xs_msgs/local/lib/python3.10/dist-packages:/home/my11/interbotix_ws/install/interbotix_common_modules/lib/python3.10/site-packages:${PYTHONPATH} /usr/bin/cmake --install /home/my11/interbotix_ws/build/interbotix_common_toolbox
[20.133s] Level 1:colcon.colcon_core.environment:checking '/home/my11/interbotix_ws/install/interbotix_common_toolbox' for CMake config files
[20.133s] Level 1:colcon.colcon_core.shell:create_environment_hook('interbotix_common_toolbox', 'cmake_prefix_path')
[20.133s] INFO:colcon.colcon_core.shell:Creating environment hook '/home/my11/interbotix_ws/install/interbotix_common_toolbox/share/interbotix_common_toolbox/hook/cmake_prefix_path.ps1'
[20.134s] INFO:colcon.colcon_core.shell:Creating environment descriptor '/home/my11/interbotix_ws/install/interbotix_common_toolbox/share/interbotix_common_toolbox/hook/cmake_prefix_path.dsv'
[20.134s] INFO:colcon.colcon_core.shell:Creating environment hook '/home/my11/interbotix_ws/install/interbotix_common_toolbox/share/interbotix_common_toolbox/hook/cmake_prefix_path.sh'
[20.134s] Level 1:colcon.colcon_core.environment:checking '/home/my11/interbotix_ws/install/interbotix_common_toolbox/bin'
[20.134s] Level 1:colcon.colcon_core.environment:checking '/home/my11/interbotix_ws/install/interbotix_common_toolbox/lib/pkgconfig/interbotix_common_toolbox.pc'
[20.135s] Level 1:colcon.colcon_core.environment:checking '/home/my11/interbotix_ws/install/interbotix_common_toolbox/lib/python3.10/site-packages'
[20.135s] Level 1:colcon.colcon_core.environment:checking '/home/my11/interbotix_ws/install/interbotix_common_toolbox/bin'
[20.135s] INFO:colcon.colcon_core.shell:Creating package script '/home/my11/interbotix_ws/install/interbotix_common_toolbox/share/interbotix_common_toolbox/package.ps1'
[20.135s] INFO:colcon.colcon_core.shell:Creating package descriptor '/home/my11/interbotix_ws/install/interbotix_common_toolbox/share/interbotix_common_toolbox/package.dsv'
[20.136s] INFO:colcon.colcon_core.shell:Creating package script '/home/my11/interbotix_ws/install/interbotix_common_toolbox/share/interbotix_common_toolbox/package.sh'
[20.136s] INFO:colcon.colcon_core.shell:Creating package script '/home/my11/interbotix_ws/install/interbotix_common_toolbox/share/interbotix_common_toolbox/package.bash'
[20.136s] INFO:colcon.colcon_core.shell:Creating package script '/home/my11/interbotix_ws/install/interbotix_common_toolbox/share/interbotix_common_toolbox/package.zsh'
[20.136s] Level 1:colcon.colcon_core.environment:create_file_with_runtime_dependencies(/home/my11/interbotix_ws/install/interbotix_common_toolbox/share/colcon-core/packages/interbotix_common_toolbox)
[20.154s] Level 1:colcon.colcon_core.environment:create_environment_scripts_only(interbotix_common_toolbox)
[20.154s] Level 1:colcon.colcon_core.environment:checking '/home/my11/interbotix_ws/install/interbotix_common_toolbox' for CMake module files
[20.154s] Level 1:colcon.colcon_core.environment:checking '/home/my11/interbotix_ws/install/interbotix_common_toolbox' for CMake config files
[20.155s] Level 1:colcon.colcon_core.shell:create_environment_hook('interbotix_common_toolbox', 'cmake_prefix_path')
[20.155s] INFO:colcon.colcon_core.shell:Creating environment hook '/home/my11/interbotix_ws/install/interbotix_common_toolbox/share/interbotix_common_toolbox/hook/cmake_prefix_path.ps1'
[20.155s] INFO:colcon.colcon_core.shell:Creating environment descriptor '/home/my11/interbotix_ws/install/interbotix_common_toolbox/share/interbotix_common_toolbox/hook/cmake_prefix_path.dsv'
[20.155s] INFO:colcon.colcon_core.shell:Creating environment hook '/home/my11/interbotix_ws/install/interbotix_common_toolbox/share/interbotix_common_toolbox/hook/cmake_prefix_path.sh'
[20.156s] Level 1:colcon.colcon_core.environment:checking '/home/my11/interbotix_ws/install/interbotix_common_toolbox/bin'
[20.156s] Level 1:colcon.colcon_core.environment:checking '/home/my11/interbotix_ws/install/interbotix_common_toolbox/lib/pkgconfig/interbotix_common_toolbox.pc'
[20.156s] Level 1:colcon.colcon_core.environment:checking '/home/my11/interbotix_ws/install/interbotix_common_toolbox/lib/python3.10/site-packages'
[20.156s] Level 1:colcon.colcon_core.environment:checking '/home/my11/interbotix_ws/install/interbotix_common_toolbox/bin'
[20.157s] INFO:colcon.colcon_core.shell:Creating package script '/home/my11/interbotix_ws/install/interbotix_common_toolbox/share/interbotix_common_toolbox/package.ps1'
[20.157s] INFO:colcon.colcon_core.shell:Creating package descriptor '/home/my11/interbotix_ws/install/interbotix_common_toolbox/share/interbotix_common_toolbox/package.dsv'
[20.157s] INFO:colcon.colcon_core.shell:Creating package script '/home/my11/interbotix_ws/install/interbotix_common_toolbox/share/interbotix_common_toolbox/package.sh'
[20.158s] INFO:colcon.colcon_core.shell:Creating package script '/home/my11/interbotix_ws/install/interbotix_common_toolbox/share/interbotix_common_toolbox/package.bash'
[20.158s] INFO:colcon.colcon_core.shell:Creating package script '/home/my11/interbotix_ws/install/interbotix_common_toolbox/share/interbotix_common_toolbox/package.zsh'
[20.158s] Level 1:colcon.colcon_core.environment:create_file_with_runtime_dependencies(/home/my11/interbotix_ws/install/interbotix_common_toolbox/share/colcon-core/packages/interbotix_common_toolbox)
[20.298s] DEBUG:colcon.colcon_core.event_handler.log_command:Invoking command in '/home/my11/interbotix_ws/src/interbotix_ros_toolboxes/interbotix_perception_toolbox/interbotix_perception_modules': AMENT_PREFIX_PATH=/home/my11/interbotix_ws/install/interbotix_perception_pipelines:/home/my11/interbotix_ws/install/interbotix_xs_msgs:/home/my11/interbotix_ws/install/interbotix_perception_msgs:/home/my11/interbotix_ws/install/interbotix_common_modules:${AMENT_PREFIX_PATH} CMAKE_PREFIX_PATH=/home/my11/interbotix_ws/install/interbotix_perception_pipelines:/home/my11/interbotix_ws/install/interbotix_xs_msgs:/home/my11/interbotix_ws/install/interbotix_perception_msgs:${CMAKE_PREFIX_PATH} LD_LIBRARY_PATH=/home/my11/interbotix_ws/install/interbotix_xs_msgs/lib:/home/my11/interbotix_ws/install/interbotix_perception_msgs/lib:/home/my11/apriltag_ws/install/apriltag_ros/lib:/usr/lib/x86_64-linux-gnu/gazebo-11/plugins:/opt/ros/humble/opt/rviz_ogre_vendor/lib:/opt/ros/humble/lib/x86_64-linux-gnu:/opt/ros/humble/lib:/usr/share/gazebo/../../lib/x86_64-linux-gnu/gazebo-11/plugins:/usr/share/gazebo/../../lib/x86_64-linux-gnu/gazebo-11/plugins:/usr/share/gazebo/../../lib/x86_64-linux-gnu/gazebo-11/plugins PYTHONPATH=/home/my11/interbotix_ws/build/interbotix_perception_modules/prefix_override:/usr/lib/python3/dist-packages/colcon_core/task/python/colcon_distutils_commands:/home/my11/interbotix_ws/install/interbotix_perception_modules/lib/python3.10/site-packages:/home/my11/interbotix_ws/install/interbotix_xs_msgs/local/lib/python3.10/dist-packages:/home/my11/interbotix_ws/install/interbotix_perception_msgs/local/lib/python3.10/dist-packages:/home/my11/interbotix_ws/install/interbotix_common_modules/lib/python3.10/site-packages:${PYTHONPATH} /usr/bin/python3 -W ignore:setup.py install is deprecated setup.py egg_info --egg-base ../../../../build/interbotix_perception_modules build --build-base /home/my11/interbotix_ws/build/interbotix_perception_modules/build install --record /home/my11/interbotix_ws/build/interbotix_perception_modules/install.log --single-version-externally-managed install_data
[20.473s] Level 1:colcon.colcon_core.environment:checking '/home/my11/interbotix_ws/install/interbotix_perception_modules' for CMake module files
[20.474s] DEBUG:colcon.colcon_core.event_handler.log_command:Invoked command in '/home/my11/interbotix_ws/src/interbotix_ros_toolboxes/interbotix_perception_toolbox/interbotix_perception_modules' returned '0': AMENT_PREFIX_PATH=/home/my11/interbotix_ws/install/interbotix_perception_pipelines:/home/my11/interbotix_ws/install/interbotix_xs_msgs:/home/my11/interbotix_ws/install/interbotix_perception_msgs:/home/my11/interbotix_ws/install/interbotix_common_modules:${AMENT_PREFIX_PATH} CMAKE_PREFIX_PATH=/home/my11/interbotix_ws/install/interbotix_perception_pipelines:/home/my11/interbotix_ws/install/interbotix_xs_msgs:/home/my11/interbotix_ws/install/interbotix_perception_msgs:${CMAKE_PREFIX_PATH} LD_LIBRARY_PATH=/home/my11/interbotix_ws/install/interbotix_xs_msgs/lib:/home/my11/interbotix_ws/install/interbotix_perception_msgs/lib:/home/my11/apriltag_ws/install/apriltag_ros/lib:/usr/lib/x86_64-linux-gnu/gazebo-11/plugins:/opt/ros/humble/opt/rviz_ogre_vendor/lib:/opt/ros/humble/lib/x86_64-linux-gnu:/opt/ros/humble/lib:/usr/share/gazebo/../../lib/x86_64-linux-gnu/gazebo-11/plugins:/usr/share/gazebo/../../lib/x86_64-linux-gnu/gazebo-11/plugins:/usr/share/gazebo/../../lib/x86_64-linux-gnu/gazebo-11/plugins PYTHONPATH=/home/my11/interbotix_ws/build/interbotix_perception_modules/prefix_override:/usr/lib/python3/dist-packages/colcon_core/task/python/colcon_distutils_commands:/home/my11/interbotix_ws/install/interbotix_perception_modules/lib/python3.10/site-packages:/home/my11/interbotix_ws/install/interbotix_xs_msgs/local/lib/python3.10/dist-packages:/home/my11/interbotix_ws/install/interbotix_perception_msgs/local/lib/python3.10/dist-packages:/home/my11/interbotix_ws/install/interbotix_common_modules/lib/python3.10/site-packages:${PYTHONPATH} /usr/bin/python3 -W ignore:setup.py install is deprecated setup.py egg_info --egg-base ../../../../build/interbotix_perception_modules build --build-base /home/my11/interbotix_ws/build/interbotix_perception_modules/build install --record /home/my11/interbotix_ws/build/interbotix_perception_modules/install.log --single-version-externally-managed install_data
[20.474s] Level 1:colcon.colcon_core.environment:checking '/home/my11/interbotix_ws/install/interbotix_perception_modules' for CMake config files
[20.474s] Level 1:colcon.colcon_core.environment:checking '/home/my11/interbotix_ws/install/interbotix_perception_modules/lib'
[20.474s] Level 1:colcon.colcon_core.environment:checking '/home/my11/interbotix_ws/install/interbotix_perception_modules/bin'
[20.474s] Level 1:colcon.colcon_core.environment:checking '/home/my11/interbotix_ws/install/interbotix_perception_modules/lib/pkgconfig/interbotix_perception_modules.pc'
[20.474s] Level 1:colcon.colcon_core.environment:checking '/home/my11/interbotix_ws/install/interbotix_perception_modules/lib/python3.10/site-packages'
[20.474s] Level 1:colcon.colcon_core.shell:create_environment_hook('interbotix_perception_modules', 'pythonpath')
[20.474s] INFO:colcon.colcon_core.shell:Creating environment hook '/home/my11/interbotix_ws/install/interbotix_perception_modules/share/interbotix_perception_modules/hook/pythonpath.ps1'
[20.475s] INFO:colcon.colcon_core.shell:Creating environment descriptor '/home/my11/interbotix_ws/install/interbotix_perception_modules/share/interbotix_perception_modules/hook/pythonpath.dsv'
[20.475s] INFO:colcon.colcon_core.shell:Creating environment hook '/home/my11/interbotix_ws/install/interbotix_perception_modules/share/interbotix_perception_modules/hook/pythonpath.sh'
[20.475s] Level 1:colcon.colcon_core.environment:checking '/home/my11/interbotix_ws/install/interbotix_perception_modules/bin'
[20.475s] Level 1:colcon.colcon_core.environment:create_environment_scripts_only(interbotix_perception_modules)
[20.475s] INFO:colcon.colcon_core.shell:Creating package script '/home/my11/interbotix_ws/install/interbotix_perception_modules/share/interbotix_perception_modules/package.ps1'
[20.475s] INFO:colcon.colcon_core.shell:Creating package descriptor '/home/my11/interbotix_ws/install/interbotix_perception_modules/share/interbotix_perception_modules/package.dsv'
[20.476s] INFO:colcon.colcon_core.shell:Creating package script '/home/my11/interbotix_ws/install/interbotix_perception_modules/share/interbotix_perception_modules/package.sh'
[20.476s] INFO:colcon.colcon_core.shell:Creating package script '/home/my11/interbotix_ws/install/interbotix_perception_modules/share/interbotix_perception_modules/package.bash'
[20.476s] INFO:colcon.colcon_core.shell:Creating package script '/home/my11/interbotix_ws/install/interbotix_perception_modules/share/interbotix_perception_modules/package.zsh'
[20.476s] Level 1:colcon.colcon_core.environment:create_file_with_runtime_dependencies(/home/my11/interbotix_ws/install/interbotix_perception_modules/share/colcon-core/packages/interbotix_perception_modules)
[20.476s] INFO:colcon.colcon_ros.task.ament_cmake.build:Building ROS package in '/home/my11/interbotix_ws/src/interbotix_ros_toolboxes/interbotix_perception_toolbox/interbotix_perception_toolbox' with build type 'ament_cmake'
[20.476s] INFO:colcon.colcon_cmake.task.cmake.build:Building CMake package in '/home/my11/interbotix_ws/src/interbotix_ros_toolboxes/interbotix_perception_toolbox/interbotix_perception_toolbox'
[20.476s] INFO:colcon.colcon_core.shell:Skip shell extension 'powershell' for command environment: Not usable outside of PowerShell
[20.476s] DEBUG:colcon.colcon_core.shell:Skip shell extension 'dsv' for command environment
[20.489s] DEBUG:colcon.colcon_core.event_handler.log_command:Invoking command in '/home/my11/interbotix_ws/build/interbotix_perception_toolbox': AMENT_PREFIX_PATH=/home/my11/interbotix_ws/install/interbotix_perception_modules:/home/my11/interbotix_ws/install/interbotix_perception_pipelines:/home/my11/interbotix_ws/install/interbotix_xs_msgs:/home/my11/interbotix_ws/install/interbotix_perception_msgs:/home/my11/interbotix_ws/install/interbotix_common_modules:${AMENT_PREFIX_PATH} CMAKE_PREFIX_PATH=/home/my11/interbotix_ws/install/interbotix_perception_pipelines:/home/my11/interbotix_ws/install/interbotix_xs_msgs:/home/my11/interbotix_ws/install/interbotix_perception_msgs:/home/my11/apriltag_ws/install/apriltag_ros:/home/my11/ros2_ws/install/rrbot_gazebo:/home/my11/ros2_ws/install/rrbot_description:/home/my11/ros2_ws/install/plate_description:/home/my11/ros2_ws/install/opencv_test_py:/opt/ros/humble LD_LIBRARY_PATH=/home/my11/interbotix_ws/install/interbotix_xs_msgs/lib:/home/my11/interbotix_ws/install/interbotix_perception_msgs/lib:/home/my11/apriltag_ws/install/apriltag_ros/lib:/usr/lib/x86_64-linux-gnu/gazebo-11/plugins:/opt/ros/humble/opt/rviz_ogre_vendor/lib:/opt/ros/humble/lib/x86_64-linux-gnu:/opt/ros/humble/lib:/usr/share/gazebo/../../lib/x86_64-linux-gnu/gazebo-11/plugins:/usr/share/gazebo/../../lib/x86_64-linux-gnu/gazebo-11/plugins:/usr/share/gazebo/../../lib/x86_64-linux-gnu/gazebo-11/plugins PYTHONPATH=/home/my11/interbotix_ws/install/interbotix_perception_modules/lib/python3.10/site-packages:/home/my11/interbotix_ws/install/interbotix_xs_msgs/local/lib/python3.10/dist-packages:/home/my11/interbotix_ws/install/interbotix_perception_msgs/local/lib/python3.10/dist-packages:/home/my11/interbotix_ws/install/interbotix_common_modules/lib/python3.10/site-packages:${PYTHONPATH} /usr/bin/cmake /home/my11/interbotix_ws/src/interbotix_ros_toolboxes/interbotix_perception_toolbox/interbotix_perception_toolbox -DCMAKE_INSTALL_PREFIX=/home/my11/interbotix_ws/install/interbotix_perception_toolbox
[20.894s] DEBUG:colcon.colcon_core.event_handler.log_command:Invoked command in '/home/my11/interbotix_ws/build/interbotix_perception_toolbox' returned '0': AMENT_PREFIX_PATH=/home/my11/interbotix_ws/install/interbotix_perception_modules:/home/my11/interbotix_ws/install/interbotix_perception_pipelines:/home/my11/interbotix_ws/install/interbotix_xs_msgs:/home/my11/interbotix_ws/install/interbotix_perception_msgs:/home/my11/interbotix_ws/install/interbotix_common_modules:${AMENT_PREFIX_PATH} CMAKE_PREFIX_PATH=/home/my11/interbotix_ws/install/interbotix_perception_pipelines:/home/my11/interbotix_ws/install/interbotix_xs_msgs:/home/my11/interbotix_ws/install/interbotix_perception_msgs:/home/my11/apriltag_ws/install/apriltag_ros:/home/my11/ros2_ws/install/rrbot_gazebo:/home/my11/ros2_ws/install/rrbot_description:/home/my11/ros2_ws/install/plate_description:/home/my11/ros2_ws/install/opencv_test_py:/opt/ros/humble LD_LIBRARY_PATH=/home/my11/interbotix_ws/install/interbotix_xs_msgs/lib:/home/my11/interbotix_ws/install/interbotix_perception_msgs/lib:/home/my11/apriltag_ws/install/apriltag_ros/lib:/usr/lib/x86_64-linux-gnu/gazebo-11/plugins:/opt/ros/humble/opt/rviz_ogre_vendor/lib:/opt/ros/humble/lib/x86_64-linux-gnu:/opt/ros/humble/lib:/usr/share/gazebo/../../lib/x86_64-linux-gnu/gazebo-11/plugins:/usr/share/gazebo/../../lib/x86_64-linux-gnu/gazebo-11/plugins:/usr/share/gazebo/../../lib/x86_64-linux-gnu/gazebo-11/plugins PYTHONPATH=/home/my11/interbotix_ws/install/interbotix_perception_modules/lib/python3.10/site-packages:/home/my11/interbotix_ws/install/interbotix_xs_msgs/local/lib/python3.10/dist-packages:/home/my11/interbotix_ws/install/interbotix_perception_msgs/local/lib/python3.10/dist-packages:/home/my11/interbotix_ws/install/interbotix_common_modules/lib/python3.10/site-packages:${PYTHONPATH} /usr/bin/cmake /home/my11/interbotix_ws/src/interbotix_ros_toolboxes/interbotix_perception_toolbox/interbotix_perception_toolbox -DCMAKE_INSTALL_PREFIX=/home/my11/interbotix_ws/install/interbotix_perception_toolbox
[20.894s] DEBUG:colcon.colcon_core.event_handler.log_command:Invoking command in '/home/my11/interbotix_ws/build/interbotix_perception_toolbox': AMENT_PREFIX_PATH=/home/my11/interbotix_ws/install/interbotix_perception_modules:/home/my11/interbotix_ws/install/interbotix_perception_pipelines:/home/my11/interbotix_ws/install/interbotix_xs_msgs:/home/my11/interbotix_ws/install/interbotix_perception_msgs:/home/my11/interbotix_ws/install/interbotix_common_modules:${AMENT_PREFIX_PATH} CMAKE_PREFIX_PATH=/home/my11/interbotix_ws/install/interbotix_perception_pipelines:/home/my11/interbotix_ws/install/interbotix_xs_msgs:/home/my11/interbotix_ws/install/interbotix_perception_msgs:/home/my11/apriltag_ws/install/apriltag_ros:/home/my11/ros2_ws/install/rrbot_gazebo:/home/my11/ros2_ws/install/rrbot_description:/home/my11/ros2_ws/install/plate_description:/home/my11/ros2_ws/install/opencv_test_py:/opt/ros/humble LD_LIBRARY_PATH=/home/my11/interbotix_ws/install/interbotix_xs_msgs/lib:/home/my11/interbotix_ws/install/interbotix_perception_msgs/lib:/home/my11/apriltag_ws/install/apriltag_ros/lib:/usr/lib/x86_64-linux-gnu/gazebo-11/plugins:/opt/ros/humble/opt/rviz_ogre_vendor/lib:/opt/ros/humble/lib/x86_64-linux-gnu:/opt/ros/humble/lib:/usr/share/gazebo/../../lib/x86_64-linux-gnu/gazebo-11/plugins:/usr/share/gazebo/../../lib/x86_64-linux-gnu/gazebo-11/plugins:/usr/share/gazebo/../../lib/x86_64-linux-gnu/gazebo-11/plugins PYTHONPATH=/home/my11/interbotix_ws/install/interbotix_perception_modules/lib/python3.10/site-packages:/home/my11/interbotix_ws/install/interbotix_xs_msgs/local/lib/python3.10/dist-packages:/home/my11/interbotix_ws/install/interbotix_perception_msgs/local/lib/python3.10/dist-packages:/home/my11/interbotix_ws/install/interbotix_common_modules/lib/python3.10/site-packages:${PYTHONPATH} /usr/bin/cmake --build /home/my11/interbotix_ws/build/interbotix_perception_toolbox -- -j20 -l20
[20.923s] DEBUG:colcon.colcon_core.event_handler.log_command:Invoked command in '/home/my11/interbotix_ws/build/interbotix_perception_toolbox' returned '0': AMENT_PREFIX_PATH=/home/my11/interbotix_ws/install/interbotix_perception_modules:/home/my11/interbotix_ws/install/interbotix_perception_pipelines:/home/my11/interbotix_ws/install/interbotix_xs_msgs:/home/my11/interbotix_ws/install/interbotix_perception_msgs:/home/my11/interbotix_ws/install/interbotix_common_modules:${AMENT_PREFIX_PATH} CMAKE_PREFIX_PATH=/home/my11/interbotix_ws/install/interbotix_perception_pipelines:/home/my11/interbotix_ws/install/interbotix_xs_msgs:/home/my11/interbotix_ws/install/interbotix_perception_msgs:/home/my11/apriltag_ws/install/apriltag_ros:/home/my11/ros2_ws/install/rrbot_gazebo:/home/my11/ros2_ws/install/rrbot_description:/home/my11/ros2_ws/install/plate_description:/home/my11/ros2_ws/install/opencv_test_py:/opt/ros/humble LD_LIBRARY_PATH=/home/my11/interbotix_ws/install/interbotix_xs_msgs/lib:/home/my11/interbotix_ws/install/interbotix_perception_msgs/lib:/home/my11/apriltag_ws/install/apriltag_ros/lib:/usr/lib/x86_64-linux-gnu/gazebo-11/plugins:/opt/ros/humble/opt/rviz_ogre_vendor/lib:/opt/ros/humble/lib/x86_64-linux-gnu:/opt/ros/humble/lib:/usr/share/gazebo/../../lib/x86_64-linux-gnu/gazebo-11/plugins:/usr/share/gazebo/../../lib/x86_64-linux-gnu/gazebo-11/plugins:/usr/share/gazebo/../../lib/x86_64-linux-gnu/gazebo-11/plugins PYTHONPATH=/home/my11/interbotix_ws/install/interbotix_perception_modules/lib/python3.10/site-packages:/home/my11/interbotix_ws/install/interbotix_xs_msgs/local/lib/python3.10/dist-packages:/home/my11/interbotix_ws/install/interbotix_perception_msgs/local/lib/python3.10/dist-packages:/home/my11/interbotix_ws/install/interbotix_common_modules/lib/python3.10/site-packages:${PYTHONPATH} /usr/bin/cmake --build /home/my11/interbotix_ws/build/interbotix_perception_toolbox -- -j20 -l20
[20.943s] DEBUG:colcon.colcon_core.event_handler.log_command:Invoking command in '/home/my11/interbotix_ws/build/interbotix_perception_toolbox': AMENT_PREFIX_PATH=/home/my11/interbotix_ws/install/interbotix_perception_modules:/home/my11/interbotix_ws/install/interbotix_perception_pipelines:/home/my11/interbotix_ws/install/interbotix_xs_msgs:/home/my11/interbotix_ws/install/interbotix_perception_msgs:/home/my11/interbotix_ws/install/interbotix_common_modules:${AMENT_PREFIX_PATH} CMAKE_PREFIX_PATH=/home/my11/interbotix_ws/install/interbotix_perception_pipelines:/home/my11/interbotix_ws/install/interbotix_xs_msgs:/home/my11/interbotix_ws/install/interbotix_perception_msgs:/home/my11/apriltag_ws/install/apriltag_ros:/home/my11/ros2_ws/install/rrbot_gazebo:/home/my11/ros2_ws/install/rrbot_description:/home/my11/ros2_ws/install/plate_description:/home/my11/ros2_ws/install/opencv_test_py:/opt/ros/humble LD_LIBRARY_PATH=/home/my11/interbotix_ws/install/interbotix_xs_msgs/lib:/home/my11/interbotix_ws/install/interbotix_perception_msgs/lib:/home/my11/apriltag_ws/install/apriltag_ros/lib:/usr/lib/x86_64-linux-gnu/gazebo-11/plugins:/opt/ros/humble/opt/rviz_ogre_vendor/lib:/opt/ros/humble/lib/x86_64-linux-gnu:/opt/ros/humble/lib:/usr/share/gazebo/../../lib/x86_64-linux-gnu/gazebo-11/plugins:/usr/share/gazebo/../../lib/x86_64-linux-gnu/gazebo-11/plugins:/usr/share/gazebo/../../lib/x86_64-linux-gnu/gazebo-11/plugins PYTHONPATH=/home/my11/interbotix_ws/install/interbotix_perception_modules/lib/python3.10/site-packages:/home/my11/interbotix_ws/install/interbotix_xs_msgs/local/lib/python3.10/dist-packages:/home/my11/interbotix_ws/install/interbotix_perception_msgs/local/lib/python3.10/dist-packages:/home/my11/interbotix_ws/install/interbotix_common_modules/lib/python3.10/site-packages:${PYTHONPATH} /usr/bin/cmake --install /home/my11/interbotix_ws/build/interbotix_perception_toolbox
[20.950s] Level 1:colcon.colcon_core.environment:create_environment_scripts_only(interbotix_perception_toolbox)
[20.950s] Level 1:colcon.colcon_core.environment:checking '/home/my11/interbotix_ws/install/interbotix_perception_toolbox' for CMake module files
[20.951s] DEBUG:colcon.colcon_core.event_handler.log_command:Invoked command in '/home/my11/interbotix_ws/build/interbotix_perception_toolbox' returned '0': AMENT_PREFIX_PATH=/home/my11/interbotix_ws/install/interbotix_perception_modules:/home/my11/interbotix_ws/install/interbotix_perception_pipelines:/home/my11/interbotix_ws/install/interbotix_xs_msgs:/home/my11/interbotix_ws/install/interbotix_perception_msgs:/home/my11/interbotix_ws/install/interbotix_common_modules:${AMENT_PREFIX_PATH} CMAKE_PREFIX_PATH=/home/my11/interbotix_ws/install/interbotix_perception_pipelines:/home/my11/interbotix_ws/install/interbotix_xs_msgs:/home/my11/interbotix_ws/install/interbotix_perception_msgs:/home/my11/apriltag_ws/install/apriltag_ros:/home/my11/ros2_ws/install/rrbot_gazebo:/home/my11/ros2_ws/install/rrbot_description:/home/my11/ros2_ws/install/plate_description:/home/my11/ros2_ws/install/opencv_test_py:/opt/ros/humble LD_LIBRARY_PATH=/home/my11/interbotix_ws/install/interbotix_xs_msgs/lib:/home/my11/interbotix_ws/install/interbotix_perception_msgs/lib:/home/my11/apriltag_ws/install/apriltag_ros/lib:/usr/lib/x86_64-linux-gnu/gazebo-11/plugins:/opt/ros/humble/opt/rviz_ogre_vendor/lib:/opt/ros/humble/lib/x86_64-linux-gnu:/opt/ros/humble/lib:/usr/share/gazebo/../../lib/x86_64-linux-gnu/gazebo-11/plugins:/usr/share/gazebo/../../lib/x86_64-linux-gnu/gazebo-11/plugins:/usr/share/gazebo/../../lib/x86_64-linux-gnu/gazebo-11/plugins PYTHONPATH=/home/my11/interbotix_ws/install/interbotix_perception_modules/lib/python3.10/site-packages:/home/my11/interbotix_ws/install/interbotix_xs_msgs/local/lib/python3.10/dist-packages:/home/my11/interbotix_ws/install/interbotix_perception_msgs/local/lib/python3.10/dist-packages:/home/my11/interbotix_ws/install/interbotix_common_modules/lib/python3.10/site-packages:${PYTHONPATH} /usr/bin/cmake --install /home/my11/interbotix_ws/build/interbotix_perception_toolbox
[20.951s] Level 1:colcon.colcon_core.environment:checking '/home/my11/interbotix_ws/install/interbotix_perception_toolbox' for CMake config files
[20.951s] Level 1:colcon.colcon_core.shell:create_environment_hook('interbotix_perception_toolbox', 'cmake_prefix_path')
[20.951s] INFO:colcon.colcon_core.shell:Creating environment hook '/home/my11/interbotix_ws/install/interbotix_perception_toolbox/share/interbotix_perception_toolbox/hook/cmake_prefix_path.ps1'
[20.951s] INFO:colcon.colcon_core.shell:Creating environment descriptor '/home/my11/interbotix_ws/install/interbotix_perception_toolbox/share/interbotix_perception_toolbox/hook/cmake_prefix_path.dsv'
[20.951s] INFO:colcon.colcon_core.shell:Creating environment hook '/home/my11/interbotix_ws/install/interbotix_perception_toolbox/share/interbotix_perception_toolbox/hook/cmake_prefix_path.sh'
[20.952s] Level 1:colcon.colcon_core.environment:checking '/home/my11/interbotix_ws/install/interbotix_perception_toolbox/bin'
[20.952s] Level 1:colcon.colcon_core.environment:checking '/home/my11/interbotix_ws/install/interbotix_perception_toolbox/lib/pkgconfig/interbotix_perception_toolbox.pc'
[20.952s] Level 1:colcon.colcon_core.environment:checking '/home/my11/interbotix_ws/install/interbotix_perception_toolbox/lib/python3.10/site-packages'
[20.952s] Level 1:colcon.colcon_core.environment:checking '/home/my11/interbotix_ws/install/interbotix_perception_toolbox/bin'
[20.952s] INFO:colcon.colcon_core.shell:Creating package script '/home/my11/interbotix_ws/install/interbotix_perception_toolbox/share/interbotix_perception_toolbox/package.ps1'
[20.952s] INFO:colcon.colcon_core.shell:Creating package descriptor '/home/my11/interbotix_ws/install/interbotix_perception_toolbox/share/interbotix_perception_toolbox/package.dsv'
[20.952s] INFO:colcon.colcon_core.shell:Creating package script '/home/my11/interbotix_ws/install/interbotix_perception_toolbox/share/interbotix_perception_toolbox/package.sh'
[20.953s] INFO:colcon.colcon_core.shell:Creating package script '/home/my11/interbotix_ws/install/interbotix_perception_toolbox/share/interbotix_perception_toolbox/package.bash'
[20.953s] INFO:colcon.colcon_core.shell:Creating package script '/home/my11/interbotix_ws/install/interbotix_perception_toolbox/share/interbotix_perception_toolbox/package.zsh'
[20.953s] Level 1:colcon.colcon_core.environment:create_file_with_runtime_dependencies(/home/my11/interbotix_ws/install/interbotix_perception_toolbox/share/colcon-core/packages/interbotix_perception_toolbox)
[20.971s] Level 1:colcon.colcon_core.environment:create_environment_scripts_only(interbotix_perception_toolbox)
[20.972s] Level 1:colcon.colcon_core.environment:checking '/home/my11/interbotix_ws/install/interbotix_perception_toolbox' for CMake module files
[20.972s] Level 1:colcon.colcon_core.environment:checking '/home/my11/interbotix_ws/install/interbotix_perception_toolbox' for CMake config files
[20.972s] Level 1:colcon.colcon_core.shell:create_environment_hook('interbotix_perception_toolbox', 'cmake_prefix_path')
[20.972s] INFO:colcon.colcon_core.shell:Creating environment hook '/home/my11/interbotix_ws/install/interbotix_perception_toolbox/share/interbotix_perception_toolbox/hook/cmake_prefix_path.ps1'
[20.972s] INFO:colcon.colcon_core.shell:Creating environment descriptor '/home/my11/interbotix_ws/install/interbotix_perception_toolbox/share/interbotix_perception_toolbox/hook/cmake_prefix_path.dsv'
[20.972s] INFO:colcon.colcon_core.shell:Creating environment hook '/home/my11/interbotix_ws/install/interbotix_perception_toolbox/share/interbotix_perception_toolbox/hook/cmake_prefix_path.sh'
[20.973s] Level 1:colcon.colcon_core.environment:checking '/home/my11/interbotix_ws/install/interbotix_perception_toolbox/bin'
[20.973s] Level 1:colcon.colcon_core.environment:checking '/home/my11/interbotix_ws/install/interbotix_perception_toolbox/lib/pkgconfig/interbotix_perception_toolbox.pc'
[20.973s] Level 1:colcon.colcon_core.environment:checking '/home/my11/interbotix_ws/install/interbotix_perception_toolbox/lib/python3.10/site-packages'
[20.973s] Level 1:colcon.colcon_core.environment:checking '/home/my11/interbotix_ws/install/interbotix_perception_toolbox/bin'
[20.973s] INFO:colcon.colcon_core.shell:Creating package script '/home/my11/interbotix_ws/install/interbotix_perception_toolbox/share/interbotix_perception_toolbox/package.ps1'
[20.973s] INFO:colcon.colcon_core.shell:Creating package descriptor '/home/my11/interbotix_ws/install/interbotix_perception_toolbox/share/interbotix_perception_toolbox/package.dsv'
[20.973s] INFO:colcon.colcon_core.shell:Creating package script '/home/my11/interbotix_ws/install/interbotix_perception_toolbox/share/interbotix_perception_toolbox/package.sh'
[20.974s] INFO:colcon.colcon_core.shell:Creating package script '/home/my11/interbotix_ws/install/interbotix_perception_toolbox/share/interbotix_perception_toolbox/package.bash'
[20.974s] INFO:colcon.colcon_core.shell:Creating package script '/home/my11/interbotix_ws/install/interbotix_perception_toolbox/share/interbotix_perception_toolbox/package.zsh'
[20.974s] Level 1:colcon.colcon_core.environment:create_file_with_runtime_dependencies(/home/my11/interbotix_ws/install/interbotix_perception_toolbox/share/colcon-core/packages/interbotix_perception_toolbox)
[22.403s] DEBUG:colcon.colcon_core.event_handler.log_command:Invoked command in '/home/my11/interbotix_ws/build/moveit_visual_tools' returned '0': CMAKE_PREFIX_PATH=${CMAKE_PREFIX_PATH}:/home/my11/ros2_ws/install/opencv_test_py:/opt/ros/humble /usr/bin/cmake --build /home/my11/interbotix_ws/build/moveit_visual_tools -- -j20 -l20
[22.429s] DEBUG:colcon.colcon_core.event_handler.log_command:Invoking command in '/home/my11/interbotix_ws/build/moveit_visual_tools': CMAKE_PREFIX_PATH=${CMAKE_PREFIX_PATH}:/home/my11/ros2_ws/install/opencv_test_py:/opt/ros/humble /usr/bin/cmake --install /home/my11/interbotix_ws/build/moveit_visual_tools
[22.438s] Level 1:colcon.colcon_core.environment:create_environment_scripts_only(moveit_visual_tools)
[22.438s] Level 1:colcon.colcon_core.environment:checking '/home/my11/interbotix_ws/install/moveit_visual_tools' for CMake module files
[22.438s] DEBUG:colcon.colcon_core.event_handler.log_command:Invoked command in '/home/my11/interbotix_ws/build/moveit_visual_tools' returned '0': CMAKE_PREFIX_PATH=${CMAKE_PREFIX_PATH}:/home/my11/ros2_ws/install/opencv_test_py:/opt/ros/humble /usr/bin/cmake --install /home/my11/interbotix_ws/build/moveit_visual_tools
[22.439s] Level 1:colcon.colcon_core.environment:checking '/home/my11/interbotix_ws/install/moveit_visual_tools' for CMake config files
[22.439s] Level 1:colcon.colcon_core.shell:create_environment_hook('moveit_visual_tools', 'cmake_prefix_path')
[22.439s] INFO:colcon.colcon_core.shell:Creating environment hook '/home/my11/interbotix_ws/install/moveit_visual_tools/share/moveit_visual_tools/hook/cmake_prefix_path.ps1'
[22.440s] INFO:colcon.colcon_core.shell:Creating environment descriptor '/home/my11/interbotix_ws/install/moveit_visual_tools/share/moveit_visual_tools/hook/cmake_prefix_path.dsv'
[22.440s] INFO:colcon.colcon_core.shell:Creating environment hook '/home/my11/interbotix_ws/install/moveit_visual_tools/share/moveit_visual_tools/hook/cmake_prefix_path.sh'
[22.440s] Level 1:colcon.colcon_core.environment:checking '/home/my11/interbotix_ws/install/moveit_visual_tools/lib'
[22.440s] Level 1:colcon.colcon_core.shell:create_environment_hook('moveit_visual_tools', 'ld_library_path_lib')
[22.440s] INFO:colcon.colcon_core.shell:Creating environment hook '/home/my11/interbotix_ws/install/moveit_visual_tools/share/moveit_visual_tools/hook/ld_library_path_lib.ps1'
[22.441s] INFO:colcon.colcon_core.shell:Creating environment descriptor '/home/my11/interbotix_ws/install/moveit_visual_tools/share/moveit_visual_tools/hook/ld_library_path_lib.dsv'
[22.441s] INFO:colcon.colcon_core.shell:Creating environment hook '/home/my11/interbotix_ws/install/moveit_visual_tools/share/moveit_visual_tools/hook/ld_library_path_lib.sh'
[22.441s] Level 1:colcon.colcon_core.environment:checking '/home/my11/interbotix_ws/install/moveit_visual_tools/bin'
[22.441s] Level 1:colcon.colcon_core.environment:checking '/home/my11/interbotix_ws/install/moveit_visual_tools/lib/pkgconfig/moveit_visual_tools.pc'
[22.442s] Level 1:colcon.colcon_core.environment:checking '/home/my11/interbotix_ws/install/moveit_visual_tools/lib/python3.10/site-packages'
[22.442s] Level 1:colcon.colcon_core.environment:checking '/home/my11/interbotix_ws/install/moveit_visual_tools/bin'
[22.442s] INFO:colcon.colcon_core.shell:Creating package script '/home/my11/interbotix_ws/install/moveit_visual_tools/share/moveit_visual_tools/package.ps1'
[22.442s] INFO:colcon.colcon_core.shell:Creating package descriptor '/home/my11/interbotix_ws/install/moveit_visual_tools/share/moveit_visual_tools/package.dsv'
[22.443s] INFO:colcon.colcon_core.shell:Creating package script '/home/my11/interbotix_ws/install/moveit_visual_tools/share/moveit_visual_tools/package.sh'
[22.443s] INFO:colcon.colcon_core.shell:Creating package script '/home/my11/interbotix_ws/install/moveit_visual_tools/share/moveit_visual_tools/package.bash'
[22.443s] INFO:colcon.colcon_core.shell:Creating package script '/home/my11/interbotix_ws/install/moveit_visual_tools/share/moveit_visual_tools/package.zsh'
[22.444s] Level 1:colcon.colcon_core.environment:create_file_with_runtime_dependencies(/home/my11/interbotix_ws/install/moveit_visual_tools/share/colcon-core/packages/moveit_visual_tools)
[22.471s] Level 1:colcon.colcon_core.environment:create_environment_scripts_only(moveit_visual_tools)
[22.472s] Level 1:colcon.colcon_core.environment:checking '/home/my11/interbotix_ws/install/moveit_visual_tools' for CMake module files
[22.472s] Level 1:colcon.colcon_core.environment:checking '/home/my11/interbotix_ws/install/moveit_visual_tools' for CMake config files
[22.472s] Level 1:colcon.colcon_core.shell:create_environment_hook('moveit_visual_tools', 'cmake_prefix_path')
[22.472s] INFO:colcon.colcon_core.shell:Creating environment hook '/home/my11/interbotix_ws/install/moveit_visual_tools/share/moveit_visual_tools/hook/cmake_prefix_path.ps1'
[22.472s] INFO:colcon.colcon_core.shell:Creating environment descriptor '/home/my11/interbotix_ws/install/moveit_visual_tools/share/moveit_visual_tools/hook/cmake_prefix_path.dsv'
[22.473s] INFO:colcon.colcon_core.shell:Creating environment hook '/home/my11/interbotix_ws/install/moveit_visual_tools/share/moveit_visual_tools/hook/cmake_prefix_path.sh'
[22.473s] Level 1:colcon.colcon_core.environment:checking '/home/my11/interbotix_ws/install/moveit_visual_tools/lib'
[22.473s] Level 1:colcon.colcon_core.shell:create_environment_hook('moveit_visual_tools', 'ld_library_path_lib')
[22.473s] INFO:colcon.colcon_core.shell:Creating environment hook '/home/my11/interbotix_ws/install/moveit_visual_tools/share/moveit_visual_tools/hook/ld_library_path_lib.ps1'
[22.474s] INFO:colcon.colcon_core.shell:Creating environment descriptor '/home/my11/interbotix_ws/install/moveit_visual_tools/share/moveit_visual_tools/hook/ld_library_path_lib.dsv'
[22.474s] INFO:colcon.colcon_core.shell:Creating environment hook '/home/my11/interbotix_ws/install/moveit_visual_tools/share/moveit_visual_tools/hook/ld_library_path_lib.sh'
[22.474s] Level 1:colcon.colcon_core.environment:checking '/home/my11/interbotix_ws/install/moveit_visual_tools/bin'
[22.474s] Level 1:colcon.colcon_core.environment:checking '/home/my11/interbotix_ws/install/moveit_visual_tools/lib/pkgconfig/moveit_visual_tools.pc'
[22.474s] Level 1:colcon.colcon_core.environment:checking '/home/my11/interbotix_ws/install/moveit_visual_tools/lib/python3.10/site-packages'
[22.474s] Level 1:colcon.colcon_core.environment:checking '/home/my11/interbotix_ws/install/moveit_visual_tools/bin'
[22.474s] INFO:colcon.colcon_core.shell:Creating package script '/home/my11/interbotix_ws/install/moveit_visual_tools/share/moveit_visual_tools/package.ps1'
[22.475s] INFO:colcon.colcon_core.shell:Creating package descriptor '/home/my11/interbotix_ws/install/moveit_visual_tools/share/moveit_visual_tools/package.dsv'
[22.475s] INFO:colcon.colcon_core.shell:Creating package script '/home/my11/interbotix_ws/install/moveit_visual_tools/share/moveit_visual_tools/package.sh'
[22.475s] INFO:colcon.colcon_core.shell:Creating package script '/home/my11/interbotix_ws/install/moveit_visual_tools/share/moveit_visual_tools/package.bash'
[22.475s] INFO:colcon.colcon_core.shell:Creating package script '/home/my11/interbotix_ws/install/moveit_visual_tools/share/moveit_visual_tools/package.zsh'
[22.475s] Level 1:colcon.colcon_core.environment:create_file_with_runtime_dependencies(/home/my11/interbotix_ws/install/moveit_visual_tools/share/colcon-core/packages/moveit_visual_tools)
[22.476s] INFO:colcon.colcon_ros.task.ament_cmake.build:Building ROS package in '/home/my11/interbotix_ws/src/interbotix_ros_toolboxes/interbotix_common_toolbox/interbotix_moveit_interface' with build type 'ament_cmake'
[22.476s] INFO:colcon.colcon_cmake.task.cmake.build:Building CMake package in '/home/my11/interbotix_ws/src/interbotix_ros_toolboxes/interbotix_common_toolbox/interbotix_moveit_interface'
[22.476s] INFO:colcon.colcon_core.shell:Skip shell extension 'powershell' for command environment: Not usable outside of PowerShell
[22.476s] DEBUG:colcon.colcon_core.shell:Skip shell extension 'dsv' for command environment
[22.486s] DEBUG:colcon.colcon_core.event_handler.log_command:Invoking command in '/home/my11/interbotix_ws/build/interbotix_moveit_interface': AMENT_PREFIX_PATH=/home/my11/interbotix_ws/install/moveit_visual_tools:/home/my11/interbotix_ws/install/interbotix_moveit_interface_msgs:${AMENT_PREFIX_PATH} CMAKE_PREFIX_PATH=/home/my11/interbotix_ws/install/moveit_visual_tools:/home/my11/interbotix_ws/install/interbotix_moveit_interface_msgs:/home/my11/apriltag_ws/install/apriltag_ros:/home/my11/ros2_ws/install/rrbot_gazebo:/home/my11/ros2_ws/install/rrbot_description:/home/my11/ros2_ws/install/plate_description:/home/my11/ros2_ws/install/opencv_test_py:/opt/ros/humble LD_LIBRARY_PATH=/home/my11/interbotix_ws/install/moveit_visual_tools/lib:/home/my11/interbotix_ws/install/interbotix_moveit_interface_msgs/lib:/home/my11/apriltag_ws/install/apriltag_ros/lib:/usr/lib/x86_64-linux-gnu/gazebo-11/plugins:/opt/ros/humble/opt/rviz_ogre_vendor/lib:/opt/ros/humble/lib/x86_64-linux-gnu:/opt/ros/humble/lib:/usr/share/gazebo/../../lib/x86_64-linux-gnu/gazebo-11/plugins:/usr/share/gazebo/../../lib/x86_64-linux-gnu/gazebo-11/plugins:/usr/share/gazebo/../../lib/x86_64-linux-gnu/gazebo-11/plugins PYTHONPATH=/home/my11/interbotix_ws/install/interbotix_moveit_interface_msgs/local/lib/python3.10/dist-packages:${PYTHONPATH} /usr/bin/cmake /home/my11/interbotix_ws/src/interbotix_ros_toolboxes/interbotix_common_toolbox/interbotix_moveit_interface -DCMAKE_INSTALL_PREFIX=/home/my11/interbotix_ws/install/interbotix_moveit_interface
[23.625s] DEBUG:colcon.colcon_core.event_handler.log_command:Invoked command in '/home/my11/interbotix_ws/build/interbotix_xs_sdk' returned '0': AMENT_PREFIX_PATH=/home/my11/interbotix_ws/install/interbotix_xs_driver:/home/my11/interbotix_ws/install/interbotix_xs_msgs:/home/my11/interbotix_ws/install/dynamixel_workbench_toolbox:${AMENT_PREFIX_PATH} CMAKE_PREFIX_PATH=/home/my11/interbotix_ws/install/interbotix_xs_driver:/home/my11/interbotix_ws/install/interbotix_xs_msgs:/home/my11/interbotix_ws/install/dynamixel_workbench_toolbox:/home/my11/apriltag_ws/install/apriltag_ros:/home/my11/ros2_ws/install/rrbot_gazebo:/home/my11/ros2_ws/install/rrbot_description:/home/my11/ros2_ws/install/plate_description:/home/my11/ros2_ws/install/opencv_test_py:/opt/ros/humble LD_LIBRARY_PATH=/home/my11/interbotix_ws/install/interbotix_xs_driver/lib:/home/my11/interbotix_ws/install/interbotix_xs_msgs/lib:/home/my11/interbotix_ws/install/dynamixel_workbench_toolbox/lib:/home/my11/apriltag_ws/install/apriltag_ros/lib:/usr/lib/x86_64-linux-gnu/gazebo-11/plugins:/opt/ros/humble/opt/rviz_ogre_vendor/lib:/opt/ros/humble/lib/x86_64-linux-gnu:/opt/ros/humble/lib:/usr/share/gazebo/../../lib/x86_64-linux-gnu/gazebo-11/plugins:/usr/share/gazebo/../../lib/x86_64-linux-gnu/gazebo-11/plugins:/usr/share/gazebo/../../lib/x86_64-linux-gnu/gazebo-11/plugins PYTHONPATH=/home/my11/interbotix_ws/install/interbotix_xs_msgs/local/lib/python3.10/dist-packages:${PYTHONPATH} /usr/bin/cmake --build /home/my11/interbotix_ws/build/interbotix_xs_sdk -- -j20 -l20
[23.672s] DEBUG:colcon.colcon_core.event_handler.log_command:Invoking command in '/home/my11/interbotix_ws/build/interbotix_xs_sdk': AMENT_PREFIX_PATH=/home/my11/interbotix_ws/install/interbotix_xs_driver:/home/my11/interbotix_ws/install/interbotix_xs_msgs:/home/my11/interbotix_ws/install/dynamixel_workbench_toolbox:${AMENT_PREFIX_PATH} CMAKE_PREFIX_PATH=/home/my11/interbotix_ws/install/interbotix_xs_driver:/home/my11/interbotix_ws/install/interbotix_xs_msgs:/home/my11/interbotix_ws/install/dynamixel_workbench_toolbox:/home/my11/apriltag_ws/install/apriltag_ros:/home/my11/ros2_ws/install/rrbot_gazebo:/home/my11/ros2_ws/install/rrbot_description:/home/my11/ros2_ws/install/plate_description:/home/my11/ros2_ws/install/opencv_test_py:/opt/ros/humble LD_LIBRARY_PATH=/home/my11/interbotix_ws/install/interbotix_xs_driver/lib:/home/my11/interbotix_ws/install/interbotix_xs_msgs/lib:/home/my11/interbotix_ws/install/dynamixel_workbench_toolbox/lib:/home/my11/apriltag_ws/install/apriltag_ros/lib:/usr/lib/x86_64-linux-gnu/gazebo-11/plugins:/opt/ros/humble/opt/rviz_ogre_vendor/lib:/opt/ros/humble/lib/x86_64-linux-gnu:/opt/ros/humble/lib:/usr/share/gazebo/../../lib/x86_64-linux-gnu/gazebo-11/plugins:/usr/share/gazebo/../../lib/x86_64-linux-gnu/gazebo-11/plugins:/usr/share/gazebo/../../lib/x86_64-linux-gnu/gazebo-11/plugins PYTHONPATH=/home/my11/interbotix_ws/install/interbotix_xs_msgs/local/lib/python3.10/dist-packages:${PYTHONPATH} /usr/bin/cmake --install /home/my11/interbotix_ws/build/interbotix_xs_sdk
[23.691s] Level 1:colcon.colcon_core.environment:create_environment_scripts_only(interbotix_xs_sdk)
[23.691s] DEBUG:colcon.colcon_core.event_handler.log_command:Invoked command in '/home/my11/interbotix_ws/build/interbotix_xs_sdk' returned '0': AMENT_PREFIX_PATH=/home/my11/interbotix_ws/install/interbotix_xs_driver:/home/my11/interbotix_ws/install/interbotix_xs_msgs:/home/my11/interbotix_ws/install/dynamixel_workbench_toolbox:${AMENT_PREFIX_PATH} CMAKE_PREFIX_PATH=/home/my11/interbotix_ws/install/interbotix_xs_driver:/home/my11/interbotix_ws/install/interbotix_xs_msgs:/home/my11/interbotix_ws/install/dynamixel_workbench_toolbox:/home/my11/apriltag_ws/install/apriltag_ros:/home/my11/ros2_ws/install/rrbot_gazebo:/home/my11/ros2_ws/install/rrbot_description:/home/my11/ros2_ws/install/plate_description:/home/my11/ros2_ws/install/opencv_test_py:/opt/ros/humble LD_LIBRARY_PATH=/home/my11/interbotix_ws/install/interbotix_xs_driver/lib:/home/my11/interbotix_ws/install/interbotix_xs_msgs/lib:/home/my11/interbotix_ws/install/dynamixel_workbench_toolbox/lib:/home/my11/apriltag_ws/install/apriltag_ros/lib:/usr/lib/x86_64-linux-gnu/gazebo-11/plugins:/opt/ros/humble/opt/rviz_ogre_vendor/lib:/opt/ros/humble/lib/x86_64-linux-gnu:/opt/ros/humble/lib:/usr/share/gazebo/../../lib/x86_64-linux-gnu/gazebo-11/plugins:/usr/share/gazebo/../../lib/x86_64-linux-gnu/gazebo-11/plugins:/usr/share/gazebo/../../lib/x86_64-linux-gnu/gazebo-11/plugins PYTHONPATH=/home/my11/interbotix_ws/install/interbotix_xs_msgs/local/lib/python3.10/dist-packages:${PYTHONPATH} /usr/bin/cmake --install /home/my11/interbotix_ws/build/interbotix_xs_sdk
[23.691s] Level 1:colcon.colcon_core.environment:checking '/home/my11/interbotix_ws/install/interbotix_xs_sdk' for CMake module files
[23.692s] Level 1:colcon.colcon_core.environment:checking '/home/my11/interbotix_ws/install/interbotix_xs_sdk' for CMake config files
[23.692s] Level 1:colcon.colcon_core.shell:create_environment_hook('interbotix_xs_sdk', 'cmake_prefix_path')
[23.692s] INFO:colcon.colcon_core.shell:Creating environment hook '/home/my11/interbotix_ws/install/interbotix_xs_sdk/share/interbotix_xs_sdk/hook/cmake_prefix_path.ps1'
[23.692s] INFO:colcon.colcon_core.shell:Creating environment descriptor '/home/my11/interbotix_ws/install/interbotix_xs_sdk/share/interbotix_xs_sdk/hook/cmake_prefix_path.dsv'
[23.693s] INFO:colcon.colcon_core.shell:Creating environment hook '/home/my11/interbotix_ws/install/interbotix_xs_sdk/share/interbotix_xs_sdk/hook/cmake_prefix_path.sh'
[23.693s] Level 1:colcon.colcon_core.environment:checking '/home/my11/interbotix_ws/install/interbotix_xs_sdk/lib'
[23.693s] Level 1:colcon.colcon_core.environment:checking '/home/my11/interbotix_ws/install/interbotix_xs_sdk/bin'
[23.693s] Level 1:colcon.colcon_core.environment:checking '/home/my11/interbotix_ws/install/interbotix_xs_sdk/lib/pkgconfig/interbotix_xs_sdk.pc'
[23.694s] Level 1:colcon.colcon_core.environment:checking '/home/my11/interbotix_ws/install/interbotix_xs_sdk/lib/python3.10/site-packages'
[23.694s] Level 1:colcon.colcon_core.environment:checking '/home/my11/interbotix_ws/install/interbotix_xs_sdk/bin'
[23.694s] INFO:colcon.colcon_core.shell:Creating package script '/home/my11/interbotix_ws/install/interbotix_xs_sdk/share/interbotix_xs_sdk/package.ps1'
[23.694s] INFO:colcon.colcon_core.shell:Creating package descriptor '/home/my11/interbotix_ws/install/interbotix_xs_sdk/share/interbotix_xs_sdk/package.dsv'
[23.695s] INFO:colcon.colcon_core.shell:Creating package script '/home/my11/interbotix_ws/install/interbotix_xs_sdk/share/interbotix_xs_sdk/package.sh'
[23.695s] INFO:colcon.colcon_core.shell:Creating package script '/home/my11/interbotix_ws/install/interbotix_xs_sdk/share/interbotix_xs_sdk/package.bash'
[23.695s] INFO:colcon.colcon_core.shell:Creating package script '/home/my11/interbotix_ws/install/interbotix_xs_sdk/share/interbotix_xs_sdk/package.zsh'
[23.695s] Level 1:colcon.colcon_core.environment:create_file_with_runtime_dependencies(/home/my11/interbotix_ws/install/interbotix_xs_sdk/share/colcon-core/packages/interbotix_xs_sdk)
[23.718s] Level 1:colcon.colcon_core.environment:create_environment_scripts_only(interbotix_xs_sdk)
[23.718s] Level 1:colcon.colcon_core.environment:checking '/home/my11/interbotix_ws/install/interbotix_xs_sdk' for CMake module files
[23.718s] Level 1:colcon.colcon_core.environment:checking '/home/my11/interbotix_ws/install/interbotix_xs_sdk' for CMake config files
[23.718s] Level 1:colcon.colcon_core.shell:create_environment_hook('interbotix_xs_sdk', 'cmake_prefix_path')
[23.718s] INFO:colcon.colcon_core.shell:Creating environment hook '/home/my11/interbotix_ws/install/interbotix_xs_sdk/share/interbotix_xs_sdk/hook/cmake_prefix_path.ps1'
[23.719s] INFO:colcon.colcon_core.shell:Creating environment descriptor '/home/my11/interbotix_ws/install/interbotix_xs_sdk/share/interbotix_xs_sdk/hook/cmake_prefix_path.dsv'
[23.719s] INFO:colcon.colcon_core.shell:Creating environment hook '/home/my11/interbotix_ws/install/interbotix_xs_sdk/share/interbotix_xs_sdk/hook/cmake_prefix_path.sh'
[23.719s] Level 1:colcon.colcon_core.environment:checking '/home/my11/interbotix_ws/install/interbotix_xs_sdk/lib'
[23.719s] Level 1:colcon.colcon_core.environment:checking '/home/my11/interbotix_ws/install/interbotix_xs_sdk/bin'
[23.719s] Level 1:colcon.colcon_core.environment:checking '/home/my11/interbotix_ws/install/interbotix_xs_sdk/lib/pkgconfig/interbotix_xs_sdk.pc'
[23.719s] Level 1:colcon.colcon_core.environment:checking '/home/my11/interbotix_ws/install/interbotix_xs_sdk/lib/python3.10/site-packages'
[23.719s] Level 1:colcon.colcon_core.environment:checking '/home/my11/interbotix_ws/install/interbotix_xs_sdk/bin'
[23.720s] INFO:colcon.colcon_core.shell:Creating package script '/home/my11/interbotix_ws/install/interbotix_xs_sdk/share/interbotix_xs_sdk/package.ps1'
[23.720s] INFO:colcon.colcon_core.shell:Creating package descriptor '/home/my11/interbotix_ws/install/interbotix_xs_sdk/share/interbotix_xs_sdk/package.dsv'
[23.720s] INFO:colcon.colcon_core.shell:Creating package script '/home/my11/interbotix_ws/install/interbotix_xs_sdk/share/interbotix_xs_sdk/package.sh'
[23.720s] INFO:colcon.colcon_core.shell:Creating package script '/home/my11/interbotix_ws/install/interbotix_xs_sdk/share/interbotix_xs_sdk/package.bash'
[23.720s] INFO:colcon.colcon_core.shell:Creating package script '/home/my11/interbotix_ws/install/interbotix_xs_sdk/share/interbotix_xs_sdk/package.zsh'
[23.721s] Level 1:colcon.colcon_core.environment:create_file_with_runtime_dependencies(/home/my11/interbotix_ws/install/interbotix_xs_sdk/share/colcon-core/packages/interbotix_xs_sdk)
[23.721s] INFO:colcon.colcon_ros.task.ament_python.build:Building ROS package in '/home/my11/interbotix_ws/src/interbotix_ros_toolboxes/interbotix_xs_toolbox/interbotix_xs_modules' with build type 'ament_python'
[23.721s] Level 1:colcon.colcon_core.shell:create_environment_hook('interbotix_xs_modules', 'ament_prefix_path')
[23.721s] INFO:colcon.colcon_core.shell:Creating environment hook '/home/my11/interbotix_ws/install/interbotix_xs_modules/share/interbotix_xs_modules/hook/ament_prefix_path.ps1'
[23.721s] INFO:colcon.colcon_core.shell:Creating environment descriptor '/home/my11/interbotix_ws/install/interbotix_xs_modules/share/interbotix_xs_modules/hook/ament_prefix_path.dsv'
[23.722s] INFO:colcon.colcon_core.shell:Creating environment hook '/home/my11/interbotix_ws/install/interbotix_xs_modules/share/interbotix_xs_modules/hook/ament_prefix_path.sh'
[23.722s] INFO:colcon.colcon_core.shell:Skip shell extension 'powershell' for command environment: Not usable outside of PowerShell
[23.722s] DEBUG:colcon.colcon_core.shell:Skip shell extension 'dsv' for command environment
[23.725s] INFO:colcon.colcon_ros.task.ament_cmake.build:Building ROS package in '/home/my11/interbotix_ws/src/interbotix_ros_toolboxes/interbotix_xs_toolbox/interbotix_xs_rviz' with build type 'ament_cmake'
[23.725s] INFO:colcon.colcon_cmake.task.cmake.build:Building CMake package in '/home/my11/interbotix_ws/src/interbotix_ros_toolboxes/interbotix_xs_toolbox/interbotix_xs_rviz'
[23.725s] INFO:colcon.colcon_core.shell:Skip shell extension 'powershell' for command environment: Not usable outside of PowerShell
[23.725s] DEBUG:colcon.colcon_core.shell:Skip shell extension 'dsv' for command environment
[23.729s] INFO:colcon.colcon_ros.task.ament_cmake.build:Building ROS package in '/home/my11/interbotix_ws/src/interbotix_ros_core/interbotix_ros_xseries/interbotix_ros_xseries' with build type 'ament_cmake'
[23.729s] INFO:colcon.colcon_cmake.task.cmake.build:Building CMake package in '/home/my11/interbotix_ws/src/interbotix_ros_core/interbotix_ros_xseries/interbotix_ros_xseries'
[23.729s] INFO:colcon.colcon_core.shell:Skip shell extension 'powershell' for command environment: Not usable outside of PowerShell
[23.729s] DEBUG:colcon.colcon_core.shell:Skip shell extension 'dsv' for command environment
[23.877s] INFO:colcon.colcon_core.task.python.build:Building Python package in '/home/my11/interbotix_ws/src/interbotix_ros_toolboxes/interbotix_xs_toolbox/interbotix_xs_modules'
[23.877s] INFO:colcon.colcon_core.shell:Skip shell extension 'powershell' for command environment: Not usable outside of PowerShell
[23.877s] DEBUG:colcon.colcon_core.shell:Skip shell extension 'dsv' for command environment
[23.881s] DEBUG:colcon.colcon_core.event_handler.log_command:Invoking command in '/home/my11/interbotix_ws/build/interbotix_xs_rviz': AMENT_PREFIX_PATH=/home/my11/interbotix_ws/install/interbotix_xs_sdk:/home/my11/interbotix_ws/install/interbotix_xs_driver:/home/my11/interbotix_ws/install/interbotix_xs_msgs:/home/my11/interbotix_ws/install/dynamixel_workbench_toolbox:${AMENT_PREFIX_PATH} CMAKE_PREFIX_PATH=/home/my11/interbotix_ws/install/interbotix_xs_sdk:/home/my11/interbotix_ws/install/interbotix_xs_driver:/home/my11/interbotix_ws/install/interbotix_xs_msgs:/home/my11/interbotix_ws/install/dynamixel_workbench_toolbox:/home/my11/apriltag_ws/install/apriltag_ros:/home/my11/ros2_ws/install/rrbot_gazebo:/home/my11/ros2_ws/install/rrbot_description:/home/my11/ros2_ws/install/plate_description:/home/my11/ros2_ws/install/opencv_test_py:/opt/ros/humble LD_LIBRARY_PATH=/home/my11/interbotix_ws/install/interbotix_xs_driver/lib:/home/my11/interbotix_ws/install/interbotix_xs_msgs/lib:/home/my11/interbotix_ws/install/dynamixel_workbench_toolbox/lib:/home/my11/apriltag_ws/install/apriltag_ros/lib:/usr/lib/x86_64-linux-gnu/gazebo-11/plugins:/opt/ros/humble/opt/rviz_ogre_vendor/lib:/opt/ros/humble/lib/x86_64-linux-gnu:/opt/ros/humble/lib:/usr/share/gazebo/../../lib/x86_64-linux-gnu/gazebo-11/plugins:/usr/share/gazebo/../../lib/x86_64-linux-gnu/gazebo-11/plugins:/usr/share/gazebo/../../lib/x86_64-linux-gnu/gazebo-11/plugins PYTHONPATH=/home/my11/interbotix_ws/install/interbotix_xs_msgs/local/lib/python3.10/dist-packages:${PYTHONPATH} /usr/bin/cmake /home/my11/interbotix_ws/src/interbotix_ros_toolboxes/interbotix_xs_toolbox/interbotix_xs_rviz -DCMAKE_INSTALL_PREFIX=/home/my11/interbotix_ws/install/interbotix_xs_rviz
[23.882s] DEBUG:colcon.colcon_core.event_handler.log_command:Invoking command in '/home/my11/interbotix_ws/build/interbotix_ros_xseries': AMENT_PREFIX_PATH=/home/my11/interbotix_ws/install/interbotix_xs_sdk:/home/my11/interbotix_ws/install/interbotix_xs_driver:/home/my11/interbotix_ws/install/interbotix_xs_msgs:/home/my11/interbotix_ws/install/dynamixel_workbench_toolbox:${AMENT_PREFIX_PATH} CMAKE_PREFIX_PATH=/home/my11/interbotix_ws/install/interbotix_xs_sdk:/home/my11/interbotix_ws/install/interbotix_xs_driver:/home/my11/interbotix_ws/install/interbotix_xs_msgs:/home/my11/interbotix_ws/install/dynamixel_workbench_toolbox:/home/my11/apriltag_ws/install/apriltag_ros:/home/my11/ros2_ws/install/rrbot_gazebo:/home/my11/ros2_ws/install/rrbot_description:/home/my11/ros2_ws/install/plate_description:/home/my11/ros2_ws/install/opencv_test_py:/opt/ros/humble LD_LIBRARY_PATH=/home/my11/interbotix_ws/install/interbotix_xs_driver/lib:/home/my11/interbotix_ws/install/interbotix_xs_msgs/lib:/home/my11/interbotix_ws/install/dynamixel_workbench_toolbox/lib:/home/my11/apriltag_ws/install/apriltag_ros/lib:/usr/lib/x86_64-linux-gnu/gazebo-11/plugins:/opt/ros/humble/opt/rviz_ogre_vendor/lib:/opt/ros/humble/lib/x86_64-linux-gnu:/opt/ros/humble/lib:/usr/share/gazebo/../../lib/x86_64-linux-gnu/gazebo-11/plugins:/usr/share/gazebo/../../lib/x86_64-linux-gnu/gazebo-11/plugins:/usr/share/gazebo/../../lib/x86_64-linux-gnu/gazebo-11/plugins PYTHONPATH=/home/my11/interbotix_ws/install/interbotix_xs_msgs/local/lib/python3.10/dist-packages:${PYTHONPATH} /usr/bin/cmake /home/my11/interbotix_ws/src/interbotix_ros_core/interbotix_ros_xseries/interbotix_ros_xseries -DCMAKE_INSTALL_PREFIX=/home/my11/interbotix_ws/install/interbotix_ros_xseries
[24.102s] DEBUG:colcon.colcon_core.event_handler.log_command:Invoking command in '/home/my11/interbotix_ws/src/interbotix_ros_toolboxes/interbotix_xs_toolbox/interbotix_xs_modules': AMENT_PREFIX_PATH=/home/my11/interbotix_ws/install/interbotix_xs_sdk:/home/my11/interbotix_ws/install/interbotix_xs_driver:/home/my11/interbotix_ws/install/interbotix_xs_msgs:/home/my11/interbotix_ws/install/interbotix_common_modules:/home/my11/interbotix_ws/install/dynamixel_workbench_toolbox:${AMENT_PREFIX_PATH} CMAKE_PREFIX_PATH=/home/my11/interbotix_ws/install/interbotix_xs_sdk:/home/my11/interbotix_ws/install/interbotix_xs_driver:/home/my11/interbotix_ws/install/interbotix_xs_msgs:/home/my11/interbotix_ws/install/dynamixel_workbench_toolbox:${CMAKE_PREFIX_PATH} LD_LIBRARY_PATH=/home/my11/interbotix_ws/install/interbotix_xs_driver/lib:/home/my11/interbotix_ws/install/interbotix_xs_msgs/lib:/home/my11/interbotix_ws/install/dynamixel_workbench_toolbox/lib:/home/my11/apriltag_ws/install/apriltag_ros/lib:/usr/lib/x86_64-linux-gnu/gazebo-11/plugins:/opt/ros/humble/opt/rviz_ogre_vendor/lib:/opt/ros/humble/lib/x86_64-linux-gnu:/opt/ros/humble/lib:/usr/share/gazebo/../../lib/x86_64-linux-gnu/gazebo-11/plugins:/usr/share/gazebo/../../lib/x86_64-linux-gnu/gazebo-11/plugins:/usr/share/gazebo/../../lib/x86_64-linux-gnu/gazebo-11/plugins PYTHONPATH=/home/my11/interbotix_ws/build/interbotix_xs_modules/prefix_override:/usr/lib/python3/dist-packages/colcon_core/task/python/colcon_distutils_commands:/home/my11/interbotix_ws/install/interbotix_xs_modules/lib/python3.10/site-packages:/home/my11/interbotix_ws/install/interbotix_xs_msgs/local/lib/python3.10/dist-packages:/home/my11/interbotix_ws/install/interbotix_common_modules/lib/python3.10/site-packages:${PYTHONPATH} /usr/bin/python3 -W ignore:setup.py install is deprecated setup.py egg_info --egg-base ../../../../build/interbotix_xs_modules build --build-base /home/my11/interbotix_ws/build/interbotix_xs_modules/build install --record /home/my11/interbotix_ws/build/interbotix_xs_modules/install.log --single-version-externally-managed install_data
[24.133s] DEBUG:colcon.colcon_core.event_handler.log_command:Invoked command in '/home/my11/interbotix_ws/build/interbotix_moveit_interface' returned '0': AMENT_PREFIX_PATH=/home/my11/interbotix_ws/install/moveit_visual_tools:/home/my11/interbotix_ws/install/interbotix_moveit_interface_msgs:${AMENT_PREFIX_PATH} CMAKE_PREFIX_PATH=/home/my11/interbotix_ws/install/moveit_visual_tools:/home/my11/interbotix_ws/install/interbotix_moveit_interface_msgs:/home/my11/apriltag_ws/install/apriltag_ros:/home/my11/ros2_ws/install/rrbot_gazebo:/home/my11/ros2_ws/install/rrbot_description:/home/my11/ros2_ws/install/plate_description:/home/my11/ros2_ws/install/opencv_test_py:/opt/ros/humble LD_LIBRARY_PATH=/home/my11/interbotix_ws/install/moveit_visual_tools/lib:/home/my11/interbotix_ws/install/interbotix_moveit_interface_msgs/lib:/home/my11/apriltag_ws/install/apriltag_ros/lib:/usr/lib/x86_64-linux-gnu/gazebo-11/plugins:/opt/ros/humble/opt/rviz_ogre_vendor/lib:/opt/ros/humble/lib/x86_64-linux-gnu:/opt/ros/humble/lib:/usr/share/gazebo/../../lib/x86_64-linux-gnu/gazebo-11/plugins:/usr/share/gazebo/../../lib/x86_64-linux-gnu/gazebo-11/plugins:/usr/share/gazebo/../../lib/x86_64-linux-gnu/gazebo-11/plugins PYTHONPATH=/home/my11/interbotix_ws/install/interbotix_moveit_interface_msgs/local/lib/python3.10/dist-packages:${PYTHONPATH} /usr/bin/cmake /home/my11/interbotix_ws/src/interbotix_ros_toolboxes/interbotix_common_toolbox/interbotix_moveit_interface -DCMAKE_INSTALL_PREFIX=/home/my11/interbotix_ws/install/interbotix_moveit_interface
[24.134s] DEBUG:colcon.colcon_core.event_handler.log_command:Invoking command in '/home/my11/interbotix_ws/build/interbotix_moveit_interface': AMENT_PREFIX_PATH=/home/my11/interbotix_ws/install/moveit_visual_tools:/home/my11/interbotix_ws/install/interbotix_moveit_interface_msgs:${AMENT_PREFIX_PATH} CMAKE_PREFIX_PATH=/home/my11/interbotix_ws/install/moveit_visual_tools:/home/my11/interbotix_ws/install/interbotix_moveit_interface_msgs:/home/my11/apriltag_ws/install/apriltag_ros:/home/my11/ros2_ws/install/rrbot_gazebo:/home/my11/ros2_ws/install/rrbot_description:/home/my11/ros2_ws/install/plate_description:/home/my11/ros2_ws/install/opencv_test_py:/opt/ros/humble LD_LIBRARY_PATH=/home/my11/interbotix_ws/install/moveit_visual_tools/lib:/home/my11/interbotix_ws/install/interbotix_moveit_interface_msgs/lib:/home/my11/apriltag_ws/install/apriltag_ros/lib:/usr/lib/x86_64-linux-gnu/gazebo-11/plugins:/opt/ros/humble/opt/rviz_ogre_vendor/lib:/opt/ros/humble/lib/x86_64-linux-gnu:/opt/ros/humble/lib:/usr/share/gazebo/../../lib/x86_64-linux-gnu/gazebo-11/plugins:/usr/share/gazebo/../../lib/x86_64-linux-gnu/gazebo-11/plugins:/usr/share/gazebo/../../lib/x86_64-linux-gnu/gazebo-11/plugins PYTHONPATH=/home/my11/interbotix_ws/install/interbotix_moveit_interface_msgs/local/lib/python3.10/dist-packages:${PYTHONPATH} /usr/bin/cmake --build /home/my11/interbotix_ws/build/interbotix_moveit_interface -- -j20 -l20
[24.308s] Level 1:colcon.colcon_core.environment:checking '/home/my11/interbotix_ws/install/interbotix_xs_modules' for CMake module files
[24.309s] DEBUG:colcon.colcon_core.event_handler.log_command:Invoked command in '/home/my11/interbotix_ws/src/interbotix_ros_toolboxes/interbotix_xs_toolbox/interbotix_xs_modules' returned '0': AMENT_PREFIX_PATH=/home/my11/interbotix_ws/install/interbotix_xs_sdk:/home/my11/interbotix_ws/install/interbotix_xs_driver:/home/my11/interbotix_ws/install/interbotix_xs_msgs:/home/my11/interbotix_ws/install/interbotix_common_modules:/home/my11/interbotix_ws/install/dynamixel_workbench_toolbox:${AMENT_PREFIX_PATH} CMAKE_PREFIX_PATH=/home/my11/interbotix_ws/install/interbotix_xs_sdk:/home/my11/interbotix_ws/install/interbotix_xs_driver:/home/my11/interbotix_ws/install/interbotix_xs_msgs:/home/my11/interbotix_ws/install/dynamixel_workbench_toolbox:${CMAKE_PREFIX_PATH} LD_LIBRARY_PATH=/home/my11/interbotix_ws/install/interbotix_xs_driver/lib:/home/my11/interbotix_ws/install/interbotix_xs_msgs/lib:/home/my11/interbotix_ws/install/dynamixel_workbench_toolbox/lib:/home/my11/apriltag_ws/install/apriltag_ros/lib:/usr/lib/x86_64-linux-gnu/gazebo-11/plugins:/opt/ros/humble/opt/rviz_ogre_vendor/lib:/opt/ros/humble/lib/x86_64-linux-gnu:/opt/ros/humble/lib:/usr/share/gazebo/../../lib/x86_64-linux-gnu/gazebo-11/plugins:/usr/share/gazebo/../../lib/x86_64-linux-gnu/gazebo-11/plugins:/usr/share/gazebo/../../lib/x86_64-linux-gnu/gazebo-11/plugins PYTHONPATH=/home/my11/interbotix_ws/build/interbotix_xs_modules/prefix_override:/usr/lib/python3/dist-packages/colcon_core/task/python/colcon_distutils_commands:/home/my11/interbotix_ws/install/interbotix_xs_modules/lib/python3.10/site-packages:/home/my11/interbotix_ws/install/interbotix_xs_msgs/local/lib/python3.10/dist-packages:/home/my11/interbotix_ws/install/interbotix_common_modules/lib/python3.10/site-packages:${PYTHONPATH} /usr/bin/python3 -W ignore:setup.py install is deprecated setup.py egg_info --egg-base ../../../../build/interbotix_xs_modules build --build-base /home/my11/interbotix_ws/build/interbotix_xs_modules/build install --record /home/my11/interbotix_ws/build/interbotix_xs_modules/install.log --single-version-externally-managed install_data
[24.309s] Level 1:colcon.colcon_core.environment:checking '/home/my11/interbotix_ws/install/interbotix_xs_modules' for CMake config files
[24.309s] Level 1:colcon.colcon_core.environment:checking '/home/my11/interbotix_ws/install/interbotix_xs_modules/lib'
[24.309s] Level 1:colcon.colcon_core.environment:checking '/home/my11/interbotix_ws/install/interbotix_xs_modules/bin'
[24.309s] Level 1:colcon.colcon_core.environment:checking '/home/my11/interbotix_ws/install/interbotix_xs_modules/lib/pkgconfig/interbotix_xs_modules.pc'
[24.309s] Level 1:colcon.colcon_core.environment:checking '/home/my11/interbotix_ws/install/interbotix_xs_modules/lib/python3.10/site-packages'
[24.309s] Level 1:colcon.colcon_core.shell:create_environment_hook('interbotix_xs_modules', 'pythonpath')
[24.309s] INFO:colcon.colcon_core.shell:Creating environment hook '/home/my11/interbotix_ws/install/interbotix_xs_modules/share/interbotix_xs_modules/hook/pythonpath.ps1'
[24.311s] INFO:colcon.colcon_core.shell:Creating environment descriptor '/home/my11/interbotix_ws/install/interbotix_xs_modules/share/interbotix_xs_modules/hook/pythonpath.dsv'
[24.311s] INFO:colcon.colcon_core.shell:Creating environment hook '/home/my11/interbotix_ws/install/interbotix_xs_modules/share/interbotix_xs_modules/hook/pythonpath.sh'
[24.311s] Level 1:colcon.colcon_core.environment:checking '/home/my11/interbotix_ws/install/interbotix_xs_modules/bin'
[24.311s] Level 1:colcon.colcon_core.environment:create_environment_scripts_only(interbotix_xs_modules)
[24.311s] INFO:colcon.colcon_core.shell:Creating package script '/home/my11/interbotix_ws/install/interbotix_xs_modules/share/interbotix_xs_modules/package.ps1'
[24.312s] INFO:colcon.colcon_core.shell:Creating package descriptor '/home/my11/interbotix_ws/install/interbotix_xs_modules/share/interbotix_xs_modules/package.dsv'
[24.312s] INFO:colcon.colcon_core.shell:Creating package script '/home/my11/interbotix_ws/install/interbotix_xs_modules/share/interbotix_xs_modules/package.sh'
[24.312s] INFO:colcon.colcon_core.shell:Creating package script '/home/my11/interbotix_ws/install/interbotix_xs_modules/share/interbotix_xs_modules/package.bash'
[24.312s] INFO:colcon.colcon_core.shell:Creating package script '/home/my11/interbotix_ws/install/interbotix_xs_modules/share/interbotix_xs_modules/package.zsh'
[24.312s] Level 1:colcon.colcon_core.environment:create_file_with_runtime_dependencies(/home/my11/interbotix_ws/install/interbotix_xs_modules/share/colcon-core/packages/interbotix_xs_modules)
[24.312s] INFO:colcon.colcon_ros.task.ament_cmake.build:Building ROS package in '/home/my11/interbotix_ws/src/interbotix_ros_manipulators/interbotix_ros_xsarms/interbotix_xsarm_descriptions' with build type 'ament_cmake'
[24.312s] INFO:colcon.colcon_cmake.task.cmake.build:Building CMake package in '/home/my11/interbotix_ws/src/interbotix_ros_manipulators/interbotix_ros_xsarms/interbotix_xsarm_descriptions'
[24.313s] INFO:colcon.colcon_core.shell:Skip shell extension 'powershell' for command environment: Not usable outside of PowerShell
[24.313s] DEBUG:colcon.colcon_core.shell:Skip shell extension 'dsv' for command environment
[24.325s] DEBUG:colcon.colcon_core.event_handler.log_command:Invoking command in '/home/my11/interbotix_ws/build/interbotix_xsarm_descriptions': AMENT_PREFIX_PATH=/home/my11/interbotix_ws/install/interbotix_xs_modules:/home/my11/interbotix_ws/install/interbotix_xs_sdk:/home/my11/interbotix_ws/install/interbotix_xs_driver:/home/my11/interbotix_ws/install/interbotix_xs_msgs:/home/my11/interbotix_ws/install/interbotix_common_modules:/home/my11/interbotix_ws/install/dynamixel_workbench_toolbox:${AMENT_PREFIX_PATH} CMAKE_PREFIX_PATH=/home/my11/interbotix_ws/install/interbotix_xs_sdk:/home/my11/interbotix_ws/install/interbotix_xs_driver:/home/my11/interbotix_ws/install/interbotix_xs_msgs:/home/my11/interbotix_ws/install/dynamixel_workbench_toolbox:/home/my11/apriltag_ws/install/apriltag_ros:/home/my11/ros2_ws/install/rrbot_gazebo:/home/my11/ros2_ws/install/rrbot_description:/home/my11/ros2_ws/install/plate_description:/home/my11/ros2_ws/install/opencv_test_py:/opt/ros/humble LD_LIBRARY_PATH=/home/my11/interbotix_ws/install/interbotix_xs_driver/lib:/home/my11/interbotix_ws/install/interbotix_xs_msgs/lib:/home/my11/interbotix_ws/install/dynamixel_workbench_toolbox/lib:/home/my11/apriltag_ws/install/apriltag_ros/lib:/usr/lib/x86_64-linux-gnu/gazebo-11/plugins:/opt/ros/humble/opt/rviz_ogre_vendor/lib:/opt/ros/humble/lib/x86_64-linux-gnu:/opt/ros/humble/lib:/usr/share/gazebo/../../lib/x86_64-linux-gnu/gazebo-11/plugins:/usr/share/gazebo/../../lib/x86_64-linux-gnu/gazebo-11/plugins:/usr/share/gazebo/../../lib/x86_64-linux-gnu/gazebo-11/plugins PYTHONPATH=/home/my11/interbotix_ws/install/interbotix_xs_modules/lib/python3.10/site-packages:/home/my11/interbotix_ws/install/interbotix_xs_msgs/local/lib/python3.10/dist-packages:/home/my11/interbotix_ws/install/interbotix_common_modules/lib/python3.10/site-packages:${PYTHONPATH} /usr/bin/cmake /home/my11/interbotix_ws/src/interbotix_ros_manipulators/interbotix_ros_xsarms/interbotix_xsarm_descriptions -DCMAKE_INSTALL_PREFIX=/home/my11/interbotix_ws/install/interbotix_xsarm_descriptions
[24.326s] DEBUG:colcon.colcon_core.event_handler.log_command:Invoked command in '/home/my11/interbotix_ws/build/interbotix_ros_xseries' returned '0': AMENT_PREFIX_PATH=/home/my11/interbotix_ws/install/interbotix_xs_sdk:/home/my11/interbotix_ws/install/interbotix_xs_driver:/home/my11/interbotix_ws/install/interbotix_xs_msgs:/home/my11/interbotix_ws/install/dynamixel_workbench_toolbox:${AMENT_PREFIX_PATH} CMAKE_PREFIX_PATH=/home/my11/interbotix_ws/install/interbotix_xs_sdk:/home/my11/interbotix_ws/install/interbotix_xs_driver:/home/my11/interbotix_ws/install/interbotix_xs_msgs:/home/my11/interbotix_ws/install/dynamixel_workbench_toolbox:/home/my11/apriltag_ws/install/apriltag_ros:/home/my11/ros2_ws/install/rrbot_gazebo:/home/my11/ros2_ws/install/rrbot_description:/home/my11/ros2_ws/install/plate_description:/home/my11/ros2_ws/install/opencv_test_py:/opt/ros/humble LD_LIBRARY_PATH=/home/my11/interbotix_ws/install/interbotix_xs_driver/lib:/home/my11/interbotix_ws/install/interbotix_xs_msgs/lib:/home/my11/interbotix_ws/install/dynamixel_workbench_toolbox/lib:/home/my11/apriltag_ws/install/apriltag_ros/lib:/usr/lib/x86_64-linux-gnu/gazebo-11/plugins:/opt/ros/humble/opt/rviz_ogre_vendor/lib:/opt/ros/humble/lib/x86_64-linux-gnu:/opt/ros/humble/lib:/usr/share/gazebo/../../lib/x86_64-linux-gnu/gazebo-11/plugins:/usr/share/gazebo/../../lib/x86_64-linux-gnu/gazebo-11/plugins:/usr/share/gazebo/../../lib/x86_64-linux-gnu/gazebo-11/plugins PYTHONPATH=/home/my11/interbotix_ws/install/interbotix_xs_msgs/local/lib/python3.10/dist-packages:${PYTHONPATH} /usr/bin/cmake /home/my11/interbotix_ws/src/interbotix_ros_core/interbotix_ros_xseries/interbotix_ros_xseries -DCMAKE_INSTALL_PREFIX=/home/my11/interbotix_ws/install/interbotix_ros_xseries
[24.327s] DEBUG:colcon.colcon_core.event_handler.log_command:Invoking command in '/home/my11/interbotix_ws/build/interbotix_ros_xseries': AMENT_PREFIX_PATH=/home/my11/interbotix_ws/install/interbotix_xs_sdk:/home/my11/interbotix_ws/install/interbotix_xs_driver:/home/my11/interbotix_ws/install/interbotix_xs_msgs:/home/my11/interbotix_ws/install/dynamixel_workbench_toolbox:${AMENT_PREFIX_PATH} CMAKE_PREFIX_PATH=/home/my11/interbotix_ws/install/interbotix_xs_sdk:/home/my11/interbotix_ws/install/interbotix_xs_driver:/home/my11/interbotix_ws/install/interbotix_xs_msgs:/home/my11/interbotix_ws/install/dynamixel_workbench_toolbox:/home/my11/apriltag_ws/install/apriltag_ros:/home/my11/ros2_ws/install/rrbot_gazebo:/home/my11/ros2_ws/install/rrbot_description:/home/my11/ros2_ws/install/plate_description:/home/my11/ros2_ws/install/opencv_test_py:/opt/ros/humble LD_LIBRARY_PATH=/home/my11/interbotix_ws/install/interbotix_xs_driver/lib:/home/my11/interbotix_ws/install/interbotix_xs_msgs/lib:/home/my11/interbotix_ws/install/dynamixel_workbench_toolbox/lib:/home/my11/apriltag_ws/install/apriltag_ros/lib:/usr/lib/x86_64-linux-gnu/gazebo-11/plugins:/opt/ros/humble/opt/rviz_ogre_vendor/lib:/opt/ros/humble/lib/x86_64-linux-gnu:/opt/ros/humble/lib:/usr/share/gazebo/../../lib/x86_64-linux-gnu/gazebo-11/plugins:/usr/share/gazebo/../../lib/x86_64-linux-gnu/gazebo-11/plugins:/usr/share/gazebo/../../lib/x86_64-linux-gnu/gazebo-11/plugins PYTHONPATH=/home/my11/interbotix_ws/install/interbotix_xs_msgs/local/lib/python3.10/dist-packages:${PYTHONPATH} /usr/bin/cmake --build /home/my11/interbotix_ws/build/interbotix_ros_xseries -- -j20 -l20
[24.359s] DEBUG:colcon.colcon_core.event_handler.log_command:Invoked command in '/home/my11/interbotix_ws/build/interbotix_ros_xseries' returned '0': AMENT_PREFIX_PATH=/home/my11/interbotix_ws/install/interbotix_xs_sdk:/home/my11/interbotix_ws/install/interbotix_xs_driver:/home/my11/interbotix_ws/install/interbotix_xs_msgs:/home/my11/interbotix_ws/install/dynamixel_workbench_toolbox:${AMENT_PREFIX_PATH} CMAKE_PREFIX_PATH=/home/my11/interbotix_ws/install/interbotix_xs_sdk:/home/my11/interbotix_ws/install/interbotix_xs_driver:/home/my11/interbotix_ws/install/interbotix_xs_msgs:/home/my11/interbotix_ws/install/dynamixel_workbench_toolbox:/home/my11/apriltag_ws/install/apriltag_ros:/home/my11/ros2_ws/install/rrbot_gazebo:/home/my11/ros2_ws/install/rrbot_description:/home/my11/ros2_ws/install/plate_description:/home/my11/ros2_ws/install/opencv_test_py:/opt/ros/humble LD_LIBRARY_PATH=/home/my11/interbotix_ws/install/interbotix_xs_driver/lib:/home/my11/interbotix_ws/install/interbotix_xs_msgs/lib:/home/my11/interbotix_ws/install/dynamixel_workbench_toolbox/lib:/home/my11/apriltag_ws/install/apriltag_ros/lib:/usr/lib/x86_64-linux-gnu/gazebo-11/plugins:/opt/ros/humble/opt/rviz_ogre_vendor/lib:/opt/ros/humble/lib/x86_64-linux-gnu:/opt/ros/humble/lib:/usr/share/gazebo/../../lib/x86_64-linux-gnu/gazebo-11/plugins:/usr/share/gazebo/../../lib/x86_64-linux-gnu/gazebo-11/plugins:/usr/share/gazebo/../../lib/x86_64-linux-gnu/gazebo-11/plugins PYTHONPATH=/home/my11/interbotix_ws/install/interbotix_xs_msgs/local/lib/python3.10/dist-packages:${PYTHONPATH} /usr/bin/cmake --build /home/my11/interbotix_ws/build/interbotix_ros_xseries -- -j20 -l20
[24.382s] DEBUG:colcon.colcon_core.event_handler.log_command:Invoking command in '/home/my11/interbotix_ws/build/interbotix_ros_xseries': AMENT_PREFIX_PATH=/home/my11/interbotix_ws/install/interbotix_xs_sdk:/home/my11/interbotix_ws/install/interbotix_xs_driver:/home/my11/interbotix_ws/install/interbotix_xs_msgs:/home/my11/interbotix_ws/install/dynamixel_workbench_toolbox:${AMENT_PREFIX_PATH} CMAKE_PREFIX_PATH=/home/my11/interbotix_ws/install/interbotix_xs_sdk:/home/my11/interbotix_ws/install/interbotix_xs_driver:/home/my11/interbotix_ws/install/interbotix_xs_msgs:/home/my11/interbotix_ws/install/dynamixel_workbench_toolbox:/home/my11/apriltag_ws/install/apriltag_ros:/home/my11/ros2_ws/install/rrbot_gazebo:/home/my11/ros2_ws/install/rrbot_description:/home/my11/ros2_ws/install/plate_description:/home/my11/ros2_ws/install/opencv_test_py:/opt/ros/humble LD_LIBRARY_PATH=/home/my11/interbotix_ws/install/interbotix_xs_driver/lib:/home/my11/interbotix_ws/install/interbotix_xs_msgs/lib:/home/my11/interbotix_ws/install/dynamixel_workbench_toolbox/lib:/home/my11/apriltag_ws/install/apriltag_ros/lib:/usr/lib/x86_64-linux-gnu/gazebo-11/plugins:/opt/ros/humble/opt/rviz_ogre_vendor/lib:/opt/ros/humble/lib/x86_64-linux-gnu:/opt/ros/humble/lib:/usr/share/gazebo/../../lib/x86_64-linux-gnu/gazebo-11/plugins:/usr/share/gazebo/../../lib/x86_64-linux-gnu/gazebo-11/plugins:/usr/share/gazebo/../../lib/x86_64-linux-gnu/gazebo-11/plugins PYTHONPATH=/home/my11/interbotix_ws/install/interbotix_xs_msgs/local/lib/python3.10/dist-packages:${PYTHONPATH} /usr/bin/cmake --install /home/my11/interbotix_ws/build/interbotix_ros_xseries
[24.387s] Level 1:colcon.colcon_core.environment:create_environment_scripts_only(interbotix_ros_xseries)
[24.387s] Level 1:colcon.colcon_core.environment:checking '/home/my11/interbotix_ws/install/interbotix_ros_xseries' for CMake module files
[24.387s] DEBUG:colcon.colcon_core.event_handler.log_command:Invoked command in '/home/my11/interbotix_ws/build/interbotix_ros_xseries' returned '0': AMENT_PREFIX_PATH=/home/my11/interbotix_ws/install/interbotix_xs_sdk:/home/my11/interbotix_ws/install/interbotix_xs_driver:/home/my11/interbotix_ws/install/interbotix_xs_msgs:/home/my11/interbotix_ws/install/dynamixel_workbench_toolbox:${AMENT_PREFIX_PATH} CMAKE_PREFIX_PATH=/home/my11/interbotix_ws/install/interbotix_xs_sdk:/home/my11/interbotix_ws/install/interbotix_xs_driver:/home/my11/interbotix_ws/install/interbotix_xs_msgs:/home/my11/interbotix_ws/install/dynamixel_workbench_toolbox:/home/my11/apriltag_ws/install/apriltag_ros:/home/my11/ros2_ws/install/rrbot_gazebo:/home/my11/ros2_ws/install/rrbot_description:/home/my11/ros2_ws/install/plate_description:/home/my11/ros2_ws/install/opencv_test_py:/opt/ros/humble LD_LIBRARY_PATH=/home/my11/interbotix_ws/install/interbotix_xs_driver/lib:/home/my11/interbotix_ws/install/interbotix_xs_msgs/lib:/home/my11/interbotix_ws/install/dynamixel_workbench_toolbox/lib:/home/my11/apriltag_ws/install/apriltag_ros/lib:/usr/lib/x86_64-linux-gnu/gazebo-11/plugins:/opt/ros/humble/opt/rviz_ogre_vendor/lib:/opt/ros/humble/lib/x86_64-linux-gnu:/opt/ros/humble/lib:/usr/share/gazebo/../../lib/x86_64-linux-gnu/gazebo-11/plugins:/usr/share/gazebo/../../lib/x86_64-linux-gnu/gazebo-11/plugins:/usr/share/gazebo/../../lib/x86_64-linux-gnu/gazebo-11/plugins PYTHONPATH=/home/my11/interbotix_ws/install/interbotix_xs_msgs/local/lib/python3.10/dist-packages:${PYTHONPATH} /usr/bin/cmake --install /home/my11/interbotix_ws/build/interbotix_ros_xseries
[24.387s] Level 1:colcon.colcon_core.environment:checking '/home/my11/interbotix_ws/install/interbotix_ros_xseries' for CMake config files
[24.388s] Level 1:colcon.colcon_core.shell:create_environment_hook('interbotix_ros_xseries', 'cmake_prefix_path')
[24.388s] INFO:colcon.colcon_core.shell:Creating environment hook '/home/my11/interbotix_ws/install/interbotix_ros_xseries/share/interbotix_ros_xseries/hook/cmake_prefix_path.ps1'
[24.388s] INFO:colcon.colcon_core.shell:Creating environment descriptor '/home/my11/interbotix_ws/install/interbotix_ros_xseries/share/interbotix_ros_xseries/hook/cmake_prefix_path.dsv'
[24.388s] INFO:colcon.colcon_core.shell:Creating environment hook '/home/my11/interbotix_ws/install/interbotix_ros_xseries/share/interbotix_ros_xseries/hook/cmake_prefix_path.sh'
[24.388s] Level 1:colcon.colcon_core.environment:checking '/home/my11/interbotix_ws/install/interbotix_ros_xseries/bin'
[24.388s] Level 1:colcon.colcon_core.environment:checking '/home/my11/interbotix_ws/install/interbotix_ros_xseries/lib/pkgconfig/interbotix_ros_xseries.pc'
[24.389s] Level 1:colcon.colcon_core.environment:checking '/home/my11/interbotix_ws/install/interbotix_ros_xseries/lib/python3.10/site-packages'
[24.389s] Level 1:colcon.colcon_core.environment:checking '/home/my11/interbotix_ws/install/interbotix_ros_xseries/bin'
[24.389s] INFO:colcon.colcon_core.shell:Creating package script '/home/my11/interbotix_ws/install/interbotix_ros_xseries/share/interbotix_ros_xseries/package.ps1'
[24.389s] INFO:colcon.colcon_core.shell:Creating package descriptor '/home/my11/interbotix_ws/install/interbotix_ros_xseries/share/interbotix_ros_xseries/package.dsv'
[24.389s] INFO:colcon.colcon_core.shell:Creating package script '/home/my11/interbotix_ws/install/interbotix_ros_xseries/share/interbotix_ros_xseries/package.sh'
[24.389s] INFO:colcon.colcon_core.shell:Creating package script '/home/my11/interbotix_ws/install/interbotix_ros_xseries/share/interbotix_ros_xseries/package.bash'
[24.390s] INFO:colcon.colcon_core.shell:Creating package script '/home/my11/interbotix_ws/install/interbotix_ros_xseries/share/interbotix_ros_xseries/package.zsh'
[24.390s] Level 1:colcon.colcon_core.environment:create_file_with_runtime_dependencies(/home/my11/interbotix_ws/install/interbotix_ros_xseries/share/colcon-core/packages/interbotix_ros_xseries)
[24.407s] Level 1:colcon.colcon_core.environment:create_environment_scripts_only(interbotix_ros_xseries)
[24.408s] Level 1:colcon.colcon_core.environment:checking '/home/my11/interbotix_ws/install/interbotix_ros_xseries' for CMake module files
[24.408s] Level 1:colcon.colcon_core.environment:checking '/home/my11/interbotix_ws/install/interbotix_ros_xseries' for CMake config files
[24.408s] Level 1:colcon.colcon_core.shell:create_environment_hook('interbotix_ros_xseries', 'cmake_prefix_path')
[24.409s] INFO:colcon.colcon_core.shell:Creating environment hook '/home/my11/interbotix_ws/install/interbotix_ros_xseries/share/interbotix_ros_xseries/hook/cmake_prefix_path.ps1'
[24.409s] INFO:colcon.colcon_core.shell:Creating environment descriptor '/home/my11/interbotix_ws/install/interbotix_ros_xseries/share/interbotix_ros_xseries/hook/cmake_prefix_path.dsv'
[24.409s] INFO:colcon.colcon_core.shell:Creating environment hook '/home/my11/interbotix_ws/install/interbotix_ros_xseries/share/interbotix_ros_xseries/hook/cmake_prefix_path.sh'
[24.410s] Level 1:colcon.colcon_core.environment:checking '/home/my11/interbotix_ws/install/interbotix_ros_xseries/bin'
[24.410s] Level 1:colcon.colcon_core.environment:checking '/home/my11/interbotix_ws/install/interbotix_ros_xseries/lib/pkgconfig/interbotix_ros_xseries.pc'
[24.410s] Level 1:colcon.colcon_core.environment:checking '/home/my11/interbotix_ws/install/interbotix_ros_xseries/lib/python3.10/site-packages'
[24.410s] Level 1:colcon.colcon_core.environment:checking '/home/my11/interbotix_ws/install/interbotix_ros_xseries/bin'
[24.410s] INFO:colcon.colcon_core.shell:Creating package script '/home/my11/interbotix_ws/install/interbotix_ros_xseries/share/interbotix_ros_xseries/package.ps1'
[24.411s] INFO:colcon.colcon_core.shell:Creating package descriptor '/home/my11/interbotix_ws/install/interbotix_ros_xseries/share/interbotix_ros_xseries/package.dsv'
[24.411s] INFO:colcon.colcon_core.shell:Creating package script '/home/my11/interbotix_ws/install/interbotix_ros_xseries/share/interbotix_ros_xseries/package.sh'
[24.411s] INFO:colcon.colcon_core.shell:Creating package script '/home/my11/interbotix_ws/install/interbotix_ros_xseries/share/interbotix_ros_xseries/package.bash'
[24.411s] INFO:colcon.colcon_core.shell:Creating package script '/home/my11/interbotix_ws/install/interbotix_ros_xseries/share/interbotix_ros_xseries/package.zsh'
[24.411s] Level 1:colcon.colcon_core.environment:create_file_with_runtime_dependencies(/home/my11/interbotix_ws/install/interbotix_ros_xseries/share/colcon-core/packages/interbotix_ros_xseries)
[25.255s] DEBUG:colcon.colcon_core.event_handler.log_command:Invoked command in '/home/my11/interbotix_ws/build/interbotix_xsarm_descriptions' returned '0': AMENT_PREFIX_PATH=/home/my11/interbotix_ws/install/interbotix_xs_modules:/home/my11/interbotix_ws/install/interbotix_xs_sdk:/home/my11/interbotix_ws/install/interbotix_xs_driver:/home/my11/interbotix_ws/install/interbotix_xs_msgs:/home/my11/interbotix_ws/install/interbotix_common_modules:/home/my11/interbotix_ws/install/dynamixel_workbench_toolbox:${AMENT_PREFIX_PATH} CMAKE_PREFIX_PATH=/home/my11/interbotix_ws/install/interbotix_xs_sdk:/home/my11/interbotix_ws/install/interbotix_xs_driver:/home/my11/interbotix_ws/install/interbotix_xs_msgs:/home/my11/interbotix_ws/install/dynamixel_workbench_toolbox:/home/my11/apriltag_ws/install/apriltag_ros:/home/my11/ros2_ws/install/rrbot_gazebo:/home/my11/ros2_ws/install/rrbot_description:/home/my11/ros2_ws/install/plate_description:/home/my11/ros2_ws/install/opencv_test_py:/opt/ros/humble LD_LIBRARY_PATH=/home/my11/interbotix_ws/install/interbotix_xs_driver/lib:/home/my11/interbotix_ws/install/interbotix_xs_msgs/lib:/home/my11/interbotix_ws/install/dynamixel_workbench_toolbox/lib:/home/my11/apriltag_ws/install/apriltag_ros/lib:/usr/lib/x86_64-linux-gnu/gazebo-11/plugins:/opt/ros/humble/opt/rviz_ogre_vendor/lib:/opt/ros/humble/lib/x86_64-linux-gnu:/opt/ros/humble/lib:/usr/share/gazebo/../../lib/x86_64-linux-gnu/gazebo-11/plugins:/usr/share/gazebo/../../lib/x86_64-linux-gnu/gazebo-11/plugins:/usr/share/gazebo/../../lib/x86_64-linux-gnu/gazebo-11/plugins PYTHONPATH=/home/my11/interbotix_ws/install/interbotix_xs_modules/lib/python3.10/site-packages:/home/my11/interbotix_ws/install/interbotix_xs_msgs/local/lib/python3.10/dist-packages:/home/my11/interbotix_ws/install/interbotix_common_modules/lib/python3.10/site-packages:${PYTHONPATH} /usr/bin/cmake /home/my11/interbotix_ws/src/interbotix_ros_manipulators/interbotix_ros_xsarms/interbotix_xsarm_descriptions -DCMAKE_INSTALL_PREFIX=/home/my11/interbotix_ws/install/interbotix_xsarm_descriptions
[25.256s] DEBUG:colcon.colcon_core.event_handler.log_command:Invoking command in '/home/my11/interbotix_ws/build/interbotix_xsarm_descriptions': AMENT_PREFIX_PATH=/home/my11/interbotix_ws/install/interbotix_xs_modules:/home/my11/interbotix_ws/install/interbotix_xs_sdk:/home/my11/interbotix_ws/install/interbotix_xs_driver:/home/my11/interbotix_ws/install/interbotix_xs_msgs:/home/my11/interbotix_ws/install/interbotix_common_modules:/home/my11/interbotix_ws/install/dynamixel_workbench_toolbox:${AMENT_PREFIX_PATH} CMAKE_PREFIX_PATH=/home/my11/interbotix_ws/install/interbotix_xs_sdk:/home/my11/interbotix_ws/install/interbotix_xs_driver:/home/my11/interbotix_ws/install/interbotix_xs_msgs:/home/my11/interbotix_ws/install/dynamixel_workbench_toolbox:/home/my11/apriltag_ws/install/apriltag_ros:/home/my11/ros2_ws/install/rrbot_gazebo:/home/my11/ros2_ws/install/rrbot_description:/home/my11/ros2_ws/install/plate_description:/home/my11/ros2_ws/install/opencv_test_py:/opt/ros/humble LD_LIBRARY_PATH=/home/my11/interbotix_ws/install/interbotix_xs_driver/lib:/home/my11/interbotix_ws/install/interbotix_xs_msgs/lib:/home/my11/interbotix_ws/install/dynamixel_workbench_toolbox/lib:/home/my11/apriltag_ws/install/apriltag_ros/lib:/usr/lib/x86_64-linux-gnu/gazebo-11/plugins:/opt/ros/humble/opt/rviz_ogre_vendor/lib:/opt/ros/humble/lib/x86_64-linux-gnu:/opt/ros/humble/lib:/usr/share/gazebo/../../lib/x86_64-linux-gnu/gazebo-11/plugins:/usr/share/gazebo/../../lib/x86_64-linux-gnu/gazebo-11/plugins:/usr/share/gazebo/../../lib/x86_64-linux-gnu/gazebo-11/plugins PYTHONPATH=/home/my11/interbotix_ws/install/interbotix_xs_modules/lib/python3.10/site-packages:/home/my11/interbotix_ws/install/interbotix_xs_msgs/local/lib/python3.10/dist-packages:/home/my11/interbotix_ws/install/interbotix_common_modules/lib/python3.10/site-packages:${PYTHONPATH} /usr/bin/cmake --build /home/my11/interbotix_ws/build/interbotix_xsarm_descriptions -- -j20 -l20
[25.289s] DEBUG:colcon.colcon_core.event_handler.log_command:Invoked command in '/home/my11/interbotix_ws/build/interbotix_xsarm_descriptions' returned '0': AMENT_PREFIX_PATH=/home/my11/interbotix_ws/install/interbotix_xs_modules:/home/my11/interbotix_ws/install/interbotix_xs_sdk:/home/my11/interbotix_ws/install/interbotix_xs_driver:/home/my11/interbotix_ws/install/interbotix_xs_msgs:/home/my11/interbotix_ws/install/interbotix_common_modules:/home/my11/interbotix_ws/install/dynamixel_workbench_toolbox:${AMENT_PREFIX_PATH} CMAKE_PREFIX_PATH=/home/my11/interbotix_ws/install/interbotix_xs_sdk:/home/my11/interbotix_ws/install/interbotix_xs_driver:/home/my11/interbotix_ws/install/interbotix_xs_msgs:/home/my11/interbotix_ws/install/dynamixel_workbench_toolbox:/home/my11/apriltag_ws/install/apriltag_ros:/home/my11/ros2_ws/install/rrbot_gazebo:/home/my11/ros2_ws/install/rrbot_description:/home/my11/ros2_ws/install/plate_description:/home/my11/ros2_ws/install/opencv_test_py:/opt/ros/humble LD_LIBRARY_PATH=/home/my11/interbotix_ws/install/interbotix_xs_driver/lib:/home/my11/interbotix_ws/install/interbotix_xs_msgs/lib:/home/my11/interbotix_ws/install/dynamixel_workbench_toolbox/lib:/home/my11/apriltag_ws/install/apriltag_ros/lib:/usr/lib/x86_64-linux-gnu/gazebo-11/plugins:/opt/ros/humble/opt/rviz_ogre_vendor/lib:/opt/ros/humble/lib/x86_64-linux-gnu:/opt/ros/humble/lib:/usr/share/gazebo/../../lib/x86_64-linux-gnu/gazebo-11/plugins:/usr/share/gazebo/../../lib/x86_64-linux-gnu/gazebo-11/plugins:/usr/share/gazebo/../../lib/x86_64-linux-gnu/gazebo-11/plugins PYTHONPATH=/home/my11/interbotix_ws/install/interbotix_xs_modules/lib/python3.10/site-packages:/home/my11/interbotix_ws/install/interbotix_xs_msgs/local/lib/python3.10/dist-packages:/home/my11/interbotix_ws/install/interbotix_common_modules/lib/python3.10/site-packages:${PYTHONPATH} /usr/bin/cmake --build /home/my11/interbotix_ws/build/interbotix_xsarm_descriptions -- -j20 -l20
[25.302s] DEBUG:colcon.colcon_core.event_handler.log_command:Invoked command in '/home/my11/interbotix_ws/build/interbotix_xs_rviz' returned '0': AMENT_PREFIX_PATH=/home/my11/interbotix_ws/install/interbotix_xs_sdk:/home/my11/interbotix_ws/install/interbotix_xs_driver:/home/my11/interbotix_ws/install/interbotix_xs_msgs:/home/my11/interbotix_ws/install/dynamixel_workbench_toolbox:${AMENT_PREFIX_PATH} CMAKE_PREFIX_PATH=/home/my11/interbotix_ws/install/interbotix_xs_sdk:/home/my11/interbotix_ws/install/interbotix_xs_driver:/home/my11/interbotix_ws/install/interbotix_xs_msgs:/home/my11/interbotix_ws/install/dynamixel_workbench_toolbox:/home/my11/apriltag_ws/install/apriltag_ros:/home/my11/ros2_ws/install/rrbot_gazebo:/home/my11/ros2_ws/install/rrbot_description:/home/my11/ros2_ws/install/plate_description:/home/my11/ros2_ws/install/opencv_test_py:/opt/ros/humble LD_LIBRARY_PATH=/home/my11/interbotix_ws/install/interbotix_xs_driver/lib:/home/my11/interbotix_ws/install/interbotix_xs_msgs/lib:/home/my11/interbotix_ws/install/dynamixel_workbench_toolbox/lib:/home/my11/apriltag_ws/install/apriltag_ros/lib:/usr/lib/x86_64-linux-gnu/gazebo-11/plugins:/opt/ros/humble/opt/rviz_ogre_vendor/lib:/opt/ros/humble/lib/x86_64-linux-gnu:/opt/ros/humble/lib:/usr/share/gazebo/../../lib/x86_64-linux-gnu/gazebo-11/plugins:/usr/share/gazebo/../../lib/x86_64-linux-gnu/gazebo-11/plugins:/usr/share/gazebo/../../lib/x86_64-linux-gnu/gazebo-11/plugins PYTHONPATH=/home/my11/interbotix_ws/install/interbotix_xs_msgs/local/lib/python3.10/dist-packages:${PYTHONPATH} /usr/bin/cmake /home/my11/interbotix_ws/src/interbotix_ros_toolboxes/interbotix_xs_toolbox/interbotix_xs_rviz -DCMAKE_INSTALL_PREFIX=/home/my11/interbotix_ws/install/interbotix_xs_rviz
[25.302s] DEBUG:colcon.colcon_core.event_handler.log_command:Invoking command in '/home/my11/interbotix_ws/build/interbotix_xs_rviz': AMENT_PREFIX_PATH=/home/my11/interbotix_ws/install/interbotix_xs_sdk:/home/my11/interbotix_ws/install/interbotix_xs_driver:/home/my11/interbotix_ws/install/interbotix_xs_msgs:/home/my11/interbotix_ws/install/dynamixel_workbench_toolbox:${AMENT_PREFIX_PATH} CMAKE_PREFIX_PATH=/home/my11/interbotix_ws/install/interbotix_xs_sdk:/home/my11/interbotix_ws/install/interbotix_xs_driver:/home/my11/interbotix_ws/install/interbotix_xs_msgs:/home/my11/interbotix_ws/install/dynamixel_workbench_toolbox:/home/my11/apriltag_ws/install/apriltag_ros:/home/my11/ros2_ws/install/rrbot_gazebo:/home/my11/ros2_ws/install/rrbot_description:/home/my11/ros2_ws/install/plate_description:/home/my11/ros2_ws/install/opencv_test_py:/opt/ros/humble LD_LIBRARY_PATH=/home/my11/interbotix_ws/install/interbotix_xs_driver/lib:/home/my11/interbotix_ws/install/interbotix_xs_msgs/lib:/home/my11/interbotix_ws/install/dynamixel_workbench_toolbox/lib:/home/my11/apriltag_ws/install/apriltag_ros/lib:/usr/lib/x86_64-linux-gnu/gazebo-11/plugins:/opt/ros/humble/opt/rviz_ogre_vendor/lib:/opt/ros/humble/lib/x86_64-linux-gnu:/opt/ros/humble/lib:/usr/share/gazebo/../../lib/x86_64-linux-gnu/gazebo-11/plugins:/usr/share/gazebo/../../lib/x86_64-linux-gnu/gazebo-11/plugins:/usr/share/gazebo/../../lib/x86_64-linux-gnu/gazebo-11/plugins PYTHONPATH=/home/my11/interbotix_ws/install/interbotix_xs_msgs/local/lib/python3.10/dist-packages:${PYTHONPATH} /usr/bin/cmake --build /home/my11/interbotix_ws/build/interbotix_xs_rviz -- -j20 -l20
[25.309s] DEBUG:colcon.colcon_core.event_handler.log_command:Invoking command in '/home/my11/interbotix_ws/build/interbotix_xsarm_descriptions': AMENT_PREFIX_PATH=/home/my11/interbotix_ws/install/interbotix_xs_modules:/home/my11/interbotix_ws/install/interbotix_xs_sdk:/home/my11/interbotix_ws/install/interbotix_xs_driver:/home/my11/interbotix_ws/install/interbotix_xs_msgs:/home/my11/interbotix_ws/install/interbotix_common_modules:/home/my11/interbotix_ws/install/dynamixel_workbench_toolbox:${AMENT_PREFIX_PATH} CMAKE_PREFIX_PATH=/home/my11/interbotix_ws/install/interbotix_xs_sdk:/home/my11/interbotix_ws/install/interbotix_xs_driver:/home/my11/interbotix_ws/install/interbotix_xs_msgs:/home/my11/interbotix_ws/install/dynamixel_workbench_toolbox:/home/my11/apriltag_ws/install/apriltag_ros:/home/my11/ros2_ws/install/rrbot_gazebo:/home/my11/ros2_ws/install/rrbot_description:/home/my11/ros2_ws/install/plate_description:/home/my11/ros2_ws/install/opencv_test_py:/opt/ros/humble LD_LIBRARY_PATH=/home/my11/interbotix_ws/install/interbotix_xs_driver/lib:/home/my11/interbotix_ws/install/interbotix_xs_msgs/lib:/home/my11/interbotix_ws/install/dynamixel_workbench_toolbox/lib:/home/my11/apriltag_ws/install/apriltag_ros/lib:/usr/lib/x86_64-linux-gnu/gazebo-11/plugins:/opt/ros/humble/opt/rviz_ogre_vendor/lib:/opt/ros/humble/lib/x86_64-linux-gnu:/opt/ros/humble/lib:/usr/share/gazebo/../../lib/x86_64-linux-gnu/gazebo-11/plugins:/usr/share/gazebo/../../lib/x86_64-linux-gnu/gazebo-11/plugins:/usr/share/gazebo/../../lib/x86_64-linux-gnu/gazebo-11/plugins PYTHONPATH=/home/my11/interbotix_ws/install/interbotix_xs_modules/lib/python3.10/site-packages:/home/my11/interbotix_ws/install/interbotix_xs_msgs/local/lib/python3.10/dist-packages:/home/my11/interbotix_ws/install/interbotix_common_modules/lib/python3.10/site-packages:${PYTHONPATH} /usr/bin/cmake --install /home/my11/interbotix_ws/build/interbotix_xsarm_descriptions
[25.331s] Level 1:colcon.colcon_core.environment:create_environment_scripts_only(interbotix_xsarm_descriptions)
[25.331s] Level 1:colcon.colcon_core.environment:checking '/home/my11/interbotix_ws/install/interbotix_xsarm_descriptions' for CMake module files
[25.331s] DEBUG:colcon.colcon_core.event_handler.log_command:Invoked command in '/home/my11/interbotix_ws/build/interbotix_xsarm_descriptions' returned '0': AMENT_PREFIX_PATH=/home/my11/interbotix_ws/install/interbotix_xs_modules:/home/my11/interbotix_ws/install/interbotix_xs_sdk:/home/my11/interbotix_ws/install/interbotix_xs_driver:/home/my11/interbotix_ws/install/interbotix_xs_msgs:/home/my11/interbotix_ws/install/interbotix_common_modules:/home/my11/interbotix_ws/install/dynamixel_workbench_toolbox:${AMENT_PREFIX_PATH} CMAKE_PREFIX_PATH=/home/my11/interbotix_ws/install/interbotix_xs_sdk:/home/my11/interbotix_ws/install/interbotix_xs_driver:/home/my11/interbotix_ws/install/interbotix_xs_msgs:/home/my11/interbotix_ws/install/dynamixel_workbench_toolbox:/home/my11/apriltag_ws/install/apriltag_ros:/home/my11/ros2_ws/install/rrbot_gazebo:/home/my11/ros2_ws/install/rrbot_description:/home/my11/ros2_ws/install/plate_description:/home/my11/ros2_ws/install/opencv_test_py:/opt/ros/humble LD_LIBRARY_PATH=/home/my11/interbotix_ws/install/interbotix_xs_driver/lib:/home/my11/interbotix_ws/install/interbotix_xs_msgs/lib:/home/my11/interbotix_ws/install/dynamixel_workbench_toolbox/lib:/home/my11/apriltag_ws/install/apriltag_ros/lib:/usr/lib/x86_64-linux-gnu/gazebo-11/plugins:/opt/ros/humble/opt/rviz_ogre_vendor/lib:/opt/ros/humble/lib/x86_64-linux-gnu:/opt/ros/humble/lib:/usr/share/gazebo/../../lib/x86_64-linux-gnu/gazebo-11/plugins:/usr/share/gazebo/../../lib/x86_64-linux-gnu/gazebo-11/plugins:/usr/share/gazebo/../../lib/x86_64-linux-gnu/gazebo-11/plugins PYTHONPATH=/home/my11/interbotix_ws/install/interbotix_xs_modules/lib/python3.10/site-packages:/home/my11/interbotix_ws/install/interbotix_xs_msgs/local/lib/python3.10/dist-packages:/home/my11/interbotix_ws/install/interbotix_common_modules/lib/python3.10/site-packages:${PYTHONPATH} /usr/bin/cmake --install /home/my11/interbotix_ws/build/interbotix_xsarm_descriptions
[25.332s] Level 1:colcon.colcon_core.environment:checking '/home/my11/interbotix_ws/install/interbotix_xsarm_descriptions' for CMake config files
[25.332s] Level 1:colcon.colcon_core.shell:create_environment_hook('interbotix_xsarm_descriptions', 'cmake_prefix_path')
[25.332s] INFO:colcon.colcon_core.shell:Creating environment hook '/home/my11/interbotix_ws/install/interbotix_xsarm_descriptions/share/interbotix_xsarm_descriptions/hook/cmake_prefix_path.ps1'
[25.332s] INFO:colcon.colcon_core.shell:Creating environment descriptor '/home/my11/interbotix_ws/install/interbotix_xsarm_descriptions/share/interbotix_xsarm_descriptions/hook/cmake_prefix_path.dsv'
[25.332s] INFO:colcon.colcon_core.shell:Creating environment hook '/home/my11/interbotix_ws/install/interbotix_xsarm_descriptions/share/interbotix_xsarm_descriptions/hook/cmake_prefix_path.sh'
[25.333s] Level 1:colcon.colcon_core.environment:checking '/home/my11/interbotix_ws/install/interbotix_xsarm_descriptions/bin'
[25.333s] Level 1:colcon.colcon_core.environment:checking '/home/my11/interbotix_ws/install/interbotix_xsarm_descriptions/lib/pkgconfig/interbotix_xsarm_descriptions.pc'
[25.333s] Level 1:colcon.colcon_core.environment:checking '/home/my11/interbotix_ws/install/interbotix_xsarm_descriptions/lib/python3.10/site-packages'
[25.333s] Level 1:colcon.colcon_core.environment:checking '/home/my11/interbotix_ws/install/interbotix_xsarm_descriptions/bin'
[25.333s] INFO:colcon.colcon_core.shell:Creating package script '/home/my11/interbotix_ws/install/interbotix_xsarm_descriptions/share/interbotix_xsarm_descriptions/package.ps1'
[25.333s] INFO:colcon.colcon_core.shell:Creating package descriptor '/home/my11/interbotix_ws/install/interbotix_xsarm_descriptions/share/interbotix_xsarm_descriptions/package.dsv'
[25.333s] INFO:colcon.colcon_core.shell:Creating package script '/home/my11/interbotix_ws/install/interbotix_xsarm_descriptions/share/interbotix_xsarm_descriptions/package.sh'
[25.334s] INFO:colcon.colcon_core.shell:Creating package script '/home/my11/interbotix_ws/install/interbotix_xsarm_descriptions/share/interbotix_xsarm_descriptions/package.bash'
[25.334s] INFO:colcon.colcon_core.shell:Creating package script '/home/my11/interbotix_ws/install/interbotix_xsarm_descriptions/share/interbotix_xsarm_descriptions/package.zsh'
[25.334s] Level 1:colcon.colcon_core.environment:create_file_with_runtime_dependencies(/home/my11/interbotix_ws/install/interbotix_xsarm_descriptions/share/colcon-core/packages/interbotix_xsarm_descriptions)
[25.353s] Level 1:colcon.colcon_core.environment:create_environment_scripts_only(interbotix_xsarm_descriptions)
[25.353s] Level 1:colcon.colcon_core.environment:checking '/home/my11/interbotix_ws/install/interbotix_xsarm_descriptions' for CMake module files
[25.354s] Level 1:colcon.colcon_core.environment:checking '/home/my11/interbotix_ws/install/interbotix_xsarm_descriptions' for CMake config files
[25.354s] Level 1:colcon.colcon_core.shell:create_environment_hook('interbotix_xsarm_descriptions', 'cmake_prefix_path')
[25.355s] INFO:colcon.colcon_core.shell:Creating environment hook '/home/my11/interbotix_ws/install/interbotix_xsarm_descriptions/share/interbotix_xsarm_descriptions/hook/cmake_prefix_path.ps1'
[25.355s] INFO:colcon.colcon_core.shell:Creating environment descriptor '/home/my11/interbotix_ws/install/interbotix_xsarm_descriptions/share/interbotix_xsarm_descriptions/hook/cmake_prefix_path.dsv'
[25.355s] INFO:colcon.colcon_core.shell:Creating environment hook '/home/my11/interbotix_ws/install/interbotix_xsarm_descriptions/share/interbotix_xsarm_descriptions/hook/cmake_prefix_path.sh'
[25.355s] Level 1:colcon.colcon_core.environment:checking '/home/my11/interbotix_ws/install/interbotix_xsarm_descriptions/bin'
[25.355s] Level 1:colcon.colcon_core.environment:checking '/home/my11/interbotix_ws/install/interbotix_xsarm_descriptions/lib/pkgconfig/interbotix_xsarm_descriptions.pc'
[25.355s] Level 1:colcon.colcon_core.environment:checking '/home/my11/interbotix_ws/install/interbotix_xsarm_descriptions/lib/python3.10/site-packages'
[25.356s] Level 1:colcon.colcon_core.environment:checking '/home/my11/interbotix_ws/install/interbotix_xsarm_descriptions/bin'
[25.356s] INFO:colcon.colcon_core.shell:Creating package script '/home/my11/interbotix_ws/install/interbotix_xsarm_descriptions/share/interbotix_xsarm_descriptions/package.ps1'
[25.356s] INFO:colcon.colcon_core.shell:Creating package descriptor '/home/my11/interbotix_ws/install/interbotix_xsarm_descriptions/share/interbotix_xsarm_descriptions/package.dsv'
[25.356s] INFO:colcon.colcon_core.shell:Creating package script '/home/my11/interbotix_ws/install/interbotix_xsarm_descriptions/share/interbotix_xsarm_descriptions/package.sh'
[25.356s] INFO:colcon.colcon_core.shell:Creating package script '/home/my11/interbotix_ws/install/interbotix_xsarm_descriptions/share/interbotix_xsarm_descriptions/package.bash'
[25.357s] INFO:colcon.colcon_core.shell:Creating package script '/home/my11/interbotix_ws/install/interbotix_xsarm_descriptions/share/interbotix_xsarm_descriptions/package.zsh'
[25.357s] Level 1:colcon.colcon_core.environment:create_file_with_runtime_dependencies(/home/my11/interbotix_ws/install/interbotix_xsarm_descriptions/share/colcon-core/packages/interbotix_xsarm_descriptions)
[25.357s] INFO:colcon.colcon_ros.task.ament_cmake.build:Building ROS package in '/home/my11/interbotix_ws/src/interbotix_ros_manipulators/interbotix_ros_xsarms/interbotix_xsarm_control' with build type 'ament_cmake'
[25.357s] INFO:colcon.colcon_cmake.task.cmake.build:Building CMake package in '/home/my11/interbotix_ws/src/interbotix_ros_manipulators/interbotix_ros_xsarms/interbotix_xsarm_control'
[25.357s] INFO:colcon.colcon_core.shell:Skip shell extension 'powershell' for command environment: Not usable outside of PowerShell
[25.357s] DEBUG:colcon.colcon_core.shell:Skip shell extension 'dsv' for command environment
[25.360s] INFO:colcon.colcon_ros.task.ament_cmake.build:Building ROS package in '/home/my11/interbotix_ws/src/interbotix_ros_manipulators/interbotix_ros_xsarms/interbotix_xsarm_sim' with build type 'ament_cmake'
[25.360s] INFO:colcon.colcon_cmake.task.cmake.build:Building CMake package in '/home/my11/interbotix_ws/src/interbotix_ros_manipulators/interbotix_ros_xsarms/interbotix_xsarm_sim'
[25.360s] INFO:colcon.colcon_core.shell:Skip shell extension 'powershell' for command environment: Not usable outside of PowerShell
[25.360s] DEBUG:colcon.colcon_core.shell:Skip shell extension 'dsv' for command environment
[25.370s] DEBUG:colcon.colcon_core.event_handler.log_command:Invoking command in '/home/my11/interbotix_ws/build/interbotix_xsarm_control': AMENT_PREFIX_PATH=/home/my11/interbotix_ws/install/interbotix_xsarm_descriptions:/home/my11/interbotix_ws/install/interbotix_xs_modules:/home/my11/interbotix_ws/install/interbotix_xs_sdk:/home/my11/interbotix_ws/install/interbotix_xs_driver:/home/my11/interbotix_ws/install/interbotix_xs_msgs:/home/my11/interbotix_ws/install/interbotix_common_modules:/home/my11/interbotix_ws/install/dynamixel_workbench_toolbox:${AMENT_PREFIX_PATH} CMAKE_PREFIX_PATH=/home/my11/interbotix_ws/install/interbotix_xsarm_descriptions:/home/my11/interbotix_ws/install/interbotix_xs_sdk:/home/my11/interbotix_ws/install/interbotix_xs_driver:/home/my11/interbotix_ws/install/interbotix_xs_msgs:/home/my11/interbotix_ws/install/dynamixel_workbench_toolbox:/home/my11/apriltag_ws/install/apriltag_ros:/home/my11/ros2_ws/install/rrbot_gazebo:/home/my11/ros2_ws/install/rrbot_description:/home/my11/ros2_ws/install/plate_description:/home/my11/ros2_ws/install/opencv_test_py:/opt/ros/humble LD_LIBRARY_PATH=/home/my11/interbotix_ws/install/interbotix_xs_driver/lib:/home/my11/interbotix_ws/install/interbotix_xs_msgs/lib:/home/my11/interbotix_ws/install/dynamixel_workbench_toolbox/lib:/home/my11/apriltag_ws/install/apriltag_ros/lib:/usr/lib/x86_64-linux-gnu/gazebo-11/plugins:/opt/ros/humble/opt/rviz_ogre_vendor/lib:/opt/ros/humble/lib/x86_64-linux-gnu:/opt/ros/humble/lib:/usr/share/gazebo/../../lib/x86_64-linux-gnu/gazebo-11/plugins:/usr/share/gazebo/../../lib/x86_64-linux-gnu/gazebo-11/plugins:/usr/share/gazebo/../../lib/x86_64-linux-gnu/gazebo-11/plugins PYTHONPATH=/home/my11/interbotix_ws/install/interbotix_xs_modules/lib/python3.10/site-packages:/home/my11/interbotix_ws/install/interbotix_xs_msgs/local/lib/python3.10/dist-packages:/home/my11/interbotix_ws/install/interbotix_common_modules/lib/python3.10/site-packages:${PYTHONPATH} /usr/bin/cmake /home/my11/interbotix_ws/src/interbotix_ros_manipulators/interbotix_ros_xsarms/interbotix_xsarm_control -DCMAKE_INSTALL_PREFIX=/home/my11/interbotix_ws/install/interbotix_xsarm_control
[25.373s] DEBUG:colcon.colcon_core.event_handler.log_command:Invoking command in '/home/my11/interbotix_ws/build/interbotix_xsarm_sim': AMENT_PREFIX_PATH=/home/my11/interbotix_ws/install/interbotix_xsarm_descriptions:/home/my11/interbotix_ws/install/interbotix_xs_modules:/home/my11/interbotix_ws/install/interbotix_xs_sdk:/home/my11/interbotix_ws/install/interbotix_xs_ros_control:/home/my11/interbotix_ws/install/interbotix_xs_driver:/home/my11/interbotix_ws/install/interbotix_xs_msgs:/home/my11/interbotix_ws/install/interbotix_common_sim:/home/my11/interbotix_ws/install/interbotix_common_modules:/home/my11/interbotix_ws/install/dynamixel_workbench_toolbox:${AMENT_PREFIX_PATH} CMAKE_PREFIX_PATH=/home/my11/interbotix_ws/install/interbotix_xsarm_descriptions:/home/my11/interbotix_ws/install/interbotix_xs_sdk:/home/my11/interbotix_ws/install/interbotix_xs_ros_control:/home/my11/interbotix_ws/install/interbotix_xs_driver:/home/my11/interbotix_ws/install/interbotix_xs_msgs:/home/my11/interbotix_ws/install/interbotix_common_sim:/home/my11/interbotix_ws/install/dynamixel_workbench_toolbox:/home/my11/apriltag_ws/install/apriltag_ros:/home/my11/ros2_ws/install/rrbot_gazebo:/home/my11/ros2_ws/install/rrbot_description:/home/my11/ros2_ws/install/plate_description:/home/my11/ros2_ws/install/opencv_test_py:/opt/ros/humble LD_LIBRARY_PATH=/home/my11/interbotix_ws/install/interbotix_xs_ros_control/lib:/home/my11/interbotix_ws/install/interbotix_xs_driver/lib:/home/my11/interbotix_ws/install/interbotix_xs_msgs/lib:/home/my11/interbotix_ws/install/dynamixel_workbench_toolbox/lib:/home/my11/apriltag_ws/install/apriltag_ros/lib:/usr/lib/x86_64-linux-gnu/gazebo-11/plugins:/opt/ros/humble/opt/rviz_ogre_vendor/lib:/opt/ros/humble/lib/x86_64-linux-gnu:/opt/ros/humble/lib:/usr/share/gazebo/../../lib/x86_64-linux-gnu/gazebo-11/plugins:/usr/share/gazebo/../../lib/x86_64-linux-gnu/gazebo-11/plugins:/usr/share/gazebo/../../lib/x86_64-linux-gnu/gazebo-11/plugins PYTHONPATH=/home/my11/interbotix_ws/install/interbotix_xs_modules/lib/python3.10/site-packages:/home/my11/interbotix_ws/install/interbotix_xs_msgs/local/lib/python3.10/dist-packages:/home/my11/interbotix_ws/install/interbotix_common_modules/lib/python3.10/site-packages:${PYTHONPATH} /usr/bin/cmake /home/my11/interbotix_ws/src/interbotix_ros_manipulators/interbotix_ros_xsarms/interbotix_xsarm_sim -DCMAKE_INSTALL_PREFIX=/home/my11/interbotix_ws/install/interbotix_xsarm_sim
[25.824s] DEBUG:colcon.colcon_core.event_handler.log_command:Invoked command in '/home/my11/interbotix_ws/build/interbotix_xsarm_control' returned '0': AMENT_PREFIX_PATH=/home/my11/interbotix_ws/install/interbotix_xsarm_descriptions:/home/my11/interbotix_ws/install/interbotix_xs_modules:/home/my11/interbotix_ws/install/interbotix_xs_sdk:/home/my11/interbotix_ws/install/interbotix_xs_driver:/home/my11/interbotix_ws/install/interbotix_xs_msgs:/home/my11/interbotix_ws/install/interbotix_common_modules:/home/my11/interbotix_ws/install/dynamixel_workbench_toolbox:${AMENT_PREFIX_PATH} CMAKE_PREFIX_PATH=/home/my11/interbotix_ws/install/interbotix_xsarm_descriptions:/home/my11/interbotix_ws/install/interbotix_xs_sdk:/home/my11/interbotix_ws/install/interbotix_xs_driver:/home/my11/interbotix_ws/install/interbotix_xs_msgs:/home/my11/interbotix_ws/install/dynamixel_workbench_toolbox:/home/my11/apriltag_ws/install/apriltag_ros:/home/my11/ros2_ws/install/rrbot_gazebo:/home/my11/ros2_ws/install/rrbot_description:/home/my11/ros2_ws/install/plate_description:/home/my11/ros2_ws/install/opencv_test_py:/opt/ros/humble LD_LIBRARY_PATH=/home/my11/interbotix_ws/install/interbotix_xs_driver/lib:/home/my11/interbotix_ws/install/interbotix_xs_msgs/lib:/home/my11/interbotix_ws/install/dynamixel_workbench_toolbox/lib:/home/my11/apriltag_ws/install/apriltag_ros/lib:/usr/lib/x86_64-linux-gnu/gazebo-11/plugins:/opt/ros/humble/opt/rviz_ogre_vendor/lib:/opt/ros/humble/lib/x86_64-linux-gnu:/opt/ros/humble/lib:/usr/share/gazebo/../../lib/x86_64-linux-gnu/gazebo-11/plugins:/usr/share/gazebo/../../lib/x86_64-linux-gnu/gazebo-11/plugins:/usr/share/gazebo/../../lib/x86_64-linux-gnu/gazebo-11/plugins PYTHONPATH=/home/my11/interbotix_ws/install/interbotix_xs_modules/lib/python3.10/site-packages:/home/my11/interbotix_ws/install/interbotix_xs_msgs/local/lib/python3.10/dist-packages:/home/my11/interbotix_ws/install/interbotix_common_modules/lib/python3.10/site-packages:${PYTHONPATH} /usr/bin/cmake /home/my11/interbotix_ws/src/interbotix_ros_manipulators/interbotix_ros_xsarms/interbotix_xsarm_control -DCMAKE_INSTALL_PREFIX=/home/my11/interbotix_ws/install/interbotix_xsarm_control
[25.826s] DEBUG:colcon.colcon_core.event_handler.log_command:Invoking command in '/home/my11/interbotix_ws/build/interbotix_xsarm_control': AMENT_PREFIX_PATH=/home/my11/interbotix_ws/install/interbotix_xsarm_descriptions:/home/my11/interbotix_ws/install/interbotix_xs_modules:/home/my11/interbotix_ws/install/interbotix_xs_sdk:/home/my11/interbotix_ws/install/interbotix_xs_driver:/home/my11/interbotix_ws/install/interbotix_xs_msgs:/home/my11/interbotix_ws/install/interbotix_common_modules:/home/my11/interbotix_ws/install/dynamixel_workbench_toolbox:${AMENT_PREFIX_PATH} CMAKE_PREFIX_PATH=/home/my11/interbotix_ws/install/interbotix_xsarm_descriptions:/home/my11/interbotix_ws/install/interbotix_xs_sdk:/home/my11/interbotix_ws/install/interbotix_xs_driver:/home/my11/interbotix_ws/install/interbotix_xs_msgs:/home/my11/interbotix_ws/install/dynamixel_workbench_toolbox:/home/my11/apriltag_ws/install/apriltag_ros:/home/my11/ros2_ws/install/rrbot_gazebo:/home/my11/ros2_ws/install/rrbot_description:/home/my11/ros2_ws/install/plate_description:/home/my11/ros2_ws/install/opencv_test_py:/opt/ros/humble LD_LIBRARY_PATH=/home/my11/interbotix_ws/install/interbotix_xs_driver/lib:/home/my11/interbotix_ws/install/interbotix_xs_msgs/lib:/home/my11/interbotix_ws/install/dynamixel_workbench_toolbox/lib:/home/my11/apriltag_ws/install/apriltag_ros/lib:/usr/lib/x86_64-linux-gnu/gazebo-11/plugins:/opt/ros/humble/opt/rviz_ogre_vendor/lib:/opt/ros/humble/lib/x86_64-linux-gnu:/opt/ros/humble/lib:/usr/share/gazebo/../../lib/x86_64-linux-gnu/gazebo-11/plugins:/usr/share/gazebo/../../lib/x86_64-linux-gnu/gazebo-11/plugins:/usr/share/gazebo/../../lib/x86_64-linux-gnu/gazebo-11/plugins PYTHONPATH=/home/my11/interbotix_ws/install/interbotix_xs_modules/lib/python3.10/site-packages:/home/my11/interbotix_ws/install/interbotix_xs_msgs/local/lib/python3.10/dist-packages:/home/my11/interbotix_ws/install/interbotix_common_modules/lib/python3.10/site-packages:${PYTHONPATH} /usr/bin/cmake --build /home/my11/interbotix_ws/build/interbotix_xsarm_control -- -j20 -l20
[25.829s] DEBUG:colcon.colcon_core.event_handler.log_command:Invoked command in '/home/my11/interbotix_ws/build/interbotix_xsarm_sim' returned '0': AMENT_PREFIX_PATH=/home/my11/interbotix_ws/install/interbotix_xsarm_descriptions:/home/my11/interbotix_ws/install/interbotix_xs_modules:/home/my11/interbotix_ws/install/interbotix_xs_sdk:/home/my11/interbotix_ws/install/interbotix_xs_ros_control:/home/my11/interbotix_ws/install/interbotix_xs_driver:/home/my11/interbotix_ws/install/interbotix_xs_msgs:/home/my11/interbotix_ws/install/interbotix_common_sim:/home/my11/interbotix_ws/install/interbotix_common_modules:/home/my11/interbotix_ws/install/dynamixel_workbench_toolbox:${AMENT_PREFIX_PATH} CMAKE_PREFIX_PATH=/home/my11/interbotix_ws/install/interbotix_xsarm_descriptions:/home/my11/interbotix_ws/install/interbotix_xs_sdk:/home/my11/interbotix_ws/install/interbotix_xs_ros_control:/home/my11/interbotix_ws/install/interbotix_xs_driver:/home/my11/interbotix_ws/install/interbotix_xs_msgs:/home/my11/interbotix_ws/install/interbotix_common_sim:/home/my11/interbotix_ws/install/dynamixel_workbench_toolbox:/home/my11/apriltag_ws/install/apriltag_ros:/home/my11/ros2_ws/install/rrbot_gazebo:/home/my11/ros2_ws/install/rrbot_description:/home/my11/ros2_ws/install/plate_description:/home/my11/ros2_ws/install/opencv_test_py:/opt/ros/humble LD_LIBRARY_PATH=/home/my11/interbotix_ws/install/interbotix_xs_ros_control/lib:/home/my11/interbotix_ws/install/interbotix_xs_driver/lib:/home/my11/interbotix_ws/install/interbotix_xs_msgs/lib:/home/my11/interbotix_ws/install/dynamixel_workbench_toolbox/lib:/home/my11/apriltag_ws/install/apriltag_ros/lib:/usr/lib/x86_64-linux-gnu/gazebo-11/plugins:/opt/ros/humble/opt/rviz_ogre_vendor/lib:/opt/ros/humble/lib/x86_64-linux-gnu:/opt/ros/humble/lib:/usr/share/gazebo/../../lib/x86_64-linux-gnu/gazebo-11/plugins:/usr/share/gazebo/../../lib/x86_64-linux-gnu/gazebo-11/plugins:/usr/share/gazebo/../../lib/x86_64-linux-gnu/gazebo-11/plugins PYTHONPATH=/home/my11/interbotix_ws/install/interbotix_xs_modules/lib/python3.10/site-packages:/home/my11/interbotix_ws/install/interbotix_xs_msgs/local/lib/python3.10/dist-packages:/home/my11/interbotix_ws/install/interbotix_common_modules/lib/python3.10/site-packages:${PYTHONPATH} /usr/bin/cmake /home/my11/interbotix_ws/src/interbotix_ros_manipulators/interbotix_ros_xsarms/interbotix_xsarm_sim -DCMAKE_INSTALL_PREFIX=/home/my11/interbotix_ws/install/interbotix_xsarm_sim
[25.830s] DEBUG:colcon.colcon_core.event_handler.log_command:Invoking command in '/home/my11/interbotix_ws/build/interbotix_xsarm_sim': AMENT_PREFIX_PATH=/home/my11/interbotix_ws/install/interbotix_xsarm_descriptions:/home/my11/interbotix_ws/install/interbotix_xs_modules:/home/my11/interbotix_ws/install/interbotix_xs_sdk:/home/my11/interbotix_ws/install/interbotix_xs_ros_control:/home/my11/interbotix_ws/install/interbotix_xs_driver:/home/my11/interbotix_ws/install/interbotix_xs_msgs:/home/my11/interbotix_ws/install/interbotix_common_sim:/home/my11/interbotix_ws/install/interbotix_common_modules:/home/my11/interbotix_ws/install/dynamixel_workbench_toolbox:${AMENT_PREFIX_PATH} CMAKE_PREFIX_PATH=/home/my11/interbotix_ws/install/interbotix_xsarm_descriptions:/home/my11/interbotix_ws/install/interbotix_xs_sdk:/home/my11/interbotix_ws/install/interbotix_xs_ros_control:/home/my11/interbotix_ws/install/interbotix_xs_driver:/home/my11/interbotix_ws/install/interbotix_xs_msgs:/home/my11/interbotix_ws/install/interbotix_common_sim:/home/my11/interbotix_ws/install/dynamixel_workbench_toolbox:/home/my11/apriltag_ws/install/apriltag_ros:/home/my11/ros2_ws/install/rrbot_gazebo:/home/my11/ros2_ws/install/rrbot_description:/home/my11/ros2_ws/install/plate_description:/home/my11/ros2_ws/install/opencv_test_py:/opt/ros/humble LD_LIBRARY_PATH=/home/my11/interbotix_ws/install/interbotix_xs_ros_control/lib:/home/my11/interbotix_ws/install/interbotix_xs_driver/lib:/home/my11/interbotix_ws/install/interbotix_xs_msgs/lib:/home/my11/interbotix_ws/install/dynamixel_workbench_toolbox/lib:/home/my11/apriltag_ws/install/apriltag_ros/lib:/usr/lib/x86_64-linux-gnu/gazebo-11/plugins:/opt/ros/humble/opt/rviz_ogre_vendor/lib:/opt/ros/humble/lib/x86_64-linux-gnu:/opt/ros/humble/lib:/usr/share/gazebo/../../lib/x86_64-linux-gnu/gazebo-11/plugins:/usr/share/gazebo/../../lib/x86_64-linux-gnu/gazebo-11/plugins:/usr/share/gazebo/../../lib/x86_64-linux-gnu/gazebo-11/plugins PYTHONPATH=/home/my11/interbotix_ws/install/interbotix_xs_modules/lib/python3.10/site-packages:/home/my11/interbotix_ws/install/interbotix_xs_msgs/local/lib/python3.10/dist-packages:/home/my11/interbotix_ws/install/interbotix_common_modules/lib/python3.10/site-packages:${PYTHONPATH} /usr/bin/cmake --build /home/my11/interbotix_ws/build/interbotix_xsarm_sim -- -j20 -l20
[25.859s] DEBUG:colcon.colcon_core.event_handler.log_command:Invoked command in '/home/my11/interbotix_ws/build/interbotix_xsarm_control' returned '0': AMENT_PREFIX_PATH=/home/my11/interbotix_ws/install/interbotix_xsarm_descriptions:/home/my11/interbotix_ws/install/interbotix_xs_modules:/home/my11/interbotix_ws/install/interbotix_xs_sdk:/home/my11/interbotix_ws/install/interbotix_xs_driver:/home/my11/interbotix_ws/install/interbotix_xs_msgs:/home/my11/interbotix_ws/install/interbotix_common_modules:/home/my11/interbotix_ws/install/dynamixel_workbench_toolbox:${AMENT_PREFIX_PATH} CMAKE_PREFIX_PATH=/home/my11/interbotix_ws/install/interbotix_xsarm_descriptions:/home/my11/interbotix_ws/install/interbotix_xs_sdk:/home/my11/interbotix_ws/install/interbotix_xs_driver:/home/my11/interbotix_ws/install/interbotix_xs_msgs:/home/my11/interbotix_ws/install/dynamixel_workbench_toolbox:/home/my11/apriltag_ws/install/apriltag_ros:/home/my11/ros2_ws/install/rrbot_gazebo:/home/my11/ros2_ws/install/rrbot_description:/home/my11/ros2_ws/install/plate_description:/home/my11/ros2_ws/install/opencv_test_py:/opt/ros/humble LD_LIBRARY_PATH=/home/my11/interbotix_ws/install/interbotix_xs_driver/lib:/home/my11/interbotix_ws/install/interbotix_xs_msgs/lib:/home/my11/interbotix_ws/install/dynamixel_workbench_toolbox/lib:/home/my11/apriltag_ws/install/apriltag_ros/lib:/usr/lib/x86_64-linux-gnu/gazebo-11/plugins:/opt/ros/humble/opt/rviz_ogre_vendor/lib:/opt/ros/humble/lib/x86_64-linux-gnu:/opt/ros/humble/lib:/usr/share/gazebo/../../lib/x86_64-linux-gnu/gazebo-11/plugins:/usr/share/gazebo/../../lib/x86_64-linux-gnu/gazebo-11/plugins:/usr/share/gazebo/../../lib/x86_64-linux-gnu/gazebo-11/plugins PYTHONPATH=/home/my11/interbotix_ws/install/interbotix_xs_modules/lib/python3.10/site-packages:/home/my11/interbotix_ws/install/interbotix_xs_msgs/local/lib/python3.10/dist-packages:/home/my11/interbotix_ws/install/interbotix_common_modules/lib/python3.10/site-packages:${PYTHONPATH} /usr/bin/cmake --build /home/my11/interbotix_ws/build/interbotix_xsarm_control -- -j20 -l20
[25.861s] DEBUG:colcon.colcon_core.event_handler.log_command:Invoked command in '/home/my11/interbotix_ws/build/interbotix_xsarm_sim' returned '0': AMENT_PREFIX_PATH=/home/my11/interbotix_ws/install/interbotix_xsarm_descriptions:/home/my11/interbotix_ws/install/interbotix_xs_modules:/home/my11/interbotix_ws/install/interbotix_xs_sdk:/home/my11/interbotix_ws/install/interbotix_xs_ros_control:/home/my11/interbotix_ws/install/interbotix_xs_driver:/home/my11/interbotix_ws/install/interbotix_xs_msgs:/home/my11/interbotix_ws/install/interbotix_common_sim:/home/my11/interbotix_ws/install/interbotix_common_modules:/home/my11/interbotix_ws/install/dynamixel_workbench_toolbox:${AMENT_PREFIX_PATH} CMAKE_PREFIX_PATH=/home/my11/interbotix_ws/install/interbotix_xsarm_descriptions:/home/my11/interbotix_ws/install/interbotix_xs_sdk:/home/my11/interbotix_ws/install/interbotix_xs_ros_control:/home/my11/interbotix_ws/install/interbotix_xs_driver:/home/my11/interbotix_ws/install/interbotix_xs_msgs:/home/my11/interbotix_ws/install/interbotix_common_sim:/home/my11/interbotix_ws/install/dynamixel_workbench_toolbox:/home/my11/apriltag_ws/install/apriltag_ros:/home/my11/ros2_ws/install/rrbot_gazebo:/home/my11/ros2_ws/install/rrbot_description:/home/my11/ros2_ws/install/plate_description:/home/my11/ros2_ws/install/opencv_test_py:/opt/ros/humble LD_LIBRARY_PATH=/home/my11/interbotix_ws/install/interbotix_xs_ros_control/lib:/home/my11/interbotix_ws/install/interbotix_xs_driver/lib:/home/my11/interbotix_ws/install/interbotix_xs_msgs/lib:/home/my11/interbotix_ws/install/dynamixel_workbench_toolbox/lib:/home/my11/apriltag_ws/install/apriltag_ros/lib:/usr/lib/x86_64-linux-gnu/gazebo-11/plugins:/opt/ros/humble/opt/rviz_ogre_vendor/lib:/opt/ros/humble/lib/x86_64-linux-gnu:/opt/ros/humble/lib:/usr/share/gazebo/../../lib/x86_64-linux-gnu/gazebo-11/plugins:/usr/share/gazebo/../../lib/x86_64-linux-gnu/gazebo-11/plugins:/usr/share/gazebo/../../lib/x86_64-linux-gnu/gazebo-11/plugins PYTHONPATH=/home/my11/interbotix_ws/install/interbotix_xs_modules/lib/python3.10/site-packages:/home/my11/interbotix_ws/install/interbotix_xs_msgs/local/lib/python3.10/dist-packages:/home/my11/interbotix_ws/install/interbotix_common_modules/lib/python3.10/site-packages:${PYTHONPATH} /usr/bin/cmake --build /home/my11/interbotix_ws/build/interbotix_xsarm_sim -- -j20 -l20
[25.878s] DEBUG:colcon.colcon_core.event_handler.log_command:Invoking command in '/home/my11/interbotix_ws/build/interbotix_xsarm_control': AMENT_PREFIX_PATH=/home/my11/interbotix_ws/install/interbotix_xsarm_descriptions:/home/my11/interbotix_ws/install/interbotix_xs_modules:/home/my11/interbotix_ws/install/interbotix_xs_sdk:/home/my11/interbotix_ws/install/interbotix_xs_driver:/home/my11/interbotix_ws/install/interbotix_xs_msgs:/home/my11/interbotix_ws/install/interbotix_common_modules:/home/my11/interbotix_ws/install/dynamixel_workbench_toolbox:${AMENT_PREFIX_PATH} CMAKE_PREFIX_PATH=/home/my11/interbotix_ws/install/interbotix_xsarm_descriptions:/home/my11/interbotix_ws/install/interbotix_xs_sdk:/home/my11/interbotix_ws/install/interbotix_xs_driver:/home/my11/interbotix_ws/install/interbotix_xs_msgs:/home/my11/interbotix_ws/install/dynamixel_workbench_toolbox:/home/my11/apriltag_ws/install/apriltag_ros:/home/my11/ros2_ws/install/rrbot_gazebo:/home/my11/ros2_ws/install/rrbot_description:/home/my11/ros2_ws/install/plate_description:/home/my11/ros2_ws/install/opencv_test_py:/opt/ros/humble LD_LIBRARY_PATH=/home/my11/interbotix_ws/install/interbotix_xs_driver/lib:/home/my11/interbotix_ws/install/interbotix_xs_msgs/lib:/home/my11/interbotix_ws/install/dynamixel_workbench_toolbox/lib:/home/my11/apriltag_ws/install/apriltag_ros/lib:/usr/lib/x86_64-linux-gnu/gazebo-11/plugins:/opt/ros/humble/opt/rviz_ogre_vendor/lib:/opt/ros/humble/lib/x86_64-linux-gnu:/opt/ros/humble/lib:/usr/share/gazebo/../../lib/x86_64-linux-gnu/gazebo-11/plugins:/usr/share/gazebo/../../lib/x86_64-linux-gnu/gazebo-11/plugins:/usr/share/gazebo/../../lib/x86_64-linux-gnu/gazebo-11/plugins PYTHONPATH=/home/my11/interbotix_ws/install/interbotix_xs_modules/lib/python3.10/site-packages:/home/my11/interbotix_ws/install/interbotix_xs_msgs/local/lib/python3.10/dist-packages:/home/my11/interbotix_ws/install/interbotix_common_modules/lib/python3.10/site-packages:${PYTHONPATH} /usr/bin/cmake --install /home/my11/interbotix_ws/build/interbotix_xsarm_control
[25.879s] DEBUG:colcon.colcon_core.event_handler.log_command:Invoking command in '/home/my11/interbotix_ws/build/interbotix_xsarm_sim': AMENT_PREFIX_PATH=/home/my11/interbotix_ws/install/interbotix_xsarm_descriptions:/home/my11/interbotix_ws/install/interbotix_xs_modules:/home/my11/interbotix_ws/install/interbotix_xs_sdk:/home/my11/interbotix_ws/install/interbotix_xs_ros_control:/home/my11/interbotix_ws/install/interbotix_xs_driver:/home/my11/interbotix_ws/install/interbotix_xs_msgs:/home/my11/interbotix_ws/install/interbotix_common_sim:/home/my11/interbotix_ws/install/interbotix_common_modules:/home/my11/interbotix_ws/install/dynamixel_workbench_toolbox:${AMENT_PREFIX_PATH} CMAKE_PREFIX_PATH=/home/my11/interbotix_ws/install/interbotix_xsarm_descriptions:/home/my11/interbotix_ws/install/interbotix_xs_sdk:/home/my11/interbotix_ws/install/interbotix_xs_ros_control:/home/my11/interbotix_ws/install/interbotix_xs_driver:/home/my11/interbotix_ws/install/interbotix_xs_msgs:/home/my11/interbotix_ws/install/interbotix_common_sim:/home/my11/interbotix_ws/install/dynamixel_workbench_toolbox:/home/my11/apriltag_ws/install/apriltag_ros:/home/my11/ros2_ws/install/rrbot_gazebo:/home/my11/ros2_ws/install/rrbot_description:/home/my11/ros2_ws/install/plate_description:/home/my11/ros2_ws/install/opencv_test_py:/opt/ros/humble LD_LIBRARY_PATH=/home/my11/interbotix_ws/install/interbotix_xs_ros_control/lib:/home/my11/interbotix_ws/install/interbotix_xs_driver/lib:/home/my11/interbotix_ws/install/interbotix_xs_msgs/lib:/home/my11/interbotix_ws/install/dynamixel_workbench_toolbox/lib:/home/my11/apriltag_ws/install/apriltag_ros/lib:/usr/lib/x86_64-linux-gnu/gazebo-11/plugins:/opt/ros/humble/opt/rviz_ogre_vendor/lib:/opt/ros/humble/lib/x86_64-linux-gnu:/opt/ros/humble/lib:/usr/share/gazebo/../../lib/x86_64-linux-gnu/gazebo-11/plugins:/usr/share/gazebo/../../lib/x86_64-linux-gnu/gazebo-11/plugins:/usr/share/gazebo/../../lib/x86_64-linux-gnu/gazebo-11/plugins PYTHONPATH=/home/my11/interbotix_ws/install/interbotix_xs_modules/lib/python3.10/site-packages:/home/my11/interbotix_ws/install/interbotix_xs_msgs/local/lib/python3.10/dist-packages:/home/my11/interbotix_ws/install/interbotix_common_modules/lib/python3.10/site-packages:${PYTHONPATH} /usr/bin/cmake --install /home/my11/interbotix_ws/build/interbotix_xsarm_sim
[25.889s] Level 1:colcon.colcon_core.environment:create_environment_scripts_only(interbotix_xsarm_sim)
[25.890s] Level 1:colcon.colcon_core.environment:checking '/home/my11/interbotix_ws/install/interbotix_xsarm_sim' for CMake module files
[25.890s] DEBUG:colcon.colcon_core.event_handler.log_command:Invoked command in '/home/my11/interbotix_ws/build/interbotix_xsarm_sim' returned '0': AMENT_PREFIX_PATH=/home/my11/interbotix_ws/install/interbotix_xsarm_descriptions:/home/my11/interbotix_ws/install/interbotix_xs_modules:/home/my11/interbotix_ws/install/interbotix_xs_sdk:/home/my11/interbotix_ws/install/interbotix_xs_ros_control:/home/my11/interbotix_ws/install/interbotix_xs_driver:/home/my11/interbotix_ws/install/interbotix_xs_msgs:/home/my11/interbotix_ws/install/interbotix_common_sim:/home/my11/interbotix_ws/install/interbotix_common_modules:/home/my11/interbotix_ws/install/dynamixel_workbench_toolbox:${AMENT_PREFIX_PATH} CMAKE_PREFIX_PATH=/home/my11/interbotix_ws/install/interbotix_xsarm_descriptions:/home/my11/interbotix_ws/install/interbotix_xs_sdk:/home/my11/interbotix_ws/install/interbotix_xs_ros_control:/home/my11/interbotix_ws/install/interbotix_xs_driver:/home/my11/interbotix_ws/install/interbotix_xs_msgs:/home/my11/interbotix_ws/install/interbotix_common_sim:/home/my11/interbotix_ws/install/dynamixel_workbench_toolbox:/home/my11/apriltag_ws/install/apriltag_ros:/home/my11/ros2_ws/install/rrbot_gazebo:/home/my11/ros2_ws/install/rrbot_description:/home/my11/ros2_ws/install/plate_description:/home/my11/ros2_ws/install/opencv_test_py:/opt/ros/humble LD_LIBRARY_PATH=/home/my11/interbotix_ws/install/interbotix_xs_ros_control/lib:/home/my11/interbotix_ws/install/interbotix_xs_driver/lib:/home/my11/interbotix_ws/install/interbotix_xs_msgs/lib:/home/my11/interbotix_ws/install/dynamixel_workbench_toolbox/lib:/home/my11/apriltag_ws/install/apriltag_ros/lib:/usr/lib/x86_64-linux-gnu/gazebo-11/plugins:/opt/ros/humble/opt/rviz_ogre_vendor/lib:/opt/ros/humble/lib/x86_64-linux-gnu:/opt/ros/humble/lib:/usr/share/gazebo/../../lib/x86_64-linux-gnu/gazebo-11/plugins:/usr/share/gazebo/../../lib/x86_64-linux-gnu/gazebo-11/plugins:/usr/share/gazebo/../../lib/x86_64-linux-gnu/gazebo-11/plugins PYTHONPATH=/home/my11/interbotix_ws/install/interbotix_xs_modules/lib/python3.10/site-packages:/home/my11/interbotix_ws/install/interbotix_xs_msgs/local/lib/python3.10/dist-packages:/home/my11/interbotix_ws/install/interbotix_common_modules/lib/python3.10/site-packages:${PYTHONPATH} /usr/bin/cmake --install /home/my11/interbotix_ws/build/interbotix_xsarm_sim
[25.891s] Level 1:colcon.colcon_core.environment:checking '/home/my11/interbotix_ws/install/interbotix_xsarm_sim' for CMake config files
[25.891s] Level 1:colcon.colcon_core.shell:create_environment_hook('interbotix_xsarm_sim', 'cmake_prefix_path')
[25.891s] INFO:colcon.colcon_core.shell:Creating environment hook '/home/my11/interbotix_ws/install/interbotix_xsarm_sim/share/interbotix_xsarm_sim/hook/cmake_prefix_path.ps1'
[25.892s] INFO:colcon.colcon_core.shell:Creating environment descriptor '/home/my11/interbotix_ws/install/interbotix_xsarm_sim/share/interbotix_xsarm_sim/hook/cmake_prefix_path.dsv'
[25.892s] INFO:colcon.colcon_core.shell:Creating environment hook '/home/my11/interbotix_ws/install/interbotix_xsarm_sim/share/interbotix_xsarm_sim/hook/cmake_prefix_path.sh'
[25.892s] Level 1:colcon.colcon_core.environment:checking '/home/my11/interbotix_ws/install/interbotix_xsarm_sim/bin'
[25.892s] Level 1:colcon.colcon_core.environment:checking '/home/my11/interbotix_ws/install/interbotix_xsarm_sim/lib/pkgconfig/interbotix_xsarm_sim.pc'
[25.893s] Level 1:colcon.colcon_core.environment:checking '/home/my11/interbotix_ws/install/interbotix_xsarm_sim/lib/python3.10/site-packages'
[25.893s] Level 1:colcon.colcon_core.environment:checking '/home/my11/interbotix_ws/install/interbotix_xsarm_sim/bin'
[25.893s] INFO:colcon.colcon_core.shell:Creating package script '/home/my11/interbotix_ws/install/interbotix_xsarm_sim/share/interbotix_xsarm_sim/package.ps1'
[25.894s] INFO:colcon.colcon_core.shell:Creating package descriptor '/home/my11/interbotix_ws/install/interbotix_xsarm_sim/share/interbotix_xsarm_sim/package.dsv'
[25.894s] INFO:colcon.colcon_core.shell:Creating package script '/home/my11/interbotix_ws/install/interbotix_xsarm_sim/share/interbotix_xsarm_sim/package.sh'
[25.895s] INFO:colcon.colcon_core.shell:Creating package script '/home/my11/interbotix_ws/install/interbotix_xsarm_sim/share/interbotix_xsarm_sim/package.bash'
[25.895s] INFO:colcon.colcon_core.shell:Creating package script '/home/my11/interbotix_ws/install/interbotix_xsarm_sim/share/interbotix_xsarm_sim/package.zsh'
[25.895s] Level 1:colcon.colcon_core.environment:create_file_with_runtime_dependencies(/home/my11/interbotix_ws/install/interbotix_xsarm_sim/share/colcon-core/packages/interbotix_xsarm_sim)
[25.897s] Level 1:colcon.colcon_core.environment:create_environment_scripts_only(interbotix_xsarm_control)
[25.897s] Level 1:colcon.colcon_core.environment:checking '/home/my11/interbotix_ws/install/interbotix_xsarm_control' for CMake module files
[25.898s] DEBUG:colcon.colcon_core.event_handler.log_command:Invoked command in '/home/my11/interbotix_ws/build/interbotix_xsarm_control' returned '0': AMENT_PREFIX_PATH=/home/my11/interbotix_ws/install/interbotix_xsarm_descriptions:/home/my11/interbotix_ws/install/interbotix_xs_modules:/home/my11/interbotix_ws/install/interbotix_xs_sdk:/home/my11/interbotix_ws/install/interbotix_xs_driver:/home/my11/interbotix_ws/install/interbotix_xs_msgs:/home/my11/interbotix_ws/install/interbotix_common_modules:/home/my11/interbotix_ws/install/dynamixel_workbench_toolbox:${AMENT_PREFIX_PATH} CMAKE_PREFIX_PATH=/home/my11/interbotix_ws/install/interbotix_xsarm_descriptions:/home/my11/interbotix_ws/install/interbotix_xs_sdk:/home/my11/interbotix_ws/install/interbotix_xs_driver:/home/my11/interbotix_ws/install/interbotix_xs_msgs:/home/my11/interbotix_ws/install/dynamixel_workbench_toolbox:/home/my11/apriltag_ws/install/apriltag_ros:/home/my11/ros2_ws/install/rrbot_gazebo:/home/my11/ros2_ws/install/rrbot_description:/home/my11/ros2_ws/install/plate_description:/home/my11/ros2_ws/install/opencv_test_py:/opt/ros/humble LD_LIBRARY_PATH=/home/my11/interbotix_ws/install/interbotix_xs_driver/lib:/home/my11/interbotix_ws/install/interbotix_xs_msgs/lib:/home/my11/interbotix_ws/install/dynamixel_workbench_toolbox/lib:/home/my11/apriltag_ws/install/apriltag_ros/lib:/usr/lib/x86_64-linux-gnu/gazebo-11/plugins:/opt/ros/humble/opt/rviz_ogre_vendor/lib:/opt/ros/humble/lib/x86_64-linux-gnu:/opt/ros/humble/lib:/usr/share/gazebo/../../lib/x86_64-linux-gnu/gazebo-11/plugins:/usr/share/gazebo/../../lib/x86_64-linux-gnu/gazebo-11/plugins:/usr/share/gazebo/../../lib/x86_64-linux-gnu/gazebo-11/plugins PYTHONPATH=/home/my11/interbotix_ws/install/interbotix_xs_modules/lib/python3.10/site-packages:/home/my11/interbotix_ws/install/interbotix_xs_msgs/local/lib/python3.10/dist-packages:/home/my11/interbotix_ws/install/interbotix_common_modules/lib/python3.10/site-packages:${PYTHONPATH} /usr/bin/cmake --install /home/my11/interbotix_ws/build/interbotix_xsarm_control
[25.898s] Level 1:colcon.colcon_core.environment:checking '/home/my11/interbotix_ws/install/interbotix_xsarm_control' for CMake config files
[25.898s] Level 1:colcon.colcon_core.shell:create_environment_hook('interbotix_xsarm_control', 'cmake_prefix_path')
[25.899s] INFO:colcon.colcon_core.shell:Creating environment hook '/home/my11/interbotix_ws/install/interbotix_xsarm_control/share/interbotix_xsarm_control/hook/cmake_prefix_path.ps1'
[25.899s] INFO:colcon.colcon_core.shell:Creating environment descriptor '/home/my11/interbotix_ws/install/interbotix_xsarm_control/share/interbotix_xsarm_control/hook/cmake_prefix_path.dsv'
[25.899s] INFO:colcon.colcon_core.shell:Creating environment hook '/home/my11/interbotix_ws/install/interbotix_xsarm_control/share/interbotix_xsarm_control/hook/cmake_prefix_path.sh'
[25.900s] Level 1:colcon.colcon_core.environment:checking '/home/my11/interbotix_ws/install/interbotix_xsarm_control/lib'
[25.900s] Level 1:colcon.colcon_core.environment:checking '/home/my11/interbotix_ws/install/interbotix_xsarm_control/bin'
[25.900s] Level 1:colcon.colcon_core.environment:checking '/home/my11/interbotix_ws/install/interbotix_xsarm_control/lib/pkgconfig/interbotix_xsarm_control.pc'
[25.900s] Level 1:colcon.colcon_core.environment:checking '/home/my11/interbotix_ws/install/interbotix_xsarm_control/lib/python3.10/site-packages'
[25.900s] Level 1:colcon.colcon_core.environment:checking '/home/my11/interbotix_ws/install/interbotix_xsarm_control/bin'
[25.900s] INFO:colcon.colcon_core.shell:Creating package script '/home/my11/interbotix_ws/install/interbotix_xsarm_control/share/interbotix_xsarm_control/package.ps1'
[25.901s] INFO:colcon.colcon_core.shell:Creating package descriptor '/home/my11/interbotix_ws/install/interbotix_xsarm_control/share/interbotix_xsarm_control/package.dsv'
[25.901s] INFO:colcon.colcon_core.shell:Creating package script '/home/my11/interbotix_ws/install/interbotix_xsarm_control/share/interbotix_xsarm_control/package.sh'
[25.902s] INFO:colcon.colcon_core.shell:Creating package script '/home/my11/interbotix_ws/install/interbotix_xsarm_control/share/interbotix_xsarm_control/package.bash'
[25.902s] INFO:colcon.colcon_core.shell:Creating package script '/home/my11/interbotix_ws/install/interbotix_xsarm_control/share/interbotix_xsarm_control/package.zsh'
[25.902s] Level 1:colcon.colcon_core.environment:create_file_with_runtime_dependencies(/home/my11/interbotix_ws/install/interbotix_xsarm_control/share/colcon-core/packages/interbotix_xsarm_control)
[25.915s] Level 1:colcon.colcon_core.environment:create_environment_scripts_only(interbotix_xsarm_sim)
[25.915s] Level 1:colcon.colcon_core.environment:checking '/home/my11/interbotix_ws/install/interbotix_xsarm_sim' for CMake module files
[25.916s] Level 1:colcon.colcon_core.environment:checking '/home/my11/interbotix_ws/install/interbotix_xsarm_sim' for CMake config files
[25.916s] Level 1:colcon.colcon_core.shell:create_environment_hook('interbotix_xsarm_sim', 'cmake_prefix_path')
[25.916s] INFO:colcon.colcon_core.shell:Creating environment hook '/home/my11/interbotix_ws/install/interbotix_xsarm_sim/share/interbotix_xsarm_sim/hook/cmake_prefix_path.ps1'
[25.917s] INFO:colcon.colcon_core.shell:Creating environment descriptor '/home/my11/interbotix_ws/install/interbotix_xsarm_sim/share/interbotix_xsarm_sim/hook/cmake_prefix_path.dsv'
[25.917s] INFO:colcon.colcon_core.shell:Creating environment hook '/home/my11/interbotix_ws/install/interbotix_xsarm_sim/share/interbotix_xsarm_sim/hook/cmake_prefix_path.sh'
[25.918s] Level 1:colcon.colcon_core.environment:checking '/home/my11/interbotix_ws/install/interbotix_xsarm_sim/bin'
[25.918s] Level 1:colcon.colcon_core.environment:checking '/home/my11/interbotix_ws/install/interbotix_xsarm_sim/lib/pkgconfig/interbotix_xsarm_sim.pc'
[25.918s] Level 1:colcon.colcon_core.environment:checking '/home/my11/interbotix_ws/install/interbotix_xsarm_sim/lib/python3.10/site-packages'
[25.918s] Level 1:colcon.colcon_core.environment:checking '/home/my11/interbotix_ws/install/interbotix_xsarm_sim/bin'
[25.918s] INFO:colcon.colcon_core.shell:Creating package script '/home/my11/interbotix_ws/install/interbotix_xsarm_sim/share/interbotix_xsarm_sim/package.ps1'
[25.919s] INFO:colcon.colcon_core.shell:Creating package descriptor '/home/my11/interbotix_ws/install/interbotix_xsarm_sim/share/interbotix_xsarm_sim/package.dsv'
[25.919s] INFO:colcon.colcon_core.shell:Creating package script '/home/my11/interbotix_ws/install/interbotix_xsarm_sim/share/interbotix_xsarm_sim/package.sh'
[25.920s] INFO:colcon.colcon_core.shell:Creating package script '/home/my11/interbotix_ws/install/interbotix_xsarm_sim/share/interbotix_xsarm_sim/package.bash'
[25.920s] INFO:colcon.colcon_core.shell:Creating package script '/home/my11/interbotix_ws/install/interbotix_xsarm_sim/share/interbotix_xsarm_sim/package.zsh'
[25.921s] Level 1:colcon.colcon_core.environment:create_file_with_runtime_dependencies(/home/my11/interbotix_ws/install/interbotix_xsarm_sim/share/colcon-core/packages/interbotix_xsarm_sim)
[25.922s] Level 1:colcon.colcon_core.environment:create_environment_scripts_only(interbotix_xsarm_control)
[25.922s] Level 1:colcon.colcon_core.environment:checking '/home/my11/interbotix_ws/install/interbotix_xsarm_control' for CMake module files
[25.922s] Level 1:colcon.colcon_core.environment:checking '/home/my11/interbotix_ws/install/interbotix_xsarm_control' for CMake config files
[25.923s] Level 1:colcon.colcon_core.shell:create_environment_hook('interbotix_xsarm_control', 'cmake_prefix_path')
[25.923s] INFO:colcon.colcon_core.shell:Creating environment hook '/home/my11/interbotix_ws/install/interbotix_xsarm_control/share/interbotix_xsarm_control/hook/cmake_prefix_path.ps1'
[25.923s] INFO:colcon.colcon_core.shell:Creating environment descriptor '/home/my11/interbotix_ws/install/interbotix_xsarm_control/share/interbotix_xsarm_control/hook/cmake_prefix_path.dsv'
[25.923s] INFO:colcon.colcon_core.shell:Creating environment hook '/home/my11/interbotix_ws/install/interbotix_xsarm_control/share/interbotix_xsarm_control/hook/cmake_prefix_path.sh'
[25.924s] Level 1:colcon.colcon_core.environment:checking '/home/my11/interbotix_ws/install/interbotix_xsarm_control/lib'
[25.924s] Level 1:colcon.colcon_core.environment:checking '/home/my11/interbotix_ws/install/interbotix_xsarm_control/bin'
[25.924s] Level 1:colcon.colcon_core.environment:checking '/home/my11/interbotix_ws/install/interbotix_xsarm_control/lib/pkgconfig/interbotix_xsarm_control.pc'
[25.924s] Level 1:colcon.colcon_core.environment:checking '/home/my11/interbotix_ws/install/interbotix_xsarm_control/lib/python3.10/site-packages'
[25.924s] Level 1:colcon.colcon_core.environment:checking '/home/my11/interbotix_ws/install/interbotix_xsarm_control/bin'
[25.925s] INFO:colcon.colcon_core.shell:Creating package script '/home/my11/interbotix_ws/install/interbotix_xsarm_control/share/interbotix_xsarm_control/package.ps1'
[25.925s] INFO:colcon.colcon_core.shell:Creating package descriptor '/home/my11/interbotix_ws/install/interbotix_xsarm_control/share/interbotix_xsarm_control/package.dsv'
[25.926s] INFO:colcon.colcon_core.shell:Creating package script '/home/my11/interbotix_ws/install/interbotix_xsarm_control/share/interbotix_xsarm_control/package.sh'
[25.926s] INFO:colcon.colcon_core.shell:Creating package script '/home/my11/interbotix_ws/install/interbotix_xsarm_control/share/interbotix_xsarm_control/package.bash'
[25.926s] INFO:colcon.colcon_core.shell:Creating package script '/home/my11/interbotix_ws/install/interbotix_xsarm_control/share/interbotix_xsarm_control/package.zsh'
[25.927s] Level 1:colcon.colcon_core.environment:create_file_with_runtime_dependencies(/home/my11/interbotix_ws/install/interbotix_xsarm_control/share/colcon-core/packages/interbotix_xsarm_control)
[25.927s] INFO:colcon.colcon_ros.task.ament_cmake.build:Building ROS package in '/home/my11/interbotix_ws/src/interbotix_ros_manipulators/interbotix_ros_xsarms/interbotix_xsarm_ros_control' with build type 'ament_cmake'
[25.927s] INFO:colcon.colcon_cmake.task.cmake.build:Building CMake package in '/home/my11/interbotix_ws/src/interbotix_ros_manipulators/interbotix_ros_xsarms/interbotix_xsarm_ros_control'
[25.927s] INFO:colcon.colcon_core.shell:Skip shell extension 'powershell' for command environment: Not usable outside of PowerShell
[25.927s] DEBUG:colcon.colcon_core.shell:Skip shell extension 'dsv' for command environment
[25.930s] INFO:colcon.colcon_ros.task.ament_cmake.build:Building ROS package in '/home/my11/interbotix_ws/src/interbotix_ros_manipulators/interbotix_ros_xsarms/interbotix_xsarm_perception' with build type 'ament_cmake'
[25.930s] INFO:colcon.colcon_cmake.task.cmake.build:Building CMake package in '/home/my11/interbotix_ws/src/interbotix_ros_manipulators/interbotix_ros_xsarms/interbotix_xsarm_perception'
[25.930s] INFO:colcon.colcon_core.shell:Skip shell extension 'powershell' for command environment: Not usable outside of PowerShell
[25.930s] DEBUG:colcon.colcon_core.shell:Skip shell extension 'dsv' for command environment
[25.933s] INFO:colcon.colcon_ros.task.ament_cmake.build:Building ROS package in '/home/my11/interbotix_ws/src/interbotix_ros_manipulators/interbotix_ros_xsarms/examples/interbotix_xsarm_joy' with build type 'ament_cmake'
[25.933s] INFO:colcon.colcon_cmake.task.cmake.build:Building CMake package in '/home/my11/interbotix_ws/src/interbotix_ros_manipulators/interbotix_ros_xsarms/examples/interbotix_xsarm_joy'
[25.933s] INFO:colcon.colcon_core.shell:Skip shell extension 'powershell' for command environment: Not usable outside of PowerShell
[25.933s] DEBUG:colcon.colcon_core.shell:Skip shell extension 'dsv' for command environment
[25.936s] INFO:colcon.colcon_ros.task.ament_cmake.build:Building ROS package in '/home/my11/interbotix_ws/src/interbotix_ros_manipulators/interbotix_ros_xsarms/examples/interbotix_xsarm_dual' with build type 'ament_cmake'
[25.936s] INFO:colcon.colcon_cmake.task.cmake.build:Building CMake package in '/home/my11/interbotix_ws/src/interbotix_ros_manipulators/interbotix_ros_xsarms/examples/interbotix_xsarm_dual'
[25.936s] INFO:colcon.colcon_core.shell:Skip shell extension 'powershell' for command environment: Not usable outside of PowerShell
[25.936s] DEBUG:colcon.colcon_core.shell:Skip shell extension 'dsv' for command environment
[25.939s] INFO:colcon.colcon_ros.task.ament_cmake.build:Building ROS package in '/home/my11/interbotix_ws/src/interbotix_ros_manipulators/interbotix_ros_xsarms/examples/interbotix_xsarm_gravity_compensation' with build type 'ament_cmake'
[25.939s] INFO:colcon.colcon_cmake.task.cmake.build:Building CMake package in '/home/my11/interbotix_ws/src/interbotix_ros_manipulators/interbotix_ros_xsarms/examples/interbotix_xsarm_gravity_compensation'
[25.939s] INFO:colcon.colcon_core.shell:Skip shell extension 'powershell' for command environment: Not usable outside of PowerShell
[25.939s] DEBUG:colcon.colcon_core.shell:Skip shell extension 'dsv' for command environment
[25.942s] INFO:colcon.colcon_ros.task.ament_cmake.build:Building ROS package in '/home/my11/interbotix_ws/src/interbotix_ros_manipulators/interbotix_ros_xsarms/examples/interbotix_xsarm_puppet' with build type 'ament_cmake'
[25.942s] INFO:colcon.colcon_cmake.task.cmake.build:Building CMake package in '/home/my11/interbotix_ws/src/interbotix_ros_manipulators/interbotix_ros_xsarms/examples/interbotix_xsarm_puppet'
[25.942s] INFO:colcon.colcon_core.shell:Skip shell extension 'powershell' for command environment: Not usable outside of PowerShell
[25.942s] DEBUG:colcon.colcon_core.shell:Skip shell extension 'dsv' for command environment
[25.951s] DEBUG:colcon.colcon_core.event_handler.log_command:Invoking command in '/home/my11/interbotix_ws/build/interbotix_xsarm_ros_control': AMENT_PREFIX_PATH=/home/my11/interbotix_ws/install/interbotix_xsarm_control:/home/my11/interbotix_ws/install/interbotix_xsarm_descriptions:/home/my11/interbotix_ws/install/interbotix_xs_modules:/home/my11/interbotix_ws/install/interbotix_xs_sdk:/home/my11/interbotix_ws/install/interbotix_xs_ros_control:/home/my11/interbotix_ws/install/interbotix_xs_driver:/home/my11/interbotix_ws/install/interbotix_xs_msgs:/home/my11/interbotix_ws/install/interbotix_common_modules:/home/my11/interbotix_ws/install/dynamixel_workbench_toolbox:${AMENT_PREFIX_PATH} CMAKE_PREFIX_PATH=/home/my11/interbotix_ws/install/interbotix_xsarm_control:/home/my11/interbotix_ws/install/interbotix_xsarm_descriptions:/home/my11/interbotix_ws/install/interbotix_xs_sdk:/home/my11/interbotix_ws/install/interbotix_xs_ros_control:/home/my11/interbotix_ws/install/interbotix_xs_driver:/home/my11/interbotix_ws/install/interbotix_xs_msgs:/home/my11/interbotix_ws/install/dynamixel_workbench_toolbox:/home/my11/apriltag_ws/install/apriltag_ros:/home/my11/ros2_ws/install/rrbot_gazebo:/home/my11/ros2_ws/install/rrbot_description:/home/my11/ros2_ws/install/plate_description:/home/my11/ros2_ws/install/opencv_test_py:/opt/ros/humble LD_LIBRARY_PATH=/home/my11/interbotix_ws/install/interbotix_xs_ros_control/lib:/home/my11/interbotix_ws/install/interbotix_xs_driver/lib:/home/my11/interbotix_ws/install/interbotix_xs_msgs/lib:/home/my11/interbotix_ws/install/dynamixel_workbench_toolbox/lib:/home/my11/apriltag_ws/install/apriltag_ros/lib:/usr/lib/x86_64-linux-gnu/gazebo-11/plugins:/opt/ros/humble/opt/rviz_ogre_vendor/lib:/opt/ros/humble/lib/x86_64-linux-gnu:/opt/ros/humble/lib:/usr/share/gazebo/../../lib/x86_64-linux-gnu/gazebo-11/plugins:/usr/share/gazebo/../../lib/x86_64-linux-gnu/gazebo-11/plugins:/usr/share/gazebo/../../lib/x86_64-linux-gnu/gazebo-11/plugins PYTHONPATH=/home/my11/interbotix_ws/install/interbotix_xs_modules/lib/python3.10/site-packages:/home/my11/interbotix_ws/install/interbotix_xs_msgs/local/lib/python3.10/dist-packages:/home/my11/interbotix_ws/install/interbotix_common_modules/lib/python3.10/site-packages:${PYTHONPATH} /usr/bin/cmake /home/my11/interbotix_ws/src/interbotix_ros_manipulators/interbotix_ros_xsarms/interbotix_xsarm_ros_control -DCMAKE_INSTALL_PREFIX=/home/my11/interbotix_ws/install/interbotix_xsarm_ros_control
[25.953s] DEBUG:colcon.colcon_core.event_handler.log_command:Invoking command in '/home/my11/interbotix_ws/build/interbotix_xsarm_perception': AMENT_PREFIX_PATH=/home/my11/interbotix_ws/install/interbotix_xsarm_control:/home/my11/interbotix_ws/install/interbotix_xsarm_descriptions:/home/my11/interbotix_ws/install/interbotix_xs_modules:/home/my11/interbotix_ws/install/interbotix_xs_sdk:/home/my11/interbotix_ws/install/interbotix_perception_modules:/home/my11/interbotix_ws/install/interbotix_xs_driver:/home/my11/interbotix_ws/install/interbotix_perception_pipelines:/home/my11/interbotix_ws/install/interbotix_xs_msgs:/home/my11/interbotix_ws/install/interbotix_perception_msgs:/home/my11/interbotix_ws/install/interbotix_common_modules:/home/my11/interbotix_ws/install/dynamixel_workbench_toolbox:${AMENT_PREFIX_PATH} CMAKE_PREFIX_PATH=/home/my11/interbotix_ws/install/interbotix_xsarm_control:/home/my11/interbotix_ws/install/interbotix_xsarm_descriptions:/home/my11/interbotix_ws/install/interbotix_xs_sdk:/home/my11/interbotix_ws/install/interbotix_xs_driver:/home/my11/interbotix_ws/install/interbotix_perception_pipelines:/home/my11/interbotix_ws/install/interbotix_xs_msgs:/home/my11/interbotix_ws/install/interbotix_perception_msgs:/home/my11/interbotix_ws/install/dynamixel_workbench_toolbox:/home/my11/apriltag_ws/install/apriltag_ros:/home/my11/ros2_ws/install/rrbot_gazebo:/home/my11/ros2_ws/install/rrbot_description:/home/my11/ros2_ws/install/plate_description:/home/my11/ros2_ws/install/opencv_test_py:/opt/ros/humble LD_LIBRARY_PATH=/home/my11/interbotix_ws/install/interbotix_xs_driver/lib:/home/my11/interbotix_ws/install/interbotix_xs_msgs/lib:/home/my11/interbotix_ws/install/interbotix_perception_msgs/lib:/home/my11/interbotix_ws/install/dynamixel_workbench_toolbox/lib:/home/my11/apriltag_ws/install/apriltag_ros/lib:/usr/lib/x86_64-linux-gnu/gazebo-11/plugins:/opt/ros/humble/opt/rviz_ogre_vendor/lib:/opt/ros/humble/lib/x86_64-linux-gnu:/opt/ros/humble/lib:/usr/share/gazebo/../../lib/x86_64-linux-gnu/gazebo-11/plugins:/usr/share/gazebo/../../lib/x86_64-linux-gnu/gazebo-11/plugins:/usr/share/gazebo/../../lib/x86_64-linux-gnu/gazebo-11/plugins PYTHONPATH=/home/my11/interbotix_ws/install/interbotix_xs_modules/lib/python3.10/site-packages:/home/my11/interbotix_ws/install/interbotix_perception_modules/lib/python3.10/site-packages:/home/my11/interbotix_ws/install/interbotix_xs_msgs/local/lib/python3.10/dist-packages:/home/my11/interbotix_ws/install/interbotix_perception_msgs/local/lib/python3.10/dist-packages:/home/my11/interbotix_ws/install/interbotix_common_modules/lib/python3.10/site-packages:${PYTHONPATH} /usr/bin/cmake /home/my11/interbotix_ws/src/interbotix_ros_manipulators/interbotix_ros_xsarms/interbotix_xsarm_perception -DCMAKE_INSTALL_PREFIX=/home/my11/interbotix_ws/install/interbotix_xsarm_perception
[25.955s] DEBUG:colcon.colcon_core.event_handler.log_command:Invoking command in '/home/my11/interbotix_ws/build/interbotix_xsarm_joy': AMENT_PREFIX_PATH=/home/my11/interbotix_ws/install/interbotix_xsarm_control:/home/my11/interbotix_ws/install/interbotix_xsarm_descriptions:/home/my11/interbotix_ws/install/interbotix_xs_modules:/home/my11/interbotix_ws/install/interbotix_xs_sdk:/home/my11/interbotix_ws/install/interbotix_xs_driver:/home/my11/interbotix_ws/install/interbotix_xs_msgs:/home/my11/interbotix_ws/install/interbotix_common_modules:/home/my11/interbotix_ws/install/dynamixel_workbench_toolbox:${AMENT_PREFIX_PATH} CMAKE_PREFIX_PATH=/home/my11/interbotix_ws/install/interbotix_xsarm_control:/home/my11/interbotix_ws/install/interbotix_xsarm_descriptions:/home/my11/interbotix_ws/install/interbotix_xs_sdk:/home/my11/interbotix_ws/install/interbotix_xs_driver:/home/my11/interbotix_ws/install/interbotix_xs_msgs:/home/my11/interbotix_ws/install/dynamixel_workbench_toolbox:/home/my11/apriltag_ws/install/apriltag_ros:/home/my11/ros2_ws/install/rrbot_gazebo:/home/my11/ros2_ws/install/rrbot_description:/home/my11/ros2_ws/install/plate_description:/home/my11/ros2_ws/install/opencv_test_py:/opt/ros/humble LD_LIBRARY_PATH=/home/my11/interbotix_ws/install/interbotix_xs_driver/lib:/home/my11/interbotix_ws/install/interbotix_xs_msgs/lib:/home/my11/interbotix_ws/install/dynamixel_workbench_toolbox/lib:/home/my11/apriltag_ws/install/apriltag_ros/lib:/usr/lib/x86_64-linux-gnu/gazebo-11/plugins:/opt/ros/humble/opt/rviz_ogre_vendor/lib:/opt/ros/humble/lib/x86_64-linux-gnu:/opt/ros/humble/lib:/usr/share/gazebo/../../lib/x86_64-linux-gnu/gazebo-11/plugins:/usr/share/gazebo/../../lib/x86_64-linux-gnu/gazebo-11/plugins:/usr/share/gazebo/../../lib/x86_64-linux-gnu/gazebo-11/plugins PYTHONPATH=/home/my11/interbotix_ws/install/interbotix_xs_modules/lib/python3.10/site-packages:/home/my11/interbotix_ws/install/interbotix_xs_msgs/local/lib/python3.10/dist-packages:/home/my11/interbotix_ws/install/interbotix_common_modules/lib/python3.10/site-packages:${PYTHONPATH} /usr/bin/cmake /home/my11/interbotix_ws/src/interbotix_ros_manipulators/interbotix_ros_xsarms/examples/interbotix_xsarm_joy -DCMAKE_INSTALL_PREFIX=/home/my11/interbotix_ws/install/interbotix_xsarm_joy
[25.957s] DEBUG:colcon.colcon_core.event_handler.log_command:Invoking command in '/home/my11/interbotix_ws/build/interbotix_xsarm_dual': AMENT_PREFIX_PATH=/home/my11/interbotix_ws/install/interbotix_xsarm_control:/home/my11/interbotix_ws/install/interbotix_xsarm_descriptions:/home/my11/interbotix_ws/install/interbotix_xs_modules:/home/my11/interbotix_ws/install/interbotix_xs_sdk:/home/my11/interbotix_ws/install/interbotix_xs_driver:/home/my11/interbotix_ws/install/interbotix_xs_msgs:/home/my11/interbotix_ws/install/interbotix_common_modules:/home/my11/interbotix_ws/install/dynamixel_workbench_toolbox:${AMENT_PREFIX_PATH} CMAKE_PREFIX_PATH=/home/my11/interbotix_ws/install/interbotix_xsarm_control:/home/my11/interbotix_ws/install/interbotix_xsarm_descriptions:/home/my11/interbotix_ws/install/interbotix_xs_sdk:/home/my11/interbotix_ws/install/interbotix_xs_driver:/home/my11/interbotix_ws/install/interbotix_xs_msgs:/home/my11/interbotix_ws/install/dynamixel_workbench_toolbox:/home/my11/apriltag_ws/install/apriltag_ros:/home/my11/ros2_ws/install/rrbot_gazebo:/home/my11/ros2_ws/install/rrbot_description:/home/my11/ros2_ws/install/plate_description:/home/my11/ros2_ws/install/opencv_test_py:/opt/ros/humble LD_LIBRARY_PATH=/home/my11/interbotix_ws/install/interbotix_xs_driver/lib:/home/my11/interbotix_ws/install/interbotix_xs_msgs/lib:/home/my11/interbotix_ws/install/dynamixel_workbench_toolbox/lib:/home/my11/apriltag_ws/install/apriltag_ros/lib:/usr/lib/x86_64-linux-gnu/gazebo-11/plugins:/opt/ros/humble/opt/rviz_ogre_vendor/lib:/opt/ros/humble/lib/x86_64-linux-gnu:/opt/ros/humble/lib:/usr/share/gazebo/../../lib/x86_64-linux-gnu/gazebo-11/plugins:/usr/share/gazebo/../../lib/x86_64-linux-gnu/gazebo-11/plugins:/usr/share/gazebo/../../lib/x86_64-linux-gnu/gazebo-11/plugins PYTHONPATH=/home/my11/interbotix_ws/install/interbotix_xs_modules/lib/python3.10/site-packages:/home/my11/interbotix_ws/install/interbotix_xs_msgs/local/lib/python3.10/dist-packages:/home/my11/interbotix_ws/install/interbotix_common_modules/lib/python3.10/site-packages:${PYTHONPATH} /usr/bin/cmake /home/my11/interbotix_ws/src/interbotix_ros_manipulators/interbotix_ros_xsarms/examples/interbotix_xsarm_dual -DCMAKE_INSTALL_PREFIX=/home/my11/interbotix_ws/install/interbotix_xsarm_dual
[25.961s] DEBUG:colcon.colcon_core.event_handler.log_command:Invoking command in '/home/my11/interbotix_ws/build/interbotix_xsarm_gravity_compensation': AMENT_PREFIX_PATH=/home/my11/interbotix_ws/install/interbotix_xsarm_control:/home/my11/interbotix_ws/install/interbotix_xsarm_descriptions:/home/my11/interbotix_ws/install/interbotix_xs_modules:/home/my11/interbotix_ws/install/interbotix_xs_sdk:/home/my11/interbotix_ws/install/interbotix_xs_driver:/home/my11/interbotix_ws/install/interbotix_gravity_compensation:/home/my11/interbotix_ws/install/interbotix_xs_msgs:/home/my11/interbotix_ws/install/interbotix_common_modules:/home/my11/interbotix_ws/install/dynamixel_workbench_toolbox:${AMENT_PREFIX_PATH} CMAKE_PREFIX_PATH=/home/my11/interbotix_ws/install/interbotix_xsarm_control:/home/my11/interbotix_ws/install/interbotix_xsarm_descriptions:/home/my11/interbotix_ws/install/interbotix_xs_sdk:/home/my11/interbotix_ws/install/interbotix_xs_driver:/home/my11/interbotix_ws/install/interbotix_gravity_compensation:/home/my11/interbotix_ws/install/interbotix_xs_msgs:/home/my11/interbotix_ws/install/dynamixel_workbench_toolbox:/home/my11/apriltag_ws/install/apriltag_ros:/home/my11/ros2_ws/install/rrbot_gazebo:/home/my11/ros2_ws/install/rrbot_description:/home/my11/ros2_ws/install/plate_description:/home/my11/ros2_ws/install/opencv_test_py:/opt/ros/humble LD_LIBRARY_PATH=/home/my11/interbotix_ws/install/interbotix_xs_driver/lib:/home/my11/interbotix_ws/install/interbotix_xs_msgs/lib:/home/my11/interbotix_ws/install/dynamixel_workbench_toolbox/lib:/home/my11/apriltag_ws/install/apriltag_ros/lib:/usr/lib/x86_64-linux-gnu/gazebo-11/plugins:/opt/ros/humble/opt/rviz_ogre_vendor/lib:/opt/ros/humble/lib/x86_64-linux-gnu:/opt/ros/humble/lib:/usr/share/gazebo/../../lib/x86_64-linux-gnu/gazebo-11/plugins:/usr/share/gazebo/../../lib/x86_64-linux-gnu/gazebo-11/plugins:/usr/share/gazebo/../../lib/x86_64-linux-gnu/gazebo-11/plugins PYTHONPATH=/home/my11/interbotix_ws/install/interbotix_xs_modules/lib/python3.10/site-packages:/home/my11/interbotix_ws/install/interbotix_xs_msgs/local/lib/python3.10/dist-packages:/home/my11/interbotix_ws/install/interbotix_common_modules/lib/python3.10/site-packages:${PYTHONPATH} /usr/bin/cmake /home/my11/interbotix_ws/src/interbotix_ros_manipulators/interbotix_ros_xsarms/examples/interbotix_xsarm_gravity_compensation -DCMAKE_INSTALL_PREFIX=/home/my11/interbotix_ws/install/interbotix_xsarm_gravity_compensation
[25.962s] DEBUG:colcon.colcon_core.event_handler.log_command:Invoking command in '/home/my11/interbotix_ws/build/interbotix_xsarm_puppet': AMENT_PREFIX_PATH=/home/my11/interbotix_ws/install/interbotix_xsarm_control:/home/my11/interbotix_ws/install/interbotix_xsarm_descriptions:/home/my11/interbotix_ws/install/interbotix_xs_modules:/home/my11/interbotix_ws/install/interbotix_xs_sdk:/home/my11/interbotix_ws/install/interbotix_xs_driver:/home/my11/interbotix_ws/install/interbotix_xs_msgs:/home/my11/interbotix_ws/install/interbotix_common_modules:/home/my11/interbotix_ws/install/dynamixel_workbench_toolbox:${AMENT_PREFIX_PATH} CMAKE_PREFIX_PATH=/home/my11/interbotix_ws/install/interbotix_xsarm_control:/home/my11/interbotix_ws/install/interbotix_xsarm_descriptions:/home/my11/interbotix_ws/install/interbotix_xs_sdk:/home/my11/interbotix_ws/install/interbotix_xs_driver:/home/my11/interbotix_ws/install/interbotix_xs_msgs:/home/my11/interbotix_ws/install/dynamixel_workbench_toolbox:/home/my11/apriltag_ws/install/apriltag_ros:/home/my11/ros2_ws/install/rrbot_gazebo:/home/my11/ros2_ws/install/rrbot_description:/home/my11/ros2_ws/install/plate_description:/home/my11/ros2_ws/install/opencv_test_py:/opt/ros/humble LD_LIBRARY_PATH=/home/my11/interbotix_ws/install/interbotix_xs_driver/lib:/home/my11/interbotix_ws/install/interbotix_xs_msgs/lib:/home/my11/interbotix_ws/install/dynamixel_workbench_toolbox/lib:/home/my11/apriltag_ws/install/apriltag_ros/lib:/usr/lib/x86_64-linux-gnu/gazebo-11/plugins:/opt/ros/humble/opt/rviz_ogre_vendor/lib:/opt/ros/humble/lib/x86_64-linux-gnu:/opt/ros/humble/lib:/usr/share/gazebo/../../lib/x86_64-linux-gnu/gazebo-11/plugins:/usr/share/gazebo/../../lib/x86_64-linux-gnu/gazebo-11/plugins:/usr/share/gazebo/../../lib/x86_64-linux-gnu/gazebo-11/plugins PYTHONPATH=/home/my11/interbotix_ws/install/interbotix_xs_modules/lib/python3.10/site-packages:/home/my11/interbotix_ws/install/interbotix_xs_msgs/local/lib/python3.10/dist-packages:/home/my11/interbotix_ws/install/interbotix_common_modules/lib/python3.10/site-packages:${PYTHONPATH} /usr/bin/cmake /home/my11/interbotix_ws/src/interbotix_ros_manipulators/interbotix_ros_xsarms/examples/interbotix_xsarm_puppet -DCMAKE_INSTALL_PREFIX=/home/my11/interbotix_ws/install/interbotix_xsarm_puppet
[26.496s] DEBUG:colcon.colcon_core.event_handler.log_command:Invoked command in '/home/my11/interbotix_ws/build/interbotix_xsarm_ros_control' returned '0': AMENT_PREFIX_PATH=/home/my11/interbotix_ws/install/interbotix_xsarm_control:/home/my11/interbotix_ws/install/interbotix_xsarm_descriptions:/home/my11/interbotix_ws/install/interbotix_xs_modules:/home/my11/interbotix_ws/install/interbotix_xs_sdk:/home/my11/interbotix_ws/install/interbotix_xs_ros_control:/home/my11/interbotix_ws/install/interbotix_xs_driver:/home/my11/interbotix_ws/install/interbotix_xs_msgs:/home/my11/interbotix_ws/install/interbotix_common_modules:/home/my11/interbotix_ws/install/dynamixel_workbench_toolbox:${AMENT_PREFIX_PATH} CMAKE_PREFIX_PATH=/home/my11/interbotix_ws/install/interbotix_xsarm_control:/home/my11/interbotix_ws/install/interbotix_xsarm_descriptions:/home/my11/interbotix_ws/install/interbotix_xs_sdk:/home/my11/interbotix_ws/install/interbotix_xs_ros_control:/home/my11/interbotix_ws/install/interbotix_xs_driver:/home/my11/interbotix_ws/install/interbotix_xs_msgs:/home/my11/interbotix_ws/install/dynamixel_workbench_toolbox:/home/my11/apriltag_ws/install/apriltag_ros:/home/my11/ros2_ws/install/rrbot_gazebo:/home/my11/ros2_ws/install/rrbot_description:/home/my11/ros2_ws/install/plate_description:/home/my11/ros2_ws/install/opencv_test_py:/opt/ros/humble LD_LIBRARY_PATH=/home/my11/interbotix_ws/install/interbotix_xs_ros_control/lib:/home/my11/interbotix_ws/install/interbotix_xs_driver/lib:/home/my11/interbotix_ws/install/interbotix_xs_msgs/lib:/home/my11/interbotix_ws/install/dynamixel_workbench_toolbox/lib:/home/my11/apriltag_ws/install/apriltag_ros/lib:/usr/lib/x86_64-linux-gnu/gazebo-11/plugins:/opt/ros/humble/opt/rviz_ogre_vendor/lib:/opt/ros/humble/lib/x86_64-linux-gnu:/opt/ros/humble/lib:/usr/share/gazebo/../../lib/x86_64-linux-gnu/gazebo-11/plugins:/usr/share/gazebo/../../lib/x86_64-linux-gnu/gazebo-11/plugins:/usr/share/gazebo/../../lib/x86_64-linux-gnu/gazebo-11/plugins PYTHONPATH=/home/my11/interbotix_ws/install/interbotix_xs_modules/lib/python3.10/site-packages:/home/my11/interbotix_ws/install/interbotix_xs_msgs/local/lib/python3.10/dist-packages:/home/my11/interbotix_ws/install/interbotix_common_modules/lib/python3.10/site-packages:${PYTHONPATH} /usr/bin/cmake /home/my11/interbotix_ws/src/interbotix_ros_manipulators/interbotix_ros_xsarms/interbotix_xsarm_ros_control -DCMAKE_INSTALL_PREFIX=/home/my11/interbotix_ws/install/interbotix_xsarm_ros_control
[26.497s] DEBUG:colcon.colcon_core.event_handler.log_command:Invoking command in '/home/my11/interbotix_ws/build/interbotix_xsarm_ros_control': AMENT_PREFIX_PATH=/home/my11/interbotix_ws/install/interbotix_xsarm_control:/home/my11/interbotix_ws/install/interbotix_xsarm_descriptions:/home/my11/interbotix_ws/install/interbotix_xs_modules:/home/my11/interbotix_ws/install/interbotix_xs_sdk:/home/my11/interbotix_ws/install/interbotix_xs_ros_control:/home/my11/interbotix_ws/install/interbotix_xs_driver:/home/my11/interbotix_ws/install/interbotix_xs_msgs:/home/my11/interbotix_ws/install/interbotix_common_modules:/home/my11/interbotix_ws/install/dynamixel_workbench_toolbox:${AMENT_PREFIX_PATH} CMAKE_PREFIX_PATH=/home/my11/interbotix_ws/install/interbotix_xsarm_control:/home/my11/interbotix_ws/install/interbotix_xsarm_descriptions:/home/my11/interbotix_ws/install/interbotix_xs_sdk:/home/my11/interbotix_ws/install/interbotix_xs_ros_control:/home/my11/interbotix_ws/install/interbotix_xs_driver:/home/my11/interbotix_ws/install/interbotix_xs_msgs:/home/my11/interbotix_ws/install/dynamixel_workbench_toolbox:/home/my11/apriltag_ws/install/apriltag_ros:/home/my11/ros2_ws/install/rrbot_gazebo:/home/my11/ros2_ws/install/rrbot_description:/home/my11/ros2_ws/install/plate_description:/home/my11/ros2_ws/install/opencv_test_py:/opt/ros/humble LD_LIBRARY_PATH=/home/my11/interbotix_ws/install/interbotix_xs_ros_control/lib:/home/my11/interbotix_ws/install/interbotix_xs_driver/lib:/home/my11/interbotix_ws/install/interbotix_xs_msgs/lib:/home/my11/interbotix_ws/install/dynamixel_workbench_toolbox/lib:/home/my11/apriltag_ws/install/apriltag_ros/lib:/usr/lib/x86_64-linux-gnu/gazebo-11/plugins:/opt/ros/humble/opt/rviz_ogre_vendor/lib:/opt/ros/humble/lib/x86_64-linux-gnu:/opt/ros/humble/lib:/usr/share/gazebo/../../lib/x86_64-linux-gnu/gazebo-11/plugins:/usr/share/gazebo/../../lib/x86_64-linux-gnu/gazebo-11/plugins:/usr/share/gazebo/../../lib/x86_64-linux-gnu/gazebo-11/plugins PYTHONPATH=/home/my11/interbotix_ws/install/interbotix_xs_modules/lib/python3.10/site-packages:/home/my11/interbotix_ws/install/interbotix_xs_msgs/local/lib/python3.10/dist-packages:/home/my11/interbotix_ws/install/interbotix_common_modules/lib/python3.10/site-packages:${PYTHONPATH} /usr/bin/cmake --build /home/my11/interbotix_ws/build/interbotix_xsarm_ros_control -- -j20 -l20
[26.523s] DEBUG:colcon.colcon_core.event_handler.log_command:Invoked command in '/home/my11/interbotix_ws/build/interbotix_xsarm_dual' returned '0': AMENT_PREFIX_PATH=/home/my11/interbotix_ws/install/interbotix_xsarm_control:/home/my11/interbotix_ws/install/interbotix_xsarm_descriptions:/home/my11/interbotix_ws/install/interbotix_xs_modules:/home/my11/interbotix_ws/install/interbotix_xs_sdk:/home/my11/interbotix_ws/install/interbotix_xs_driver:/home/my11/interbotix_ws/install/interbotix_xs_msgs:/home/my11/interbotix_ws/install/interbotix_common_modules:/home/my11/interbotix_ws/install/dynamixel_workbench_toolbox:${AMENT_PREFIX_PATH} CMAKE_PREFIX_PATH=/home/my11/interbotix_ws/install/interbotix_xsarm_control:/home/my11/interbotix_ws/install/interbotix_xsarm_descriptions:/home/my11/interbotix_ws/install/interbotix_xs_sdk:/home/my11/interbotix_ws/install/interbotix_xs_driver:/home/my11/interbotix_ws/install/interbotix_xs_msgs:/home/my11/interbotix_ws/install/dynamixel_workbench_toolbox:/home/my11/apriltag_ws/install/apriltag_ros:/home/my11/ros2_ws/install/rrbot_gazebo:/home/my11/ros2_ws/install/rrbot_description:/home/my11/ros2_ws/install/plate_description:/home/my11/ros2_ws/install/opencv_test_py:/opt/ros/humble LD_LIBRARY_PATH=/home/my11/interbotix_ws/install/interbotix_xs_driver/lib:/home/my11/interbotix_ws/install/interbotix_xs_msgs/lib:/home/my11/interbotix_ws/install/dynamixel_workbench_toolbox/lib:/home/my11/apriltag_ws/install/apriltag_ros/lib:/usr/lib/x86_64-linux-gnu/gazebo-11/plugins:/opt/ros/humble/opt/rviz_ogre_vendor/lib:/opt/ros/humble/lib/x86_64-linux-gnu:/opt/ros/humble/lib:/usr/share/gazebo/../../lib/x86_64-linux-gnu/gazebo-11/plugins:/usr/share/gazebo/../../lib/x86_64-linux-gnu/gazebo-11/plugins:/usr/share/gazebo/../../lib/x86_64-linux-gnu/gazebo-11/plugins PYTHONPATH=/home/my11/interbotix_ws/install/interbotix_xs_modules/lib/python3.10/site-packages:/home/my11/interbotix_ws/install/interbotix_xs_msgs/local/lib/python3.10/dist-packages:/home/my11/interbotix_ws/install/interbotix_common_modules/lib/python3.10/site-packages:${PYTHONPATH} /usr/bin/cmake /home/my11/interbotix_ws/src/interbotix_ros_manipulators/interbotix_ros_xsarms/examples/interbotix_xsarm_dual -DCMAKE_INSTALL_PREFIX=/home/my11/interbotix_ws/install/interbotix_xsarm_dual
[26.525s] DEBUG:colcon.colcon_core.event_handler.log_command:Invoking command in '/home/my11/interbotix_ws/build/interbotix_xsarm_dual': AMENT_PREFIX_PATH=/home/my11/interbotix_ws/install/interbotix_xsarm_control:/home/my11/interbotix_ws/install/interbotix_xsarm_descriptions:/home/my11/interbotix_ws/install/interbotix_xs_modules:/home/my11/interbotix_ws/install/interbotix_xs_sdk:/home/my11/interbotix_ws/install/interbotix_xs_driver:/home/my11/interbotix_ws/install/interbotix_xs_msgs:/home/my11/interbotix_ws/install/interbotix_common_modules:/home/my11/interbotix_ws/install/dynamixel_workbench_toolbox:${AMENT_PREFIX_PATH} CMAKE_PREFIX_PATH=/home/my11/interbotix_ws/install/interbotix_xsarm_control:/home/my11/interbotix_ws/install/interbotix_xsarm_descriptions:/home/my11/interbotix_ws/install/interbotix_xs_sdk:/home/my11/interbotix_ws/install/interbotix_xs_driver:/home/my11/interbotix_ws/install/interbotix_xs_msgs:/home/my11/interbotix_ws/install/dynamixel_workbench_toolbox:/home/my11/apriltag_ws/install/apriltag_ros:/home/my11/ros2_ws/install/rrbot_gazebo:/home/my11/ros2_ws/install/rrbot_description:/home/my11/ros2_ws/install/plate_description:/home/my11/ros2_ws/install/opencv_test_py:/opt/ros/humble LD_LIBRARY_PATH=/home/my11/interbotix_ws/install/interbotix_xs_driver/lib:/home/my11/interbotix_ws/install/interbotix_xs_msgs/lib:/home/my11/interbotix_ws/install/dynamixel_workbench_toolbox/lib:/home/my11/apriltag_ws/install/apriltag_ros/lib:/usr/lib/x86_64-linux-gnu/gazebo-11/plugins:/opt/ros/humble/opt/rviz_ogre_vendor/lib:/opt/ros/humble/lib/x86_64-linux-gnu:/opt/ros/humble/lib:/usr/share/gazebo/../../lib/x86_64-linux-gnu/gazebo-11/plugins:/usr/share/gazebo/../../lib/x86_64-linux-gnu/gazebo-11/plugins:/usr/share/gazebo/../../lib/x86_64-linux-gnu/gazebo-11/plugins PYTHONPATH=/home/my11/interbotix_ws/install/interbotix_xs_modules/lib/python3.10/site-packages:/home/my11/interbotix_ws/install/interbotix_xs_msgs/local/lib/python3.10/dist-packages:/home/my11/interbotix_ws/install/interbotix_common_modules/lib/python3.10/site-packages:${PYTHONPATH} /usr/bin/cmake --build /home/my11/interbotix_ws/build/interbotix_xsarm_dual -- -j20 -l20
[26.527s] DEBUG:colcon.colcon_core.event_handler.log_command:Invoked command in '/home/my11/interbotix_ws/build/interbotix_xsarm_gravity_compensation' returned '0': AMENT_PREFIX_PATH=/home/my11/interbotix_ws/install/interbotix_xsarm_control:/home/my11/interbotix_ws/install/interbotix_xsarm_descriptions:/home/my11/interbotix_ws/install/interbotix_xs_modules:/home/my11/interbotix_ws/install/interbotix_xs_sdk:/home/my11/interbotix_ws/install/interbotix_xs_driver:/home/my11/interbotix_ws/install/interbotix_gravity_compensation:/home/my11/interbotix_ws/install/interbotix_xs_msgs:/home/my11/interbotix_ws/install/interbotix_common_modules:/home/my11/interbotix_ws/install/dynamixel_workbench_toolbox:${AMENT_PREFIX_PATH} CMAKE_PREFIX_PATH=/home/my11/interbotix_ws/install/interbotix_xsarm_control:/home/my11/interbotix_ws/install/interbotix_xsarm_descriptions:/home/my11/interbotix_ws/install/interbotix_xs_sdk:/home/my11/interbotix_ws/install/interbotix_xs_driver:/home/my11/interbotix_ws/install/interbotix_gravity_compensation:/home/my11/interbotix_ws/install/interbotix_xs_msgs:/home/my11/interbotix_ws/install/dynamixel_workbench_toolbox:/home/my11/apriltag_ws/install/apriltag_ros:/home/my11/ros2_ws/install/rrbot_gazebo:/home/my11/ros2_ws/install/rrbot_description:/home/my11/ros2_ws/install/plate_description:/home/my11/ros2_ws/install/opencv_test_py:/opt/ros/humble LD_LIBRARY_PATH=/home/my11/interbotix_ws/install/interbotix_xs_driver/lib:/home/my11/interbotix_ws/install/interbotix_xs_msgs/lib:/home/my11/interbotix_ws/install/dynamixel_workbench_toolbox/lib:/home/my11/apriltag_ws/install/apriltag_ros/lib:/usr/lib/x86_64-linux-gnu/gazebo-11/plugins:/opt/ros/humble/opt/rviz_ogre_vendor/lib:/opt/ros/humble/lib/x86_64-linux-gnu:/opt/ros/humble/lib:/usr/share/gazebo/../../lib/x86_64-linux-gnu/gazebo-11/plugins:/usr/share/gazebo/../../lib/x86_64-linux-gnu/gazebo-11/plugins:/usr/share/gazebo/../../lib/x86_64-linux-gnu/gazebo-11/plugins PYTHONPATH=/home/my11/interbotix_ws/install/interbotix_xs_modules/lib/python3.10/site-packages:/home/my11/interbotix_ws/install/interbotix_xs_msgs/local/lib/python3.10/dist-packages:/home/my11/interbotix_ws/install/interbotix_common_modules/lib/python3.10/site-packages:${PYTHONPATH} /usr/bin/cmake /home/my11/interbotix_ws/src/interbotix_ros_manipulators/interbotix_ros_xsarms/examples/interbotix_xsarm_gravity_compensation -DCMAKE_INSTALL_PREFIX=/home/my11/interbotix_ws/install/interbotix_xsarm_gravity_compensation
[26.528s] DEBUG:colcon.colcon_core.event_handler.log_command:Invoking command in '/home/my11/interbotix_ws/build/interbotix_xsarm_gravity_compensation': AMENT_PREFIX_PATH=/home/my11/interbotix_ws/install/interbotix_xsarm_control:/home/my11/interbotix_ws/install/interbotix_xsarm_descriptions:/home/my11/interbotix_ws/install/interbotix_xs_modules:/home/my11/interbotix_ws/install/interbotix_xs_sdk:/home/my11/interbotix_ws/install/interbotix_xs_driver:/home/my11/interbotix_ws/install/interbotix_gravity_compensation:/home/my11/interbotix_ws/install/interbotix_xs_msgs:/home/my11/interbotix_ws/install/interbotix_common_modules:/home/my11/interbotix_ws/install/dynamixel_workbench_toolbox:${AMENT_PREFIX_PATH} CMAKE_PREFIX_PATH=/home/my11/interbotix_ws/install/interbotix_xsarm_control:/home/my11/interbotix_ws/install/interbotix_xsarm_descriptions:/home/my11/interbotix_ws/install/interbotix_xs_sdk:/home/my11/interbotix_ws/install/interbotix_xs_driver:/home/my11/interbotix_ws/install/interbotix_gravity_compensation:/home/my11/interbotix_ws/install/interbotix_xs_msgs:/home/my11/interbotix_ws/install/dynamixel_workbench_toolbox:/home/my11/apriltag_ws/install/apriltag_ros:/home/my11/ros2_ws/install/rrbot_gazebo:/home/my11/ros2_ws/install/rrbot_description:/home/my11/ros2_ws/install/plate_description:/home/my11/ros2_ws/install/opencv_test_py:/opt/ros/humble LD_LIBRARY_PATH=/home/my11/interbotix_ws/install/interbotix_xs_driver/lib:/home/my11/interbotix_ws/install/interbotix_xs_msgs/lib:/home/my11/interbotix_ws/install/dynamixel_workbench_toolbox/lib:/home/my11/apriltag_ws/install/apriltag_ros/lib:/usr/lib/x86_64-linux-gnu/gazebo-11/plugins:/opt/ros/humble/opt/rviz_ogre_vendor/lib:/opt/ros/humble/lib/x86_64-linux-gnu:/opt/ros/humble/lib:/usr/share/gazebo/../../lib/x86_64-linux-gnu/gazebo-11/plugins:/usr/share/gazebo/../../lib/x86_64-linux-gnu/gazebo-11/plugins:/usr/share/gazebo/../../lib/x86_64-linux-gnu/gazebo-11/plugins PYTHONPATH=/home/my11/interbotix_ws/install/interbotix_xs_modules/lib/python3.10/site-packages:/home/my11/interbotix_ws/install/interbotix_xs_msgs/local/lib/python3.10/dist-packages:/home/my11/interbotix_ws/install/interbotix_common_modules/lib/python3.10/site-packages:${PYTHONPATH} /usr/bin/cmake --build /home/my11/interbotix_ws/build/interbotix_xsarm_gravity_compensation -- -j20 -l20
[26.531s] DEBUG:colcon.colcon_core.event_handler.log_command:Invoked command in '/home/my11/interbotix_ws/build/interbotix_xsarm_perception' returned '0': AMENT_PREFIX_PATH=/home/my11/interbotix_ws/install/interbotix_xsarm_control:/home/my11/interbotix_ws/install/interbotix_xsarm_descriptions:/home/my11/interbotix_ws/install/interbotix_xs_modules:/home/my11/interbotix_ws/install/interbotix_xs_sdk:/home/my11/interbotix_ws/install/interbotix_perception_modules:/home/my11/interbotix_ws/install/interbotix_xs_driver:/home/my11/interbotix_ws/install/interbotix_perception_pipelines:/home/my11/interbotix_ws/install/interbotix_xs_msgs:/home/my11/interbotix_ws/install/interbotix_perception_msgs:/home/my11/interbotix_ws/install/interbotix_common_modules:/home/my11/interbotix_ws/install/dynamixel_workbench_toolbox:${AMENT_PREFIX_PATH} CMAKE_PREFIX_PATH=/home/my11/interbotix_ws/install/interbotix_xsarm_control:/home/my11/interbotix_ws/install/interbotix_xsarm_descriptions:/home/my11/interbotix_ws/install/interbotix_xs_sdk:/home/my11/interbotix_ws/install/interbotix_xs_driver:/home/my11/interbotix_ws/install/interbotix_perception_pipelines:/home/my11/interbotix_ws/install/interbotix_xs_msgs:/home/my11/interbotix_ws/install/interbotix_perception_msgs:/home/my11/interbotix_ws/install/dynamixel_workbench_toolbox:/home/my11/apriltag_ws/install/apriltag_ros:/home/my11/ros2_ws/install/rrbot_gazebo:/home/my11/ros2_ws/install/rrbot_description:/home/my11/ros2_ws/install/plate_description:/home/my11/ros2_ws/install/opencv_test_py:/opt/ros/humble LD_LIBRARY_PATH=/home/my11/interbotix_ws/install/interbotix_xs_driver/lib:/home/my11/interbotix_ws/install/interbotix_xs_msgs/lib:/home/my11/interbotix_ws/install/interbotix_perception_msgs/lib:/home/my11/interbotix_ws/install/dynamixel_workbench_toolbox/lib:/home/my11/apriltag_ws/install/apriltag_ros/lib:/usr/lib/x86_64-linux-gnu/gazebo-11/plugins:/opt/ros/humble/opt/rviz_ogre_vendor/lib:/opt/ros/humble/lib/x86_64-linux-gnu:/opt/ros/humble/lib:/usr/share/gazebo/../../lib/x86_64-linux-gnu/gazebo-11/plugins:/usr/share/gazebo/../../lib/x86_64-linux-gnu/gazebo-11/plugins:/usr/share/gazebo/../../lib/x86_64-linux-gnu/gazebo-11/plugins PYTHONPATH=/home/my11/interbotix_ws/install/interbotix_xs_modules/lib/python3.10/site-packages:/home/my11/interbotix_ws/install/interbotix_perception_modules/lib/python3.10/site-packages:/home/my11/interbotix_ws/install/interbotix_xs_msgs/local/lib/python3.10/dist-packages:/home/my11/interbotix_ws/install/interbotix_perception_msgs/local/lib/python3.10/dist-packages:/home/my11/interbotix_ws/install/interbotix_common_modules/lib/python3.10/site-packages:${PYTHONPATH} /usr/bin/cmake /home/my11/interbotix_ws/src/interbotix_ros_manipulators/interbotix_ros_xsarms/interbotix_xsarm_perception -DCMAKE_INSTALL_PREFIX=/home/my11/interbotix_ws/install/interbotix_xsarm_perception
[26.532s] DEBUG:colcon.colcon_core.event_handler.log_command:Invoking command in '/home/my11/interbotix_ws/build/interbotix_xsarm_perception': AMENT_PREFIX_PATH=/home/my11/interbotix_ws/install/interbotix_xsarm_control:/home/my11/interbotix_ws/install/interbotix_xsarm_descriptions:/home/my11/interbotix_ws/install/interbotix_xs_modules:/home/my11/interbotix_ws/install/interbotix_xs_sdk:/home/my11/interbotix_ws/install/interbotix_perception_modules:/home/my11/interbotix_ws/install/interbotix_xs_driver:/home/my11/interbotix_ws/install/interbotix_perception_pipelines:/home/my11/interbotix_ws/install/interbotix_xs_msgs:/home/my11/interbotix_ws/install/interbotix_perception_msgs:/home/my11/interbotix_ws/install/interbotix_common_modules:/home/my11/interbotix_ws/install/dynamixel_workbench_toolbox:${AMENT_PREFIX_PATH} CMAKE_PREFIX_PATH=/home/my11/interbotix_ws/install/interbotix_xsarm_control:/home/my11/interbotix_ws/install/interbotix_xsarm_descriptions:/home/my11/interbotix_ws/install/interbotix_xs_sdk:/home/my11/interbotix_ws/install/interbotix_xs_driver:/home/my11/interbotix_ws/install/interbotix_perception_pipelines:/home/my11/interbotix_ws/install/interbotix_xs_msgs:/home/my11/interbotix_ws/install/interbotix_perception_msgs:/home/my11/interbotix_ws/install/dynamixel_workbench_toolbox:/home/my11/apriltag_ws/install/apriltag_ros:/home/my11/ros2_ws/install/rrbot_gazebo:/home/my11/ros2_ws/install/rrbot_description:/home/my11/ros2_ws/install/plate_description:/home/my11/ros2_ws/install/opencv_test_py:/opt/ros/humble LD_LIBRARY_PATH=/home/my11/interbotix_ws/install/interbotix_xs_driver/lib:/home/my11/interbotix_ws/install/interbotix_xs_msgs/lib:/home/my11/interbotix_ws/install/interbotix_perception_msgs/lib:/home/my11/interbotix_ws/install/dynamixel_workbench_toolbox/lib:/home/my11/apriltag_ws/install/apriltag_ros/lib:/usr/lib/x86_64-linux-gnu/gazebo-11/plugins:/opt/ros/humble/opt/rviz_ogre_vendor/lib:/opt/ros/humble/lib/x86_64-linux-gnu:/opt/ros/humble/lib:/usr/share/gazebo/../../lib/x86_64-linux-gnu/gazebo-11/plugins:/usr/share/gazebo/../../lib/x86_64-linux-gnu/gazebo-11/plugins:/usr/share/gazebo/../../lib/x86_64-linux-gnu/gazebo-11/plugins PYTHONPATH=/home/my11/interbotix_ws/install/interbotix_xs_modules/lib/python3.10/site-packages:/home/my11/interbotix_ws/install/interbotix_perception_modules/lib/python3.10/site-packages:/home/my11/interbotix_ws/install/interbotix_xs_msgs/local/lib/python3.10/dist-packages:/home/my11/interbotix_ws/install/interbotix_perception_msgs/local/lib/python3.10/dist-packages:/home/my11/interbotix_ws/install/interbotix_common_modules/lib/python3.10/site-packages:${PYTHONPATH} /usr/bin/cmake --build /home/my11/interbotix_ws/build/interbotix_xsarm_perception -- -j20 -l20
[26.534s] DEBUG:colcon.colcon_core.event_handler.log_command:Invoked command in '/home/my11/interbotix_ws/build/interbotix_xsarm_ros_control' returned '0': AMENT_PREFIX_PATH=/home/my11/interbotix_ws/install/interbotix_xsarm_control:/home/my11/interbotix_ws/install/interbotix_xsarm_descriptions:/home/my11/interbotix_ws/install/interbotix_xs_modules:/home/my11/interbotix_ws/install/interbotix_xs_sdk:/home/my11/interbotix_ws/install/interbotix_xs_ros_control:/home/my11/interbotix_ws/install/interbotix_xs_driver:/home/my11/interbotix_ws/install/interbotix_xs_msgs:/home/my11/interbotix_ws/install/interbotix_common_modules:/home/my11/interbotix_ws/install/dynamixel_workbench_toolbox:${AMENT_PREFIX_PATH} CMAKE_PREFIX_PATH=/home/my11/interbotix_ws/install/interbotix_xsarm_control:/home/my11/interbotix_ws/install/interbotix_xsarm_descriptions:/home/my11/interbotix_ws/install/interbotix_xs_sdk:/home/my11/interbotix_ws/install/interbotix_xs_ros_control:/home/my11/interbotix_ws/install/interbotix_xs_driver:/home/my11/interbotix_ws/install/interbotix_xs_msgs:/home/my11/interbotix_ws/install/dynamixel_workbench_toolbox:/home/my11/apriltag_ws/install/apriltag_ros:/home/my11/ros2_ws/install/rrbot_gazebo:/home/my11/ros2_ws/install/rrbot_description:/home/my11/ros2_ws/install/plate_description:/home/my11/ros2_ws/install/opencv_test_py:/opt/ros/humble LD_LIBRARY_PATH=/home/my11/interbotix_ws/install/interbotix_xs_ros_control/lib:/home/my11/interbotix_ws/install/interbotix_xs_driver/lib:/home/my11/interbotix_ws/install/interbotix_xs_msgs/lib:/home/my11/interbotix_ws/install/dynamixel_workbench_toolbox/lib:/home/my11/apriltag_ws/install/apriltag_ros/lib:/usr/lib/x86_64-linux-gnu/gazebo-11/plugins:/opt/ros/humble/opt/rviz_ogre_vendor/lib:/opt/ros/humble/lib/x86_64-linux-gnu:/opt/ros/humble/lib:/usr/share/gazebo/../../lib/x86_64-linux-gnu/gazebo-11/plugins:/usr/share/gazebo/../../lib/x86_64-linux-gnu/gazebo-11/plugins:/usr/share/gazebo/../../lib/x86_64-linux-gnu/gazebo-11/plugins PYTHONPATH=/home/my11/interbotix_ws/install/interbotix_xs_modules/lib/python3.10/site-packages:/home/my11/interbotix_ws/install/interbotix_xs_msgs/local/lib/python3.10/dist-packages:/home/my11/interbotix_ws/install/interbotix_common_modules/lib/python3.10/site-packages:${PYTHONPATH} /usr/bin/cmake --build /home/my11/interbotix_ws/build/interbotix_xsarm_ros_control -- -j20 -l20
[26.554s] DEBUG:colcon.colcon_core.event_handler.log_command:Invoking command in '/home/my11/interbotix_ws/build/interbotix_xsarm_ros_control': AMENT_PREFIX_PATH=/home/my11/interbotix_ws/install/interbotix_xsarm_control:/home/my11/interbotix_ws/install/interbotix_xsarm_descriptions:/home/my11/interbotix_ws/install/interbotix_xs_modules:/home/my11/interbotix_ws/install/interbotix_xs_sdk:/home/my11/interbotix_ws/install/interbotix_xs_ros_control:/home/my11/interbotix_ws/install/interbotix_xs_driver:/home/my11/interbotix_ws/install/interbotix_xs_msgs:/home/my11/interbotix_ws/install/interbotix_common_modules:/home/my11/interbotix_ws/install/dynamixel_workbench_toolbox:${AMENT_PREFIX_PATH} CMAKE_PREFIX_PATH=/home/my11/interbotix_ws/install/interbotix_xsarm_control:/home/my11/interbotix_ws/install/interbotix_xsarm_descriptions:/home/my11/interbotix_ws/install/interbotix_xs_sdk:/home/my11/interbotix_ws/install/interbotix_xs_ros_control:/home/my11/interbotix_ws/install/interbotix_xs_driver:/home/my11/interbotix_ws/install/interbotix_xs_msgs:/home/my11/interbotix_ws/install/dynamixel_workbench_toolbox:/home/my11/apriltag_ws/install/apriltag_ros:/home/my11/ros2_ws/install/rrbot_gazebo:/home/my11/ros2_ws/install/rrbot_description:/home/my11/ros2_ws/install/plate_description:/home/my11/ros2_ws/install/opencv_test_py:/opt/ros/humble LD_LIBRARY_PATH=/home/my11/interbotix_ws/install/interbotix_xs_ros_control/lib:/home/my11/interbotix_ws/install/interbotix_xs_driver/lib:/home/my11/interbotix_ws/install/interbotix_xs_msgs/lib:/home/my11/interbotix_ws/install/dynamixel_workbench_toolbox/lib:/home/my11/apriltag_ws/install/apriltag_ros/lib:/usr/lib/x86_64-linux-gnu/gazebo-11/plugins:/opt/ros/humble/opt/rviz_ogre_vendor/lib:/opt/ros/humble/lib/x86_64-linux-gnu:/opt/ros/humble/lib:/usr/share/gazebo/../../lib/x86_64-linux-gnu/gazebo-11/plugins:/usr/share/gazebo/../../lib/x86_64-linux-gnu/gazebo-11/plugins:/usr/share/gazebo/../../lib/x86_64-linux-gnu/gazebo-11/plugins PYTHONPATH=/home/my11/interbotix_ws/install/interbotix_xs_modules/lib/python3.10/site-packages:/home/my11/interbotix_ws/install/interbotix_xs_msgs/local/lib/python3.10/dist-packages:/home/my11/interbotix_ws/install/interbotix_common_modules/lib/python3.10/site-packages:${PYTHONPATH} /usr/bin/cmake --install /home/my11/interbotix_ws/build/interbotix_xsarm_ros_control
[26.555s] DEBUG:colcon.colcon_core.event_handler.log_command:Invoked command in '/home/my11/interbotix_ws/build/interbotix_xsarm_dual' returned '0': AMENT_PREFIX_PATH=/home/my11/interbotix_ws/install/interbotix_xsarm_control:/home/my11/interbotix_ws/install/interbotix_xsarm_descriptions:/home/my11/interbotix_ws/install/interbotix_xs_modules:/home/my11/interbotix_ws/install/interbotix_xs_sdk:/home/my11/interbotix_ws/install/interbotix_xs_driver:/home/my11/interbotix_ws/install/interbotix_xs_msgs:/home/my11/interbotix_ws/install/interbotix_common_modules:/home/my11/interbotix_ws/install/dynamixel_workbench_toolbox:${AMENT_PREFIX_PATH} CMAKE_PREFIX_PATH=/home/my11/interbotix_ws/install/interbotix_xsarm_control:/home/my11/interbotix_ws/install/interbotix_xsarm_descriptions:/home/my11/interbotix_ws/install/interbotix_xs_sdk:/home/my11/interbotix_ws/install/interbotix_xs_driver:/home/my11/interbotix_ws/install/interbotix_xs_msgs:/home/my11/interbotix_ws/install/dynamixel_workbench_toolbox:/home/my11/apriltag_ws/install/apriltag_ros:/home/my11/ros2_ws/install/rrbot_gazebo:/home/my11/ros2_ws/install/rrbot_description:/home/my11/ros2_ws/install/plate_description:/home/my11/ros2_ws/install/opencv_test_py:/opt/ros/humble LD_LIBRARY_PATH=/home/my11/interbotix_ws/install/interbotix_xs_driver/lib:/home/my11/interbotix_ws/install/interbotix_xs_msgs/lib:/home/my11/interbotix_ws/install/dynamixel_workbench_toolbox/lib:/home/my11/apriltag_ws/install/apriltag_ros/lib:/usr/lib/x86_64-linux-gnu/gazebo-11/plugins:/opt/ros/humble/opt/rviz_ogre_vendor/lib:/opt/ros/humble/lib/x86_64-linux-gnu:/opt/ros/humble/lib:/usr/share/gazebo/../../lib/x86_64-linux-gnu/gazebo-11/plugins:/usr/share/gazebo/../../lib/x86_64-linux-gnu/gazebo-11/plugins:/usr/share/gazebo/../../lib/x86_64-linux-gnu/gazebo-11/plugins PYTHONPATH=/home/my11/interbotix_ws/install/interbotix_xs_modules/lib/python3.10/site-packages:/home/my11/interbotix_ws/install/interbotix_xs_msgs/local/lib/python3.10/dist-packages:/home/my11/interbotix_ws/install/interbotix_common_modules/lib/python3.10/site-packages:${PYTHONPATH} /usr/bin/cmake --build /home/my11/interbotix_ws/build/interbotix_xsarm_dual -- -j20 -l20
[26.558s] DEBUG:colcon.colcon_core.event_handler.log_command:Invoked command in '/home/my11/interbotix_ws/build/interbotix_xsarm_perception' returned '0': AMENT_PREFIX_PATH=/home/my11/interbotix_ws/install/interbotix_xsarm_control:/home/my11/interbotix_ws/install/interbotix_xsarm_descriptions:/home/my11/interbotix_ws/install/interbotix_xs_modules:/home/my11/interbotix_ws/install/interbotix_xs_sdk:/home/my11/interbotix_ws/install/interbotix_perception_modules:/home/my11/interbotix_ws/install/interbotix_xs_driver:/home/my11/interbotix_ws/install/interbotix_perception_pipelines:/home/my11/interbotix_ws/install/interbotix_xs_msgs:/home/my11/interbotix_ws/install/interbotix_perception_msgs:/home/my11/interbotix_ws/install/interbotix_common_modules:/home/my11/interbotix_ws/install/dynamixel_workbench_toolbox:${AMENT_PREFIX_PATH} CMAKE_PREFIX_PATH=/home/my11/interbotix_ws/install/interbotix_xsarm_control:/home/my11/interbotix_ws/install/interbotix_xsarm_descriptions:/home/my11/interbotix_ws/install/interbotix_xs_sdk:/home/my11/interbotix_ws/install/interbotix_xs_driver:/home/my11/interbotix_ws/install/interbotix_perception_pipelines:/home/my11/interbotix_ws/install/interbotix_xs_msgs:/home/my11/interbotix_ws/install/interbotix_perception_msgs:/home/my11/interbotix_ws/install/dynamixel_workbench_toolbox:/home/my11/apriltag_ws/install/apriltag_ros:/home/my11/ros2_ws/install/rrbot_gazebo:/home/my11/ros2_ws/install/rrbot_description:/home/my11/ros2_ws/install/plate_description:/home/my11/ros2_ws/install/opencv_test_py:/opt/ros/humble LD_LIBRARY_PATH=/home/my11/interbotix_ws/install/interbotix_xs_driver/lib:/home/my11/interbotix_ws/install/interbotix_xs_msgs/lib:/home/my11/interbotix_ws/install/interbotix_perception_msgs/lib:/home/my11/interbotix_ws/install/dynamixel_workbench_toolbox/lib:/home/my11/apriltag_ws/install/apriltag_ros/lib:/usr/lib/x86_64-linux-gnu/gazebo-11/plugins:/opt/ros/humble/opt/rviz_ogre_vendor/lib:/opt/ros/humble/lib/x86_64-linux-gnu:/opt/ros/humble/lib:/usr/share/gazebo/../../lib/x86_64-linux-gnu/gazebo-11/plugins:/usr/share/gazebo/../../lib/x86_64-linux-gnu/gazebo-11/plugins:/usr/share/gazebo/../../lib/x86_64-linux-gnu/gazebo-11/plugins PYTHONPATH=/home/my11/interbotix_ws/install/interbotix_xs_modules/lib/python3.10/site-packages:/home/my11/interbotix_ws/install/interbotix_perception_modules/lib/python3.10/site-packages:/home/my11/interbotix_ws/install/interbotix_xs_msgs/local/lib/python3.10/dist-packages:/home/my11/interbotix_ws/install/interbotix_perception_msgs/local/lib/python3.10/dist-packages:/home/my11/interbotix_ws/install/interbotix_common_modules/lib/python3.10/site-packages:${PYTHONPATH} /usr/bin/cmake --build /home/my11/interbotix_ws/build/interbotix_xsarm_perception -- -j20 -l20
[26.564s] DEBUG:colcon.colcon_core.event_handler.log_command:Invoked command in '/home/my11/interbotix_ws/build/interbotix_xsarm_gravity_compensation' returned '0': AMENT_PREFIX_PATH=/home/my11/interbotix_ws/install/interbotix_xsarm_control:/home/my11/interbotix_ws/install/interbotix_xsarm_descriptions:/home/my11/interbotix_ws/install/interbotix_xs_modules:/home/my11/interbotix_ws/install/interbotix_xs_sdk:/home/my11/interbotix_ws/install/interbotix_xs_driver:/home/my11/interbotix_ws/install/interbotix_gravity_compensation:/home/my11/interbotix_ws/install/interbotix_xs_msgs:/home/my11/interbotix_ws/install/interbotix_common_modules:/home/my11/interbotix_ws/install/dynamixel_workbench_toolbox:${AMENT_PREFIX_PATH} CMAKE_PREFIX_PATH=/home/my11/interbotix_ws/install/interbotix_xsarm_control:/home/my11/interbotix_ws/install/interbotix_xsarm_descriptions:/home/my11/interbotix_ws/install/interbotix_xs_sdk:/home/my11/interbotix_ws/install/interbotix_xs_driver:/home/my11/interbotix_ws/install/interbotix_gravity_compensation:/home/my11/interbotix_ws/install/interbotix_xs_msgs:/home/my11/interbotix_ws/install/dynamixel_workbench_toolbox:/home/my11/apriltag_ws/install/apriltag_ros:/home/my11/ros2_ws/install/rrbot_gazebo:/home/my11/ros2_ws/install/rrbot_description:/home/my11/ros2_ws/install/plate_description:/home/my11/ros2_ws/install/opencv_test_py:/opt/ros/humble LD_LIBRARY_PATH=/home/my11/interbotix_ws/install/interbotix_xs_driver/lib:/home/my11/interbotix_ws/install/interbotix_xs_msgs/lib:/home/my11/interbotix_ws/install/dynamixel_workbench_toolbox/lib:/home/my11/apriltag_ws/install/apriltag_ros/lib:/usr/lib/x86_64-linux-gnu/gazebo-11/plugins:/opt/ros/humble/opt/rviz_ogre_vendor/lib:/opt/ros/humble/lib/x86_64-linux-gnu:/opt/ros/humble/lib:/usr/share/gazebo/../../lib/x86_64-linux-gnu/gazebo-11/plugins:/usr/share/gazebo/../../lib/x86_64-linux-gnu/gazebo-11/plugins:/usr/share/gazebo/../../lib/x86_64-linux-gnu/gazebo-11/plugins PYTHONPATH=/home/my11/interbotix_ws/install/interbotix_xs_modules/lib/python3.10/site-packages:/home/my11/interbotix_ws/install/interbotix_xs_msgs/local/lib/python3.10/dist-packages:/home/my11/interbotix_ws/install/interbotix_common_modules/lib/python3.10/site-packages:${PYTHONPATH} /usr/bin/cmake --build /home/my11/interbotix_ws/build/interbotix_xsarm_gravity_compensation -- -j20 -l20
[26.567s] Level 1:colcon.colcon_core.environment:create_environment_scripts_only(interbotix_xsarm_ros_control)
[26.567s] Level 1:colcon.colcon_core.environment:checking '/home/my11/interbotix_ws/install/interbotix_xsarm_ros_control' for CMake module files
[26.568s] DEBUG:colcon.colcon_core.event_handler.log_command:Invoked command in '/home/my11/interbotix_ws/build/interbotix_xsarm_ros_control' returned '0': AMENT_PREFIX_PATH=/home/my11/interbotix_ws/install/interbotix_xsarm_control:/home/my11/interbotix_ws/install/interbotix_xsarm_descriptions:/home/my11/interbotix_ws/install/interbotix_xs_modules:/home/my11/interbotix_ws/install/interbotix_xs_sdk:/home/my11/interbotix_ws/install/interbotix_xs_ros_control:/home/my11/interbotix_ws/install/interbotix_xs_driver:/home/my11/interbotix_ws/install/interbotix_xs_msgs:/home/my11/interbotix_ws/install/interbotix_common_modules:/home/my11/interbotix_ws/install/dynamixel_workbench_toolbox:${AMENT_PREFIX_PATH} CMAKE_PREFIX_PATH=/home/my11/interbotix_ws/install/interbotix_xsarm_control:/home/my11/interbotix_ws/install/interbotix_xsarm_descriptions:/home/my11/interbotix_ws/install/interbotix_xs_sdk:/home/my11/interbotix_ws/install/interbotix_xs_ros_control:/home/my11/interbotix_ws/install/interbotix_xs_driver:/home/my11/interbotix_ws/install/interbotix_xs_msgs:/home/my11/interbotix_ws/install/dynamixel_workbench_toolbox:/home/my11/apriltag_ws/install/apriltag_ros:/home/my11/ros2_ws/install/rrbot_gazebo:/home/my11/ros2_ws/install/rrbot_description:/home/my11/ros2_ws/install/plate_description:/home/my11/ros2_ws/install/opencv_test_py:/opt/ros/humble LD_LIBRARY_PATH=/home/my11/interbotix_ws/install/interbotix_xs_ros_control/lib:/home/my11/interbotix_ws/install/interbotix_xs_driver/lib:/home/my11/interbotix_ws/install/interbotix_xs_msgs/lib:/home/my11/interbotix_ws/install/dynamixel_workbench_toolbox/lib:/home/my11/apriltag_ws/install/apriltag_ros/lib:/usr/lib/x86_64-linux-gnu/gazebo-11/plugins:/opt/ros/humble/opt/rviz_ogre_vendor/lib:/opt/ros/humble/lib/x86_64-linux-gnu:/opt/ros/humble/lib:/usr/share/gazebo/../../lib/x86_64-linux-gnu/gazebo-11/plugins:/usr/share/gazebo/../../lib/x86_64-linux-gnu/gazebo-11/plugins:/usr/share/gazebo/../../lib/x86_64-linux-gnu/gazebo-11/plugins PYTHONPATH=/home/my11/interbotix_ws/install/interbotix_xs_modules/lib/python3.10/site-packages:/home/my11/interbotix_ws/install/interbotix_xs_msgs/local/lib/python3.10/dist-packages:/home/my11/interbotix_ws/install/interbotix_common_modules/lib/python3.10/site-packages:${PYTHONPATH} /usr/bin/cmake --install /home/my11/interbotix_ws/build/interbotix_xsarm_ros_control
[26.568s] Level 1:colcon.colcon_core.environment:checking '/home/my11/interbotix_ws/install/interbotix_xsarm_ros_control' for CMake config files
[26.568s] Level 1:colcon.colcon_core.shell:create_environment_hook('interbotix_xsarm_ros_control', 'cmake_prefix_path')
[26.569s] INFO:colcon.colcon_core.shell:Creating environment hook '/home/my11/interbotix_ws/install/interbotix_xsarm_ros_control/share/interbotix_xsarm_ros_control/hook/cmake_prefix_path.ps1'
[26.569s] INFO:colcon.colcon_core.shell:Creating environment descriptor '/home/my11/interbotix_ws/install/interbotix_xsarm_ros_control/share/interbotix_xsarm_ros_control/hook/cmake_prefix_path.dsv'
[26.569s] INFO:colcon.colcon_core.shell:Creating environment hook '/home/my11/interbotix_ws/install/interbotix_xsarm_ros_control/share/interbotix_xsarm_ros_control/hook/cmake_prefix_path.sh'
[26.570s] Level 1:colcon.colcon_core.environment:checking '/home/my11/interbotix_ws/install/interbotix_xsarm_ros_control/bin'
[26.570s] Level 1:colcon.colcon_core.environment:checking '/home/my11/interbotix_ws/install/interbotix_xsarm_ros_control/lib/pkgconfig/interbotix_xsarm_ros_control.pc'
[26.570s] Level 1:colcon.colcon_core.environment:checking '/home/my11/interbotix_ws/install/interbotix_xsarm_ros_control/lib/python3.10/site-packages'
[26.571s] Level 1:colcon.colcon_core.environment:checking '/home/my11/interbotix_ws/install/interbotix_xsarm_ros_control/bin'
[26.571s] INFO:colcon.colcon_core.shell:Creating package script '/home/my11/interbotix_ws/install/interbotix_xsarm_ros_control/share/interbotix_xsarm_ros_control/package.ps1'
[26.571s] INFO:colcon.colcon_core.shell:Creating package descriptor '/home/my11/interbotix_ws/install/interbotix_xsarm_ros_control/share/interbotix_xsarm_ros_control/package.dsv'
[26.572s] INFO:colcon.colcon_core.shell:Creating package script '/home/my11/interbotix_ws/install/interbotix_xsarm_ros_control/share/interbotix_xsarm_ros_control/package.sh'
[26.572s] INFO:colcon.colcon_core.shell:Creating package script '/home/my11/interbotix_ws/install/interbotix_xsarm_ros_control/share/interbotix_xsarm_ros_control/package.bash'
[26.573s] INFO:colcon.colcon_core.shell:Creating package script '/home/my11/interbotix_ws/install/interbotix_xsarm_ros_control/share/interbotix_xsarm_ros_control/package.zsh'
[26.573s] Level 1:colcon.colcon_core.environment:create_file_with_runtime_dependencies(/home/my11/interbotix_ws/install/interbotix_xsarm_ros_control/share/colcon-core/packages/interbotix_xsarm_ros_control)
[26.576s] DEBUG:colcon.colcon_core.event_handler.log_command:Invoking command in '/home/my11/interbotix_ws/build/interbotix_xsarm_dual': AMENT_PREFIX_PATH=/home/my11/interbotix_ws/install/interbotix_xsarm_control:/home/my11/interbotix_ws/install/interbotix_xsarm_descriptions:/home/my11/interbotix_ws/install/interbotix_xs_modules:/home/my11/interbotix_ws/install/interbotix_xs_sdk:/home/my11/interbotix_ws/install/interbotix_xs_driver:/home/my11/interbotix_ws/install/interbotix_xs_msgs:/home/my11/interbotix_ws/install/interbotix_common_modules:/home/my11/interbotix_ws/install/dynamixel_workbench_toolbox:${AMENT_PREFIX_PATH} CMAKE_PREFIX_PATH=/home/my11/interbotix_ws/install/interbotix_xsarm_control:/home/my11/interbotix_ws/install/interbotix_xsarm_descriptions:/home/my11/interbotix_ws/install/interbotix_xs_sdk:/home/my11/interbotix_ws/install/interbotix_xs_driver:/home/my11/interbotix_ws/install/interbotix_xs_msgs:/home/my11/interbotix_ws/install/dynamixel_workbench_toolbox:/home/my11/apriltag_ws/install/apriltag_ros:/home/my11/ros2_ws/install/rrbot_gazebo:/home/my11/ros2_ws/install/rrbot_description:/home/my11/ros2_ws/install/plate_description:/home/my11/ros2_ws/install/opencv_test_py:/opt/ros/humble LD_LIBRARY_PATH=/home/my11/interbotix_ws/install/interbotix_xs_driver/lib:/home/my11/interbotix_ws/install/interbotix_xs_msgs/lib:/home/my11/interbotix_ws/install/dynamixel_workbench_toolbox/lib:/home/my11/apriltag_ws/install/apriltag_ros/lib:/usr/lib/x86_64-linux-gnu/gazebo-11/plugins:/opt/ros/humble/opt/rviz_ogre_vendor/lib:/opt/ros/humble/lib/x86_64-linux-gnu:/opt/ros/humble/lib:/usr/share/gazebo/../../lib/x86_64-linux-gnu/gazebo-11/plugins:/usr/share/gazebo/../../lib/x86_64-linux-gnu/gazebo-11/plugins:/usr/share/gazebo/../../lib/x86_64-linux-gnu/gazebo-11/plugins PYTHONPATH=/home/my11/interbotix_ws/install/interbotix_xs_modules/lib/python3.10/site-packages:/home/my11/interbotix_ws/install/interbotix_xs_msgs/local/lib/python3.10/dist-packages:/home/my11/interbotix_ws/install/interbotix_common_modules/lib/python3.10/site-packages:${PYTHONPATH} /usr/bin/cmake --install /home/my11/interbotix_ws/build/interbotix_xsarm_dual
[26.577s] DEBUG:colcon.colcon_core.event_handler.log_command:Invoking command in '/home/my11/interbotix_ws/build/interbotix_xsarm_perception': AMENT_PREFIX_PATH=/home/my11/interbotix_ws/install/interbotix_xsarm_control:/home/my11/interbotix_ws/install/interbotix_xsarm_descriptions:/home/my11/interbotix_ws/install/interbotix_xs_modules:/home/my11/interbotix_ws/install/interbotix_xs_sdk:/home/my11/interbotix_ws/install/interbotix_perception_modules:/home/my11/interbotix_ws/install/interbotix_xs_driver:/home/my11/interbotix_ws/install/interbotix_perception_pipelines:/home/my11/interbotix_ws/install/interbotix_xs_msgs:/home/my11/interbotix_ws/install/interbotix_perception_msgs:/home/my11/interbotix_ws/install/interbotix_common_modules:/home/my11/interbotix_ws/install/dynamixel_workbench_toolbox:${AMENT_PREFIX_PATH} CMAKE_PREFIX_PATH=/home/my11/interbotix_ws/install/interbotix_xsarm_control:/home/my11/interbotix_ws/install/interbotix_xsarm_descriptions:/home/my11/interbotix_ws/install/interbotix_xs_sdk:/home/my11/interbotix_ws/install/interbotix_xs_driver:/home/my11/interbotix_ws/install/interbotix_perception_pipelines:/home/my11/interbotix_ws/install/interbotix_xs_msgs:/home/my11/interbotix_ws/install/interbotix_perception_msgs:/home/my11/interbotix_ws/install/dynamixel_workbench_toolbox:/home/my11/apriltag_ws/install/apriltag_ros:/home/my11/ros2_ws/install/rrbot_gazebo:/home/my11/ros2_ws/install/rrbot_description:/home/my11/ros2_ws/install/plate_description:/home/my11/ros2_ws/install/opencv_test_py:/opt/ros/humble LD_LIBRARY_PATH=/home/my11/interbotix_ws/install/interbotix_xs_driver/lib:/home/my11/interbotix_ws/install/interbotix_xs_msgs/lib:/home/my11/interbotix_ws/install/interbotix_perception_msgs/lib:/home/my11/interbotix_ws/install/dynamixel_workbench_toolbox/lib:/home/my11/apriltag_ws/install/apriltag_ros/lib:/usr/lib/x86_64-linux-gnu/gazebo-11/plugins:/opt/ros/humble/opt/rviz_ogre_vendor/lib:/opt/ros/humble/lib/x86_64-linux-gnu:/opt/ros/humble/lib:/usr/share/gazebo/../../lib/x86_64-linux-gnu/gazebo-11/plugins:/usr/share/gazebo/../../lib/x86_64-linux-gnu/gazebo-11/plugins:/usr/share/gazebo/../../lib/x86_64-linux-gnu/gazebo-11/plugins PYTHONPATH=/home/my11/interbotix_ws/install/interbotix_xs_modules/lib/python3.10/site-packages:/home/my11/interbotix_ws/install/interbotix_perception_modules/lib/python3.10/site-packages:/home/my11/interbotix_ws/install/interbotix_xs_msgs/local/lib/python3.10/dist-packages:/home/my11/interbotix_ws/install/interbotix_perception_msgs/local/lib/python3.10/dist-packages:/home/my11/interbotix_ws/install/interbotix_common_modules/lib/python3.10/site-packages:${PYTHONPATH} /usr/bin/cmake --install /home/my11/interbotix_ws/build/interbotix_xsarm_perception
[26.585s] Level 1:colcon.colcon_core.environment:create_environment_scripts_only(interbotix_xsarm_perception)
[26.586s] Level 1:colcon.colcon_core.environment:checking '/home/my11/interbotix_ws/install/interbotix_xsarm_perception' for CMake module files
[26.586s] DEBUG:colcon.colcon_core.event_handler.log_command:Invoked command in '/home/my11/interbotix_ws/build/interbotix_xsarm_perception' returned '0': AMENT_PREFIX_PATH=/home/my11/interbotix_ws/install/interbotix_xsarm_control:/home/my11/interbotix_ws/install/interbotix_xsarm_descriptions:/home/my11/interbotix_ws/install/interbotix_xs_modules:/home/my11/interbotix_ws/install/interbotix_xs_sdk:/home/my11/interbotix_ws/install/interbotix_perception_modules:/home/my11/interbotix_ws/install/interbotix_xs_driver:/home/my11/interbotix_ws/install/interbotix_perception_pipelines:/home/my11/interbotix_ws/install/interbotix_xs_msgs:/home/my11/interbotix_ws/install/interbotix_perception_msgs:/home/my11/interbotix_ws/install/interbotix_common_modules:/home/my11/interbotix_ws/install/dynamixel_workbench_toolbox:${AMENT_PREFIX_PATH} CMAKE_PREFIX_PATH=/home/my11/interbotix_ws/install/interbotix_xsarm_control:/home/my11/interbotix_ws/install/interbotix_xsarm_descriptions:/home/my11/interbotix_ws/install/interbotix_xs_sdk:/home/my11/interbotix_ws/install/interbotix_xs_driver:/home/my11/interbotix_ws/install/interbotix_perception_pipelines:/home/my11/interbotix_ws/install/interbotix_xs_msgs:/home/my11/interbotix_ws/install/interbotix_perception_msgs:/home/my11/interbotix_ws/install/dynamixel_workbench_toolbox:/home/my11/apriltag_ws/install/apriltag_ros:/home/my11/ros2_ws/install/rrbot_gazebo:/home/my11/ros2_ws/install/rrbot_description:/home/my11/ros2_ws/install/plate_description:/home/my11/ros2_ws/install/opencv_test_py:/opt/ros/humble LD_LIBRARY_PATH=/home/my11/interbotix_ws/install/interbotix_xs_driver/lib:/home/my11/interbotix_ws/install/interbotix_xs_msgs/lib:/home/my11/interbotix_ws/install/interbotix_perception_msgs/lib:/home/my11/interbotix_ws/install/dynamixel_workbench_toolbox/lib:/home/my11/apriltag_ws/install/apriltag_ros/lib:/usr/lib/x86_64-linux-gnu/gazebo-11/plugins:/opt/ros/humble/opt/rviz_ogre_vendor/lib:/opt/ros/humble/lib/x86_64-linux-gnu:/opt/ros/humble/lib:/usr/share/gazebo/../../lib/x86_64-linux-gnu/gazebo-11/plugins:/usr/share/gazebo/../../lib/x86_64-linux-gnu/gazebo-11/plugins:/usr/share/gazebo/../../lib/x86_64-linux-gnu/gazebo-11/plugins PYTHONPATH=/home/my11/interbotix_ws/install/interbotix_xs_modules/lib/python3.10/site-packages:/home/my11/interbotix_ws/install/interbotix_perception_modules/lib/python3.10/site-packages:/home/my11/interbotix_ws/install/interbotix_xs_msgs/local/lib/python3.10/dist-packages:/home/my11/interbotix_ws/install/interbotix_perception_msgs/local/lib/python3.10/dist-packages:/home/my11/interbotix_ws/install/interbotix_common_modules/lib/python3.10/site-packages:${PYTHONPATH} /usr/bin/cmake --install /home/my11/interbotix_ws/build/interbotix_xsarm_perception
[26.586s] Level 1:colcon.colcon_core.environment:checking '/home/my11/interbotix_ws/install/interbotix_xsarm_perception' for CMake config files
[26.587s] Level 1:colcon.colcon_core.shell:create_environment_hook('interbotix_xsarm_perception', 'cmake_prefix_path')
[26.587s] INFO:colcon.colcon_core.shell:Creating environment hook '/home/my11/interbotix_ws/install/interbotix_xsarm_perception/share/interbotix_xsarm_perception/hook/cmake_prefix_path.ps1'
[26.587s] INFO:colcon.colcon_core.shell:Creating environment descriptor '/home/my11/interbotix_ws/install/interbotix_xsarm_perception/share/interbotix_xsarm_perception/hook/cmake_prefix_path.dsv'
[26.588s] INFO:colcon.colcon_core.shell:Creating environment hook '/home/my11/interbotix_ws/install/interbotix_xsarm_perception/share/interbotix_xsarm_perception/hook/cmake_prefix_path.sh'
[26.588s] Level 1:colcon.colcon_core.environment:checking '/home/my11/interbotix_ws/install/interbotix_xsarm_perception/lib'
[26.588s] Level 1:colcon.colcon_core.environment:checking '/home/my11/interbotix_ws/install/interbotix_xsarm_perception/bin'
[26.588s] Level 1:colcon.colcon_core.environment:checking '/home/my11/interbotix_ws/install/interbotix_xsarm_perception/lib/pkgconfig/interbotix_xsarm_perception.pc'
[26.589s] Level 1:colcon.colcon_core.environment:checking '/home/my11/interbotix_ws/install/interbotix_xsarm_perception/lib/python3.10/site-packages'
[26.589s] Level 1:colcon.colcon_core.environment:checking '/home/my11/interbotix_ws/install/interbotix_xsarm_perception/bin'
[26.589s] INFO:colcon.colcon_core.shell:Creating package script '/home/my11/interbotix_ws/install/interbotix_xsarm_perception/share/interbotix_xsarm_perception/package.ps1'
[26.589s] INFO:colcon.colcon_core.shell:Creating package descriptor '/home/my11/interbotix_ws/install/interbotix_xsarm_perception/share/interbotix_xsarm_perception/package.dsv'
[26.590s] INFO:colcon.colcon_core.shell:Creating package script '/home/my11/interbotix_ws/install/interbotix_xsarm_perception/share/interbotix_xsarm_perception/package.sh'
[26.590s] INFO:colcon.colcon_core.shell:Creating package script '/home/my11/interbotix_ws/install/interbotix_xsarm_perception/share/interbotix_xsarm_perception/package.bash'
[26.591s] INFO:colcon.colcon_core.shell:Creating package script '/home/my11/interbotix_ws/install/interbotix_xsarm_perception/share/interbotix_xsarm_perception/package.zsh'
[26.591s] Level 1:colcon.colcon_core.environment:create_file_with_runtime_dependencies(/home/my11/interbotix_ws/install/interbotix_xsarm_perception/share/colcon-core/packages/interbotix_xsarm_perception)
[26.593s] DEBUG:colcon.colcon_core.event_handler.log_command:Invoking command in '/home/my11/interbotix_ws/build/interbotix_xsarm_gravity_compensation': AMENT_PREFIX_PATH=/home/my11/interbotix_ws/install/interbotix_xsarm_control:/home/my11/interbotix_ws/install/interbotix_xsarm_descriptions:/home/my11/interbotix_ws/install/interbotix_xs_modules:/home/my11/interbotix_ws/install/interbotix_xs_sdk:/home/my11/interbotix_ws/install/interbotix_xs_driver:/home/my11/interbotix_ws/install/interbotix_gravity_compensation:/home/my11/interbotix_ws/install/interbotix_xs_msgs:/home/my11/interbotix_ws/install/interbotix_common_modules:/home/my11/interbotix_ws/install/dynamixel_workbench_toolbox:${AMENT_PREFIX_PATH} CMAKE_PREFIX_PATH=/home/my11/interbotix_ws/install/interbotix_xsarm_control:/home/my11/interbotix_ws/install/interbotix_xsarm_descriptions:/home/my11/interbotix_ws/install/interbotix_xs_sdk:/home/my11/interbotix_ws/install/interbotix_xs_driver:/home/my11/interbotix_ws/install/interbotix_gravity_compensation:/home/my11/interbotix_ws/install/interbotix_xs_msgs:/home/my11/interbotix_ws/install/dynamixel_workbench_toolbox:/home/my11/apriltag_ws/install/apriltag_ros:/home/my11/ros2_ws/install/rrbot_gazebo:/home/my11/ros2_ws/install/rrbot_description:/home/my11/ros2_ws/install/plate_description:/home/my11/ros2_ws/install/opencv_test_py:/opt/ros/humble LD_LIBRARY_PATH=/home/my11/interbotix_ws/install/interbotix_xs_driver/lib:/home/my11/interbotix_ws/install/interbotix_xs_msgs/lib:/home/my11/interbotix_ws/install/dynamixel_workbench_toolbox/lib:/home/my11/apriltag_ws/install/apriltag_ros/lib:/usr/lib/x86_64-linux-gnu/gazebo-11/plugins:/opt/ros/humble/opt/rviz_ogre_vendor/lib:/opt/ros/humble/lib/x86_64-linux-gnu:/opt/ros/humble/lib:/usr/share/gazebo/../../lib/x86_64-linux-gnu/gazebo-11/plugins:/usr/share/gazebo/../../lib/x86_64-linux-gnu/gazebo-11/plugins:/usr/share/gazebo/../../lib/x86_64-linux-gnu/gazebo-11/plugins PYTHONPATH=/home/my11/interbotix_ws/install/interbotix_xs_modules/lib/python3.10/site-packages:/home/my11/interbotix_ws/install/interbotix_xs_msgs/local/lib/python3.10/dist-packages:/home/my11/interbotix_ws/install/interbotix_common_modules/lib/python3.10/site-packages:${PYTHONPATH} /usr/bin/cmake --install /home/my11/interbotix_ws/build/interbotix_xsarm_gravity_compensation
[26.594s] Level 1:colcon.colcon_core.environment:create_environment_scripts_only(interbotix_xsarm_dual)
[26.594s] Level 1:colcon.colcon_core.environment:checking '/home/my11/interbotix_ws/install/interbotix_xsarm_dual' for CMake module files
[26.594s] DEBUG:colcon.colcon_core.event_handler.log_command:Invoked command in '/home/my11/interbotix_ws/build/interbotix_xsarm_dual' returned '0': AMENT_PREFIX_PATH=/home/my11/interbotix_ws/install/interbotix_xsarm_control:/home/my11/interbotix_ws/install/interbotix_xsarm_descriptions:/home/my11/interbotix_ws/install/interbotix_xs_modules:/home/my11/interbotix_ws/install/interbotix_xs_sdk:/home/my11/interbotix_ws/install/interbotix_xs_driver:/home/my11/interbotix_ws/install/interbotix_xs_msgs:/home/my11/interbotix_ws/install/interbotix_common_modules:/home/my11/interbotix_ws/install/dynamixel_workbench_toolbox:${AMENT_PREFIX_PATH} CMAKE_PREFIX_PATH=/home/my11/interbotix_ws/install/interbotix_xsarm_control:/home/my11/interbotix_ws/install/interbotix_xsarm_descriptions:/home/my11/interbotix_ws/install/interbotix_xs_sdk:/home/my11/interbotix_ws/install/interbotix_xs_driver:/home/my11/interbotix_ws/install/interbotix_xs_msgs:/home/my11/interbotix_ws/install/dynamixel_workbench_toolbox:/home/my11/apriltag_ws/install/apriltag_ros:/home/my11/ros2_ws/install/rrbot_gazebo:/home/my11/ros2_ws/install/rrbot_description:/home/my11/ros2_ws/install/plate_description:/home/my11/ros2_ws/install/opencv_test_py:/opt/ros/humble LD_LIBRARY_PATH=/home/my11/interbotix_ws/install/interbotix_xs_driver/lib:/home/my11/interbotix_ws/install/interbotix_xs_msgs/lib:/home/my11/interbotix_ws/install/dynamixel_workbench_toolbox/lib:/home/my11/apriltag_ws/install/apriltag_ros/lib:/usr/lib/x86_64-linux-gnu/gazebo-11/plugins:/opt/ros/humble/opt/rviz_ogre_vendor/lib:/opt/ros/humble/lib/x86_64-linux-gnu:/opt/ros/humble/lib:/usr/share/gazebo/../../lib/x86_64-linux-gnu/gazebo-11/plugins:/usr/share/gazebo/../../lib/x86_64-linux-gnu/gazebo-11/plugins:/usr/share/gazebo/../../lib/x86_64-linux-gnu/gazebo-11/plugins PYTHONPATH=/home/my11/interbotix_ws/install/interbotix_xs_modules/lib/python3.10/site-packages:/home/my11/interbotix_ws/install/interbotix_xs_msgs/local/lib/python3.10/dist-packages:/home/my11/interbotix_ws/install/interbotix_common_modules/lib/python3.10/site-packages:${PYTHONPATH} /usr/bin/cmake --install /home/my11/interbotix_ws/build/interbotix_xsarm_dual
[26.595s] Level 1:colcon.colcon_core.environment:checking '/home/my11/interbotix_ws/install/interbotix_xsarm_dual' for CMake config files
[26.595s] Level 1:colcon.colcon_core.shell:create_environment_hook('interbotix_xsarm_dual', 'cmake_prefix_path')
[26.595s] INFO:colcon.colcon_core.shell:Creating environment hook '/home/my11/interbotix_ws/install/interbotix_xsarm_dual/share/interbotix_xsarm_dual/hook/cmake_prefix_path.ps1'
[26.596s] INFO:colcon.colcon_core.shell:Creating environment descriptor '/home/my11/interbotix_ws/install/interbotix_xsarm_dual/share/interbotix_xsarm_dual/hook/cmake_prefix_path.dsv'
[26.596s] INFO:colcon.colcon_core.shell:Creating environment hook '/home/my11/interbotix_ws/install/interbotix_xsarm_dual/share/interbotix_xsarm_dual/hook/cmake_prefix_path.sh'
[26.596s] Level 1:colcon.colcon_core.environment:checking '/home/my11/interbotix_ws/install/interbotix_xsarm_dual/lib'
[26.597s] Level 1:colcon.colcon_core.environment:checking '/home/my11/interbotix_ws/install/interbotix_xsarm_dual/bin'
[26.597s] Level 1:colcon.colcon_core.environment:checking '/home/my11/interbotix_ws/install/interbotix_xsarm_dual/lib/pkgconfig/interbotix_xsarm_dual.pc'
[26.597s] Level 1:colcon.colcon_core.environment:checking '/home/my11/interbotix_ws/install/interbotix_xsarm_dual/lib/python3.10/site-packages'
[26.597s] Level 1:colcon.colcon_core.environment:checking '/home/my11/interbotix_ws/install/interbotix_xsarm_dual/bin'
[26.597s] INFO:colcon.colcon_core.shell:Creating package script '/home/my11/interbotix_ws/install/interbotix_xsarm_dual/share/interbotix_xsarm_dual/package.ps1'
[26.598s] INFO:colcon.colcon_core.shell:Creating package descriptor '/home/my11/interbotix_ws/install/interbotix_xsarm_dual/share/interbotix_xsarm_dual/package.dsv'
[26.598s] INFO:colcon.colcon_core.shell:Creating package script '/home/my11/interbotix_ws/install/interbotix_xsarm_dual/share/interbotix_xsarm_dual/package.sh'
[26.599s] INFO:colcon.colcon_core.shell:Creating package script '/home/my11/interbotix_ws/install/interbotix_xsarm_dual/share/interbotix_xsarm_dual/package.bash'
[26.599s] INFO:colcon.colcon_core.shell:Creating package script '/home/my11/interbotix_ws/install/interbotix_xsarm_dual/share/interbotix_xsarm_dual/package.zsh'
[26.599s] Level 1:colcon.colcon_core.environment:create_file_with_runtime_dependencies(/home/my11/interbotix_ws/install/interbotix_xsarm_dual/share/colcon-core/packages/interbotix_xsarm_dual)
[26.601s] Level 1:colcon.colcon_core.environment:create_environment_scripts_only(interbotix_xsarm_ros_control)
[26.601s] Level 1:colcon.colcon_core.environment:checking '/home/my11/interbotix_ws/install/interbotix_xsarm_ros_control' for CMake module files
[26.603s] Level 1:colcon.colcon_core.environment:checking '/home/my11/interbotix_ws/install/interbotix_xsarm_ros_control' for CMake config files
[26.604s] Level 1:colcon.colcon_core.shell:create_environment_hook('interbotix_xsarm_ros_control', 'cmake_prefix_path')
[26.604s] INFO:colcon.colcon_core.shell:Creating environment hook '/home/my11/interbotix_ws/install/interbotix_xsarm_ros_control/share/interbotix_xsarm_ros_control/hook/cmake_prefix_path.ps1'
[26.604s] INFO:colcon.colcon_core.shell:Creating environment descriptor '/home/my11/interbotix_ws/install/interbotix_xsarm_ros_control/share/interbotix_xsarm_ros_control/hook/cmake_prefix_path.dsv'
[26.605s] INFO:colcon.colcon_core.shell:Creating environment hook '/home/my11/interbotix_ws/install/interbotix_xsarm_ros_control/share/interbotix_xsarm_ros_control/hook/cmake_prefix_path.sh'
[26.605s] Level 1:colcon.colcon_core.environment:checking '/home/my11/interbotix_ws/install/interbotix_xsarm_ros_control/bin'
[26.605s] Level 1:colcon.colcon_core.environment:checking '/home/my11/interbotix_ws/install/interbotix_xsarm_ros_control/lib/pkgconfig/interbotix_xsarm_ros_control.pc'
[26.605s] Level 1:colcon.colcon_core.environment:checking '/home/my11/interbotix_ws/install/interbotix_xsarm_ros_control/lib/python3.10/site-packages'
[26.606s] Level 1:colcon.colcon_core.environment:checking '/home/my11/interbotix_ws/install/interbotix_xsarm_ros_control/bin'
[26.606s] INFO:colcon.colcon_core.shell:Creating package script '/home/my11/interbotix_ws/install/interbotix_xsarm_ros_control/share/interbotix_xsarm_ros_control/package.ps1'
[26.607s] INFO:colcon.colcon_core.shell:Creating package descriptor '/home/my11/interbotix_ws/install/interbotix_xsarm_ros_control/share/interbotix_xsarm_ros_control/package.dsv'
[26.607s] INFO:colcon.colcon_core.shell:Creating package script '/home/my11/interbotix_ws/install/interbotix_xsarm_ros_control/share/interbotix_xsarm_ros_control/package.sh'
[26.607s] INFO:colcon.colcon_core.shell:Creating package script '/home/my11/interbotix_ws/install/interbotix_xsarm_ros_control/share/interbotix_xsarm_ros_control/package.bash'
[26.608s] INFO:colcon.colcon_core.shell:Creating package script '/home/my11/interbotix_ws/install/interbotix_xsarm_ros_control/share/interbotix_xsarm_ros_control/package.zsh'
[26.608s] Level 1:colcon.colcon_core.environment:create_file_with_runtime_dependencies(/home/my11/interbotix_ws/install/interbotix_xsarm_ros_control/share/colcon-core/packages/interbotix_xsarm_ros_control)
[26.609s] INFO:colcon.colcon_ros.task.ament_cmake.build:Building ROS package in '/home/my11/interbotix_ws/src/interbotix_ros_manipulators/interbotix_ros_xsarms/interbotix_xsarm_moveit' with build type 'ament_cmake'
[26.609s] INFO:colcon.colcon_cmake.task.cmake.build:Building CMake package in '/home/my11/interbotix_ws/src/interbotix_ros_manipulators/interbotix_ros_xsarms/interbotix_xsarm_moveit'
[26.610s] INFO:colcon.colcon_core.shell:Skip shell extension 'powershell' for command environment: Not usable outside of PowerShell
[26.610s] DEBUG:colcon.colcon_core.shell:Skip shell extension 'dsv' for command environment
[26.615s] Level 1:colcon.colcon_core.environment:create_environment_scripts_only(interbotix_xsarm_perception)
[26.616s] Level 1:colcon.colcon_core.environment:checking '/home/my11/interbotix_ws/install/interbotix_xsarm_perception' for CMake module files
[26.616s] Level 1:colcon.colcon_core.environment:checking '/home/my11/interbotix_ws/install/interbotix_xsarm_perception' for CMake config files
[26.616s] Level 1:colcon.colcon_core.shell:create_environment_hook('interbotix_xsarm_perception', 'cmake_prefix_path')
[26.617s] INFO:colcon.colcon_core.shell:Creating environment hook '/home/my11/interbotix_ws/install/interbotix_xsarm_perception/share/interbotix_xsarm_perception/hook/cmake_prefix_path.ps1'
[26.617s] INFO:colcon.colcon_core.shell:Creating environment descriptor '/home/my11/interbotix_ws/install/interbotix_xsarm_perception/share/interbotix_xsarm_perception/hook/cmake_prefix_path.dsv'
[26.617s] INFO:colcon.colcon_core.shell:Creating environment hook '/home/my11/interbotix_ws/install/interbotix_xsarm_perception/share/interbotix_xsarm_perception/hook/cmake_prefix_path.sh'
[26.618s] Level 1:colcon.colcon_core.environment:checking '/home/my11/interbotix_ws/install/interbotix_xsarm_perception/lib'
[26.618s] Level 1:colcon.colcon_core.environment:checking '/home/my11/interbotix_ws/install/interbotix_xsarm_perception/bin'
[26.618s] Level 1:colcon.colcon_core.environment:checking '/home/my11/interbotix_ws/install/interbotix_xsarm_perception/lib/pkgconfig/interbotix_xsarm_perception.pc'
[26.618s] Level 1:colcon.colcon_core.environment:checking '/home/my11/interbotix_ws/install/interbotix_xsarm_perception/lib/python3.10/site-packages'
[26.618s] Level 1:colcon.colcon_core.environment:checking '/home/my11/interbotix_ws/install/interbotix_xsarm_perception/bin'
[26.619s] INFO:colcon.colcon_core.shell:Creating package script '/home/my11/interbotix_ws/install/interbotix_xsarm_perception/share/interbotix_xsarm_perception/package.ps1'
[26.619s] INFO:colcon.colcon_core.shell:Creating package descriptor '/home/my11/interbotix_ws/install/interbotix_xsarm_perception/share/interbotix_xsarm_perception/package.dsv'
[26.620s] INFO:colcon.colcon_core.shell:Creating package script '/home/my11/interbotix_ws/install/interbotix_xsarm_perception/share/interbotix_xsarm_perception/package.sh'
[26.620s] INFO:colcon.colcon_core.shell:Creating package script '/home/my11/interbotix_ws/install/interbotix_xsarm_perception/share/interbotix_xsarm_perception/package.bash'
[26.620s] INFO:colcon.colcon_core.shell:Creating package script '/home/my11/interbotix_ws/install/interbotix_xsarm_perception/share/interbotix_xsarm_perception/package.zsh'
[26.621s] Level 1:colcon.colcon_core.environment:create_file_with_runtime_dependencies(/home/my11/interbotix_ws/install/interbotix_xsarm_perception/share/colcon-core/packages/interbotix_xsarm_perception)
[26.622s] Level 1:colcon.colcon_core.environment:create_environment_scripts_only(interbotix_xsarm_gravity_compensation)
[26.622s] Level 1:colcon.colcon_core.environment:checking '/home/my11/interbotix_ws/install/interbotix_xsarm_gravity_compensation' for CMake module files
[26.622s] DEBUG:colcon.colcon_core.event_handler.log_command:Invoked command in '/home/my11/interbotix_ws/build/interbotix_xsarm_gravity_compensation' returned '0': AMENT_PREFIX_PATH=/home/my11/interbotix_ws/install/interbotix_xsarm_control:/home/my11/interbotix_ws/install/interbotix_xsarm_descriptions:/home/my11/interbotix_ws/install/interbotix_xs_modules:/home/my11/interbotix_ws/install/interbotix_xs_sdk:/home/my11/interbotix_ws/install/interbotix_xs_driver:/home/my11/interbotix_ws/install/interbotix_gravity_compensation:/home/my11/interbotix_ws/install/interbotix_xs_msgs:/home/my11/interbotix_ws/install/interbotix_common_modules:/home/my11/interbotix_ws/install/dynamixel_workbench_toolbox:${AMENT_PREFIX_PATH} CMAKE_PREFIX_PATH=/home/my11/interbotix_ws/install/interbotix_xsarm_control:/home/my11/interbotix_ws/install/interbotix_xsarm_descriptions:/home/my11/interbotix_ws/install/interbotix_xs_sdk:/home/my11/interbotix_ws/install/interbotix_xs_driver:/home/my11/interbotix_ws/install/interbotix_gravity_compensation:/home/my11/interbotix_ws/install/interbotix_xs_msgs:/home/my11/interbotix_ws/install/dynamixel_workbench_toolbox:/home/my11/apriltag_ws/install/apriltag_ros:/home/my11/ros2_ws/install/rrbot_gazebo:/home/my11/ros2_ws/install/rrbot_description:/home/my11/ros2_ws/install/plate_description:/home/my11/ros2_ws/install/opencv_test_py:/opt/ros/humble LD_LIBRARY_PATH=/home/my11/interbotix_ws/install/interbotix_xs_driver/lib:/home/my11/interbotix_ws/install/interbotix_xs_msgs/lib:/home/my11/interbotix_ws/install/dynamixel_workbench_toolbox/lib:/home/my11/apriltag_ws/install/apriltag_ros/lib:/usr/lib/x86_64-linux-gnu/gazebo-11/plugins:/opt/ros/humble/opt/rviz_ogre_vendor/lib:/opt/ros/humble/lib/x86_64-linux-gnu:/opt/ros/humble/lib:/usr/share/gazebo/../../lib/x86_64-linux-gnu/gazebo-11/plugins:/usr/share/gazebo/../../lib/x86_64-linux-gnu/gazebo-11/plugins:/usr/share/gazebo/../../lib/x86_64-linux-gnu/gazebo-11/plugins PYTHONPATH=/home/my11/interbotix_ws/install/interbotix_xs_modules/lib/python3.10/site-packages:/home/my11/interbotix_ws/install/interbotix_xs_msgs/local/lib/python3.10/dist-packages:/home/my11/interbotix_ws/install/interbotix_common_modules/lib/python3.10/site-packages:${PYTHONPATH} /usr/bin/cmake --install /home/my11/interbotix_ws/build/interbotix_xsarm_gravity_compensation
[26.623s] Level 1:colcon.colcon_core.environment:checking '/home/my11/interbotix_ws/install/interbotix_xsarm_gravity_compensation' for CMake config files
[26.623s] Level 1:colcon.colcon_core.shell:create_environment_hook('interbotix_xsarm_gravity_compensation', 'cmake_prefix_path')
[26.623s] INFO:colcon.colcon_core.shell:Creating environment hook '/home/my11/interbotix_ws/install/interbotix_xsarm_gravity_compensation/share/interbotix_xsarm_gravity_compensation/hook/cmake_prefix_path.ps1'
[26.623s] INFO:colcon.colcon_core.shell:Creating environment descriptor '/home/my11/interbotix_ws/install/interbotix_xsarm_gravity_compensation/share/interbotix_xsarm_gravity_compensation/hook/cmake_prefix_path.dsv'
[26.624s] INFO:colcon.colcon_core.shell:Creating environment hook '/home/my11/interbotix_ws/install/interbotix_xsarm_gravity_compensation/share/interbotix_xsarm_gravity_compensation/hook/cmake_prefix_path.sh'
[26.624s] Level 1:colcon.colcon_core.environment:checking '/home/my11/interbotix_ws/install/interbotix_xsarm_gravity_compensation/bin'
[26.624s] Level 1:colcon.colcon_core.environment:checking '/home/my11/interbotix_ws/install/interbotix_xsarm_gravity_compensation/lib/pkgconfig/interbotix_xsarm_gravity_compensation.pc'
[26.625s] Level 1:colcon.colcon_core.environment:checking '/home/my11/interbotix_ws/install/interbotix_xsarm_gravity_compensation/lib/python3.10/site-packages'
[26.625s] Level 1:colcon.colcon_core.environment:checking '/home/my11/interbotix_ws/install/interbotix_xsarm_gravity_compensation/bin'
[26.625s] INFO:colcon.colcon_core.shell:Creating package script '/home/my11/interbotix_ws/install/interbotix_xsarm_gravity_compensation/share/interbotix_xsarm_gravity_compensation/package.ps1'
[26.625s] INFO:colcon.colcon_core.shell:Creating package descriptor '/home/my11/interbotix_ws/install/interbotix_xsarm_gravity_compensation/share/interbotix_xsarm_gravity_compensation/package.dsv'
[26.626s] INFO:colcon.colcon_core.shell:Creating package script '/home/my11/interbotix_ws/install/interbotix_xsarm_gravity_compensation/share/interbotix_xsarm_gravity_compensation/package.sh'
[26.626s] INFO:colcon.colcon_core.shell:Creating package script '/home/my11/interbotix_ws/install/interbotix_xsarm_gravity_compensation/share/interbotix_xsarm_gravity_compensation/package.bash'
[26.627s] INFO:colcon.colcon_core.shell:Creating package script '/home/my11/interbotix_ws/install/interbotix_xsarm_gravity_compensation/share/interbotix_xsarm_gravity_compensation/package.zsh'
[26.627s] Level 1:colcon.colcon_core.environment:create_file_with_runtime_dependencies(/home/my11/interbotix_ws/install/interbotix_xsarm_gravity_compensation/share/colcon-core/packages/interbotix_xsarm_gravity_compensation)
[26.628s] Level 1:colcon.colcon_core.environment:create_environment_scripts_only(interbotix_xsarm_dual)
[26.629s] Level 1:colcon.colcon_core.environment:checking '/home/my11/interbotix_ws/install/interbotix_xsarm_dual' for CMake module files
[26.629s] Level 1:colcon.colcon_core.environment:checking '/home/my11/interbotix_ws/install/interbotix_xsarm_dual' for CMake config files
[26.629s] Level 1:colcon.colcon_core.shell:create_environment_hook('interbotix_xsarm_dual', 'cmake_prefix_path')
[26.629s] INFO:colcon.colcon_core.shell:Creating environment hook '/home/my11/interbotix_ws/install/interbotix_xsarm_dual/share/interbotix_xsarm_dual/hook/cmake_prefix_path.ps1'
[26.630s] INFO:colcon.colcon_core.shell:Creating environment descriptor '/home/my11/interbotix_ws/install/interbotix_xsarm_dual/share/interbotix_xsarm_dual/hook/cmake_prefix_path.dsv'
[26.630s] INFO:colcon.colcon_core.shell:Creating environment hook '/home/my11/interbotix_ws/install/interbotix_xsarm_dual/share/interbotix_xsarm_dual/hook/cmake_prefix_path.sh'
[26.631s] Level 1:colcon.colcon_core.environment:checking '/home/my11/interbotix_ws/install/interbotix_xsarm_dual/lib'
[26.631s] Level 1:colcon.colcon_core.environment:checking '/home/my11/interbotix_ws/install/interbotix_xsarm_dual/bin'
[26.631s] Level 1:colcon.colcon_core.environment:checking '/home/my11/interbotix_ws/install/interbotix_xsarm_dual/lib/pkgconfig/interbotix_xsarm_dual.pc'
[26.631s] Level 1:colcon.colcon_core.environment:checking '/home/my11/interbotix_ws/install/interbotix_xsarm_dual/lib/python3.10/site-packages'
[26.631s] Level 1:colcon.colcon_core.environment:checking '/home/my11/interbotix_ws/install/interbotix_xsarm_dual/bin'
[26.632s] INFO:colcon.colcon_core.shell:Creating package script '/home/my11/interbotix_ws/install/interbotix_xsarm_dual/share/interbotix_xsarm_dual/package.ps1'
[26.632s] INFO:colcon.colcon_core.shell:Creating package descriptor '/home/my11/interbotix_ws/install/interbotix_xsarm_dual/share/interbotix_xsarm_dual/package.dsv'
[26.633s] INFO:colcon.colcon_core.shell:Creating package script '/home/my11/interbotix_ws/install/interbotix_xsarm_dual/share/interbotix_xsarm_dual/package.sh'
[26.633s] INFO:colcon.colcon_core.shell:Creating package script '/home/my11/interbotix_ws/install/interbotix_xsarm_dual/share/interbotix_xsarm_dual/package.bash'
[26.633s] INFO:colcon.colcon_core.shell:Creating package script '/home/my11/interbotix_ws/install/interbotix_xsarm_dual/share/interbotix_xsarm_dual/package.zsh'
[26.634s] Level 1:colcon.colcon_core.environment:create_file_with_runtime_dependencies(/home/my11/interbotix_ws/install/interbotix_xsarm_dual/share/colcon-core/packages/interbotix_xsarm_dual)
[26.637s] DEBUG:colcon.colcon_core.event_handler.log_command:Invoking command in '/home/my11/interbotix_ws/build/interbotix_xsarm_moveit': AMENT_PREFIX_PATH=/home/my11/interbotix_ws/install/interbotix_xsarm_ros_control:/home/my11/interbotix_ws/install/interbotix_xsarm_sim:/home/my11/interbotix_ws/install/interbotix_xsarm_control:/home/my11/interbotix_ws/install/interbotix_xsarm_descriptions:/home/my11/interbotix_ws/install/interbotix_xs_modules:/home/my11/interbotix_ws/install/interbotix_xs_sdk:/home/my11/interbotix_ws/install/interbotix_xs_ros_control:/home/my11/interbotix_ws/install/interbotix_xs_driver:/home/my11/interbotix_ws/install/interbotix_xs_msgs:/home/my11/interbotix_ws/install/interbotix_common_sim:/home/my11/interbotix_ws/install/interbotix_common_modules:/home/my11/interbotix_ws/install/dynamixel_workbench_toolbox:${AMENT_PREFIX_PATH} CMAKE_PREFIX_PATH=/home/my11/interbotix_ws/install/interbotix_xsarm_ros_control:/home/my11/interbotix_ws/install/interbotix_xsarm_sim:/home/my11/interbotix_ws/install/interbotix_xsarm_control:/home/my11/interbotix_ws/install/interbotix_xsarm_descriptions:/home/my11/interbotix_ws/install/interbotix_xs_sdk:/home/my11/interbotix_ws/install/interbotix_xs_ros_control:/home/my11/interbotix_ws/install/interbotix_xs_driver:/home/my11/interbotix_ws/install/interbotix_xs_msgs:/home/my11/interbotix_ws/install/interbotix_common_sim:/home/my11/interbotix_ws/install/dynamixel_workbench_toolbox:/home/my11/apriltag_ws/install/apriltag_ros:/home/my11/ros2_ws/install/rrbot_gazebo:/home/my11/ros2_ws/install/rrbot_description:/home/my11/ros2_ws/install/plate_description:/home/my11/ros2_ws/install/opencv_test_py:/opt/ros/humble LD_LIBRARY_PATH=/home/my11/interbotix_ws/install/interbotix_xs_ros_control/lib:/home/my11/interbotix_ws/install/interbotix_xs_driver/lib:/home/my11/interbotix_ws/install/interbotix_xs_msgs/lib:/home/my11/interbotix_ws/install/dynamixel_workbench_toolbox/lib:/home/my11/apriltag_ws/install/apriltag_ros/lib:/usr/lib/x86_64-linux-gnu/gazebo-11/plugins:/opt/ros/humble/opt/rviz_ogre_vendor/lib:/opt/ros/humble/lib/x86_64-linux-gnu:/opt/ros/humble/lib:/usr/share/gazebo/../../lib/x86_64-linux-gnu/gazebo-11/plugins:/usr/share/gazebo/../../lib/x86_64-linux-gnu/gazebo-11/plugins:/usr/share/gazebo/../../lib/x86_64-linux-gnu/gazebo-11/plugins PYTHONPATH=/home/my11/interbotix_ws/install/interbotix_xs_modules/lib/python3.10/site-packages:/home/my11/interbotix_ws/install/interbotix_xs_msgs/local/lib/python3.10/dist-packages:/home/my11/interbotix_ws/install/interbotix_common_modules/lib/python3.10/site-packages:${PYTHONPATH} /usr/bin/cmake /home/my11/interbotix_ws/src/interbotix_ros_manipulators/interbotix_ros_xsarms/interbotix_xsarm_moveit -DCMAKE_INSTALL_PREFIX=/home/my11/interbotix_ws/install/interbotix_xsarm_moveit
[26.645s] Level 1:colcon.colcon_core.environment:create_environment_scripts_only(interbotix_xsarm_gravity_compensation)
[26.645s] Level 1:colcon.colcon_core.environment:checking '/home/my11/interbotix_ws/install/interbotix_xsarm_gravity_compensation' for CMake module files
[26.646s] Level 1:colcon.colcon_core.environment:checking '/home/my11/interbotix_ws/install/interbotix_xsarm_gravity_compensation' for CMake config files
[26.646s] Level 1:colcon.colcon_core.shell:create_environment_hook('interbotix_xsarm_gravity_compensation', 'cmake_prefix_path')
[26.646s] INFO:colcon.colcon_core.shell:Creating environment hook '/home/my11/interbotix_ws/install/interbotix_xsarm_gravity_compensation/share/interbotix_xsarm_gravity_compensation/hook/cmake_prefix_path.ps1'
[26.647s] INFO:colcon.colcon_core.shell:Creating environment descriptor '/home/my11/interbotix_ws/install/interbotix_xsarm_gravity_compensation/share/interbotix_xsarm_gravity_compensation/hook/cmake_prefix_path.dsv'
[26.647s] INFO:colcon.colcon_core.shell:Creating environment hook '/home/my11/interbotix_ws/install/interbotix_xsarm_gravity_compensation/share/interbotix_xsarm_gravity_compensation/hook/cmake_prefix_path.sh'
[26.648s] Level 1:colcon.colcon_core.environment:checking '/home/my11/interbotix_ws/install/interbotix_xsarm_gravity_compensation/bin'
[26.648s] Level 1:colcon.colcon_core.environment:checking '/home/my11/interbotix_ws/install/interbotix_xsarm_gravity_compensation/lib/pkgconfig/interbotix_xsarm_gravity_compensation.pc'
[26.648s] Level 1:colcon.colcon_core.environment:checking '/home/my11/interbotix_ws/install/interbotix_xsarm_gravity_compensation/lib/python3.10/site-packages'
[26.648s] Level 1:colcon.colcon_core.environment:checking '/home/my11/interbotix_ws/install/interbotix_xsarm_gravity_compensation/bin'
[26.648s] INFO:colcon.colcon_core.shell:Creating package script '/home/my11/interbotix_ws/install/interbotix_xsarm_gravity_compensation/share/interbotix_xsarm_gravity_compensation/package.ps1'
[26.649s] INFO:colcon.colcon_core.shell:Creating package descriptor '/home/my11/interbotix_ws/install/interbotix_xsarm_gravity_compensation/share/interbotix_xsarm_gravity_compensation/package.dsv'
[26.649s] INFO:colcon.colcon_core.shell:Creating package script '/home/my11/interbotix_ws/install/interbotix_xsarm_gravity_compensation/share/interbotix_xsarm_gravity_compensation/package.sh'
[26.650s] INFO:colcon.colcon_core.shell:Creating package script '/home/my11/interbotix_ws/install/interbotix_xsarm_gravity_compensation/share/interbotix_xsarm_gravity_compensation/package.bash'
[26.650s] INFO:colcon.colcon_core.shell:Creating package script '/home/my11/interbotix_ws/install/interbotix_xsarm_gravity_compensation/share/interbotix_xsarm_gravity_compensation/package.zsh'
[26.651s] Level 1:colcon.colcon_core.environment:create_file_with_runtime_dependencies(/home/my11/interbotix_ws/install/interbotix_xsarm_gravity_compensation/share/colcon-core/packages/interbotix_xsarm_gravity_compensation)
[26.886s] DEBUG:colcon.colcon_core.event_handler.log_command:Invoked command in '/home/my11/interbotix_ws/build/interbotix_xsarm_joy' returned '0': AMENT_PREFIX_PATH=/home/my11/interbotix_ws/install/interbotix_xsarm_control:/home/my11/interbotix_ws/install/interbotix_xsarm_descriptions:/home/my11/interbotix_ws/install/interbotix_xs_modules:/home/my11/interbotix_ws/install/interbotix_xs_sdk:/home/my11/interbotix_ws/install/interbotix_xs_driver:/home/my11/interbotix_ws/install/interbotix_xs_msgs:/home/my11/interbotix_ws/install/interbotix_common_modules:/home/my11/interbotix_ws/install/dynamixel_workbench_toolbox:${AMENT_PREFIX_PATH} CMAKE_PREFIX_PATH=/home/my11/interbotix_ws/install/interbotix_xsarm_control:/home/my11/interbotix_ws/install/interbotix_xsarm_descriptions:/home/my11/interbotix_ws/install/interbotix_xs_sdk:/home/my11/interbotix_ws/install/interbotix_xs_driver:/home/my11/interbotix_ws/install/interbotix_xs_msgs:/home/my11/interbotix_ws/install/dynamixel_workbench_toolbox:/home/my11/apriltag_ws/install/apriltag_ros:/home/my11/ros2_ws/install/rrbot_gazebo:/home/my11/ros2_ws/install/rrbot_description:/home/my11/ros2_ws/install/plate_description:/home/my11/ros2_ws/install/opencv_test_py:/opt/ros/humble LD_LIBRARY_PATH=/home/my11/interbotix_ws/install/interbotix_xs_driver/lib:/home/my11/interbotix_ws/install/interbotix_xs_msgs/lib:/home/my11/interbotix_ws/install/dynamixel_workbench_toolbox/lib:/home/my11/apriltag_ws/install/apriltag_ros/lib:/usr/lib/x86_64-linux-gnu/gazebo-11/plugins:/opt/ros/humble/opt/rviz_ogre_vendor/lib:/opt/ros/humble/lib/x86_64-linux-gnu:/opt/ros/humble/lib:/usr/share/gazebo/../../lib/x86_64-linux-gnu/gazebo-11/plugins:/usr/share/gazebo/../../lib/x86_64-linux-gnu/gazebo-11/plugins:/usr/share/gazebo/../../lib/x86_64-linux-gnu/gazebo-11/plugins PYTHONPATH=/home/my11/interbotix_ws/install/interbotix_xs_modules/lib/python3.10/site-packages:/home/my11/interbotix_ws/install/interbotix_xs_msgs/local/lib/python3.10/dist-packages:/home/my11/interbotix_ws/install/interbotix_common_modules/lib/python3.10/site-packages:${PYTHONPATH} /usr/bin/cmake /home/my11/interbotix_ws/src/interbotix_ros_manipulators/interbotix_ros_xsarms/examples/interbotix_xsarm_joy -DCMAKE_INSTALL_PREFIX=/home/my11/interbotix_ws/install/interbotix_xsarm_joy
[26.887s] DEBUG:colcon.colcon_core.event_handler.log_command:Invoking command in '/home/my11/interbotix_ws/build/interbotix_xsarm_joy': AMENT_PREFIX_PATH=/home/my11/interbotix_ws/install/interbotix_xsarm_control:/home/my11/interbotix_ws/install/interbotix_xsarm_descriptions:/home/my11/interbotix_ws/install/interbotix_xs_modules:/home/my11/interbotix_ws/install/interbotix_xs_sdk:/home/my11/interbotix_ws/install/interbotix_xs_driver:/home/my11/interbotix_ws/install/interbotix_xs_msgs:/home/my11/interbotix_ws/install/interbotix_common_modules:/home/my11/interbotix_ws/install/dynamixel_workbench_toolbox:${AMENT_PREFIX_PATH} CMAKE_PREFIX_PATH=/home/my11/interbotix_ws/install/interbotix_xsarm_control:/home/my11/interbotix_ws/install/interbotix_xsarm_descriptions:/home/my11/interbotix_ws/install/interbotix_xs_sdk:/home/my11/interbotix_ws/install/interbotix_xs_driver:/home/my11/interbotix_ws/install/interbotix_xs_msgs:/home/my11/interbotix_ws/install/dynamixel_workbench_toolbox:/home/my11/apriltag_ws/install/apriltag_ros:/home/my11/ros2_ws/install/rrbot_gazebo:/home/my11/ros2_ws/install/rrbot_description:/home/my11/ros2_ws/install/plate_description:/home/my11/ros2_ws/install/opencv_test_py:/opt/ros/humble LD_LIBRARY_PATH=/home/my11/interbotix_ws/install/interbotix_xs_driver/lib:/home/my11/interbotix_ws/install/interbotix_xs_msgs/lib:/home/my11/interbotix_ws/install/dynamixel_workbench_toolbox/lib:/home/my11/apriltag_ws/install/apriltag_ros/lib:/usr/lib/x86_64-linux-gnu/gazebo-11/plugins:/opt/ros/humble/opt/rviz_ogre_vendor/lib:/opt/ros/humble/lib/x86_64-linux-gnu:/opt/ros/humble/lib:/usr/share/gazebo/../../lib/x86_64-linux-gnu/gazebo-11/plugins:/usr/share/gazebo/../../lib/x86_64-linux-gnu/gazebo-11/plugins:/usr/share/gazebo/../../lib/x86_64-linux-gnu/gazebo-11/plugins PYTHONPATH=/home/my11/interbotix_ws/install/interbotix_xs_modules/lib/python3.10/site-packages:/home/my11/interbotix_ws/install/interbotix_xs_msgs/local/lib/python3.10/dist-packages:/home/my11/interbotix_ws/install/interbotix_common_modules/lib/python3.10/site-packages:${PYTHONPATH} /usr/bin/cmake --build /home/my11/interbotix_ws/build/interbotix_xsarm_joy -- -j20 -l20
[27.038s] DEBUG:colcon.colcon_core.event_handler.log_command:Invoked command in '/home/my11/interbotix_ws/build/interbotix_xsarm_puppet' returned '0': AMENT_PREFIX_PATH=/home/my11/interbotix_ws/install/interbotix_xsarm_control:/home/my11/interbotix_ws/install/interbotix_xsarm_descriptions:/home/my11/interbotix_ws/install/interbotix_xs_modules:/home/my11/interbotix_ws/install/interbotix_xs_sdk:/home/my11/interbotix_ws/install/interbotix_xs_driver:/home/my11/interbotix_ws/install/interbotix_xs_msgs:/home/my11/interbotix_ws/install/interbotix_common_modules:/home/my11/interbotix_ws/install/dynamixel_workbench_toolbox:${AMENT_PREFIX_PATH} CMAKE_PREFIX_PATH=/home/my11/interbotix_ws/install/interbotix_xsarm_control:/home/my11/interbotix_ws/install/interbotix_xsarm_descriptions:/home/my11/interbotix_ws/install/interbotix_xs_sdk:/home/my11/interbotix_ws/install/interbotix_xs_driver:/home/my11/interbotix_ws/install/interbotix_xs_msgs:/home/my11/interbotix_ws/install/dynamixel_workbench_toolbox:/home/my11/apriltag_ws/install/apriltag_ros:/home/my11/ros2_ws/install/rrbot_gazebo:/home/my11/ros2_ws/install/rrbot_description:/home/my11/ros2_ws/install/plate_description:/home/my11/ros2_ws/install/opencv_test_py:/opt/ros/humble LD_LIBRARY_PATH=/home/my11/interbotix_ws/install/interbotix_xs_driver/lib:/home/my11/interbotix_ws/install/interbotix_xs_msgs/lib:/home/my11/interbotix_ws/install/dynamixel_workbench_toolbox/lib:/home/my11/apriltag_ws/install/apriltag_ros/lib:/usr/lib/x86_64-linux-gnu/gazebo-11/plugins:/opt/ros/humble/opt/rviz_ogre_vendor/lib:/opt/ros/humble/lib/x86_64-linux-gnu:/opt/ros/humble/lib:/usr/share/gazebo/../../lib/x86_64-linux-gnu/gazebo-11/plugins:/usr/share/gazebo/../../lib/x86_64-linux-gnu/gazebo-11/plugins:/usr/share/gazebo/../../lib/x86_64-linux-gnu/gazebo-11/plugins PYTHONPATH=/home/my11/interbotix_ws/install/interbotix_xs_modules/lib/python3.10/site-packages:/home/my11/interbotix_ws/install/interbotix_xs_msgs/local/lib/python3.10/dist-packages:/home/my11/interbotix_ws/install/interbotix_common_modules/lib/python3.10/site-packages:${PYTHONPATH} /usr/bin/cmake /home/my11/interbotix_ws/src/interbotix_ros_manipulators/interbotix_ros_xsarms/examples/interbotix_xsarm_puppet -DCMAKE_INSTALL_PREFIX=/home/my11/interbotix_ws/install/interbotix_xsarm_puppet
[27.039s] DEBUG:colcon.colcon_core.event_handler.log_command:Invoking command in '/home/my11/interbotix_ws/build/interbotix_xsarm_puppet': AMENT_PREFIX_PATH=/home/my11/interbotix_ws/install/interbotix_xsarm_control:/home/my11/interbotix_ws/install/interbotix_xsarm_descriptions:/home/my11/interbotix_ws/install/interbotix_xs_modules:/home/my11/interbotix_ws/install/interbotix_xs_sdk:/home/my11/interbotix_ws/install/interbotix_xs_driver:/home/my11/interbotix_ws/install/interbotix_xs_msgs:/home/my11/interbotix_ws/install/interbotix_common_modules:/home/my11/interbotix_ws/install/dynamixel_workbench_toolbox:${AMENT_PREFIX_PATH} CMAKE_PREFIX_PATH=/home/my11/interbotix_ws/install/interbotix_xsarm_control:/home/my11/interbotix_ws/install/interbotix_xsarm_descriptions:/home/my11/interbotix_ws/install/interbotix_xs_sdk:/home/my11/interbotix_ws/install/interbotix_xs_driver:/home/my11/interbotix_ws/install/interbotix_xs_msgs:/home/my11/interbotix_ws/install/dynamixel_workbench_toolbox:/home/my11/apriltag_ws/install/apriltag_ros:/home/my11/ros2_ws/install/rrbot_gazebo:/home/my11/ros2_ws/install/rrbot_description:/home/my11/ros2_ws/install/plate_description:/home/my11/ros2_ws/install/opencv_test_py:/opt/ros/humble LD_LIBRARY_PATH=/home/my11/interbotix_ws/install/interbotix_xs_driver/lib:/home/my11/interbotix_ws/install/interbotix_xs_msgs/lib:/home/my11/interbotix_ws/install/dynamixel_workbench_toolbox/lib:/home/my11/apriltag_ws/install/apriltag_ros/lib:/usr/lib/x86_64-linux-gnu/gazebo-11/plugins:/opt/ros/humble/opt/rviz_ogre_vendor/lib:/opt/ros/humble/lib/x86_64-linux-gnu:/opt/ros/humble/lib:/usr/share/gazebo/../../lib/x86_64-linux-gnu/gazebo-11/plugins:/usr/share/gazebo/../../lib/x86_64-linux-gnu/gazebo-11/plugins:/usr/share/gazebo/../../lib/x86_64-linux-gnu/gazebo-11/plugins PYTHONPATH=/home/my11/interbotix_ws/install/interbotix_xs_modules/lib/python3.10/site-packages:/home/my11/interbotix_ws/install/interbotix_xs_msgs/local/lib/python3.10/dist-packages:/home/my11/interbotix_ws/install/interbotix_common_modules/lib/python3.10/site-packages:${PYTHONPATH} /usr/bin/cmake --build /home/my11/interbotix_ws/build/interbotix_xsarm_puppet -- -j20 -l20
[27.139s] DEBUG:colcon.colcon_core.event_handler.log_command:Invoked command in '/home/my11/interbotix_ws/build/interbotix_xsarm_moveit' returned '0': AMENT_PREFIX_PATH=/home/my11/interbotix_ws/install/interbotix_xsarm_ros_control:/home/my11/interbotix_ws/install/interbotix_xsarm_sim:/home/my11/interbotix_ws/install/interbotix_xsarm_control:/home/my11/interbotix_ws/install/interbotix_xsarm_descriptions:/home/my11/interbotix_ws/install/interbotix_xs_modules:/home/my11/interbotix_ws/install/interbotix_xs_sdk:/home/my11/interbotix_ws/install/interbotix_xs_ros_control:/home/my11/interbotix_ws/install/interbotix_xs_driver:/home/my11/interbotix_ws/install/interbotix_xs_msgs:/home/my11/interbotix_ws/install/interbotix_common_sim:/home/my11/interbotix_ws/install/interbotix_common_modules:/home/my11/interbotix_ws/install/dynamixel_workbench_toolbox:${AMENT_PREFIX_PATH} CMAKE_PREFIX_PATH=/home/my11/interbotix_ws/install/interbotix_xsarm_ros_control:/home/my11/interbotix_ws/install/interbotix_xsarm_sim:/home/my11/interbotix_ws/install/interbotix_xsarm_control:/home/my11/interbotix_ws/install/interbotix_xsarm_descriptions:/home/my11/interbotix_ws/install/interbotix_xs_sdk:/home/my11/interbotix_ws/install/interbotix_xs_ros_control:/home/my11/interbotix_ws/install/interbotix_xs_driver:/home/my11/interbotix_ws/install/interbotix_xs_msgs:/home/my11/interbotix_ws/install/interbotix_common_sim:/home/my11/interbotix_ws/install/dynamixel_workbench_toolbox:/home/my11/apriltag_ws/install/apriltag_ros:/home/my11/ros2_ws/install/rrbot_gazebo:/home/my11/ros2_ws/install/rrbot_description:/home/my11/ros2_ws/install/plate_description:/home/my11/ros2_ws/install/opencv_test_py:/opt/ros/humble LD_LIBRARY_PATH=/home/my11/interbotix_ws/install/interbotix_xs_ros_control/lib:/home/my11/interbotix_ws/install/interbotix_xs_driver/lib:/home/my11/interbotix_ws/install/interbotix_xs_msgs/lib:/home/my11/interbotix_ws/install/dynamixel_workbench_toolbox/lib:/home/my11/apriltag_ws/install/apriltag_ros/lib:/usr/lib/x86_64-linux-gnu/gazebo-11/plugins:/opt/ros/humble/opt/rviz_ogre_vendor/lib:/opt/ros/humble/lib/x86_64-linux-gnu:/opt/ros/humble/lib:/usr/share/gazebo/../../lib/x86_64-linux-gnu/gazebo-11/plugins:/usr/share/gazebo/../../lib/x86_64-linux-gnu/gazebo-11/plugins:/usr/share/gazebo/../../lib/x86_64-linux-gnu/gazebo-11/plugins PYTHONPATH=/home/my11/interbotix_ws/install/interbotix_xs_modules/lib/python3.10/site-packages:/home/my11/interbotix_ws/install/interbotix_xs_msgs/local/lib/python3.10/dist-packages:/home/my11/interbotix_ws/install/interbotix_common_modules/lib/python3.10/site-packages:${PYTHONPATH} /usr/bin/cmake /home/my11/interbotix_ws/src/interbotix_ros_manipulators/interbotix_ros_xsarms/interbotix_xsarm_moveit -DCMAKE_INSTALL_PREFIX=/home/my11/interbotix_ws/install/interbotix_xsarm_moveit
[27.140s] DEBUG:colcon.colcon_core.event_handler.log_command:Invoking command in '/home/my11/interbotix_ws/build/interbotix_xsarm_moveit': AMENT_PREFIX_PATH=/home/my11/interbotix_ws/install/interbotix_xsarm_ros_control:/home/my11/interbotix_ws/install/interbotix_xsarm_sim:/home/my11/interbotix_ws/install/interbotix_xsarm_control:/home/my11/interbotix_ws/install/interbotix_xsarm_descriptions:/home/my11/interbotix_ws/install/interbotix_xs_modules:/home/my11/interbotix_ws/install/interbotix_xs_sdk:/home/my11/interbotix_ws/install/interbotix_xs_ros_control:/home/my11/interbotix_ws/install/interbotix_xs_driver:/home/my11/interbotix_ws/install/interbotix_xs_msgs:/home/my11/interbotix_ws/install/interbotix_common_sim:/home/my11/interbotix_ws/install/interbotix_common_modules:/home/my11/interbotix_ws/install/dynamixel_workbench_toolbox:${AMENT_PREFIX_PATH} CMAKE_PREFIX_PATH=/home/my11/interbotix_ws/install/interbotix_xsarm_ros_control:/home/my11/interbotix_ws/install/interbotix_xsarm_sim:/home/my11/interbotix_ws/install/interbotix_xsarm_control:/home/my11/interbotix_ws/install/interbotix_xsarm_descriptions:/home/my11/interbotix_ws/install/interbotix_xs_sdk:/home/my11/interbotix_ws/install/interbotix_xs_ros_control:/home/my11/interbotix_ws/install/interbotix_xs_driver:/home/my11/interbotix_ws/install/interbotix_xs_msgs:/home/my11/interbotix_ws/install/interbotix_common_sim:/home/my11/interbotix_ws/install/dynamixel_workbench_toolbox:/home/my11/apriltag_ws/install/apriltag_ros:/home/my11/ros2_ws/install/rrbot_gazebo:/home/my11/ros2_ws/install/rrbot_description:/home/my11/ros2_ws/install/plate_description:/home/my11/ros2_ws/install/opencv_test_py:/opt/ros/humble LD_LIBRARY_PATH=/home/my11/interbotix_ws/install/interbotix_xs_ros_control/lib:/home/my11/interbotix_ws/install/interbotix_xs_driver/lib:/home/my11/interbotix_ws/install/interbotix_xs_msgs/lib:/home/my11/interbotix_ws/install/dynamixel_workbench_toolbox/lib:/home/my11/apriltag_ws/install/apriltag_ros/lib:/usr/lib/x86_64-linux-gnu/gazebo-11/plugins:/opt/ros/humble/opt/rviz_ogre_vendor/lib:/opt/ros/humble/lib/x86_64-linux-gnu:/opt/ros/humble/lib:/usr/share/gazebo/../../lib/x86_64-linux-gnu/gazebo-11/plugins:/usr/share/gazebo/../../lib/x86_64-linux-gnu/gazebo-11/plugins:/usr/share/gazebo/../../lib/x86_64-linux-gnu/gazebo-11/plugins PYTHONPATH=/home/my11/interbotix_ws/install/interbotix_xs_modules/lib/python3.10/site-packages:/home/my11/interbotix_ws/install/interbotix_xs_msgs/local/lib/python3.10/dist-packages:/home/my11/interbotix_ws/install/interbotix_common_modules/lib/python3.10/site-packages:${PYTHONPATH} /usr/bin/cmake --build /home/my11/interbotix_ws/build/interbotix_xsarm_moveit -- -j20 -l20
[27.177s] DEBUG:colcon.colcon_core.event_handler.log_command:Invoked command in '/home/my11/interbotix_ws/build/interbotix_xsarm_moveit' returned '0': AMENT_PREFIX_PATH=/home/my11/interbotix_ws/install/interbotix_xsarm_ros_control:/home/my11/interbotix_ws/install/interbotix_xsarm_sim:/home/my11/interbotix_ws/install/interbotix_xsarm_control:/home/my11/interbotix_ws/install/interbotix_xsarm_descriptions:/home/my11/interbotix_ws/install/interbotix_xs_modules:/home/my11/interbotix_ws/install/interbotix_xs_sdk:/home/my11/interbotix_ws/install/interbotix_xs_ros_control:/home/my11/interbotix_ws/install/interbotix_xs_driver:/home/my11/interbotix_ws/install/interbotix_xs_msgs:/home/my11/interbotix_ws/install/interbotix_common_sim:/home/my11/interbotix_ws/install/interbotix_common_modules:/home/my11/interbotix_ws/install/dynamixel_workbench_toolbox:${AMENT_PREFIX_PATH} CMAKE_PREFIX_PATH=/home/my11/interbotix_ws/install/interbotix_xsarm_ros_control:/home/my11/interbotix_ws/install/interbotix_xsarm_sim:/home/my11/interbotix_ws/install/interbotix_xsarm_control:/home/my11/interbotix_ws/install/interbotix_xsarm_descriptions:/home/my11/interbotix_ws/install/interbotix_xs_sdk:/home/my11/interbotix_ws/install/interbotix_xs_ros_control:/home/my11/interbotix_ws/install/interbotix_xs_driver:/home/my11/interbotix_ws/install/interbotix_xs_msgs:/home/my11/interbotix_ws/install/interbotix_common_sim:/home/my11/interbotix_ws/install/dynamixel_workbench_toolbox:/home/my11/apriltag_ws/install/apriltag_ros:/home/my11/ros2_ws/install/rrbot_gazebo:/home/my11/ros2_ws/install/rrbot_description:/home/my11/ros2_ws/install/plate_description:/home/my11/ros2_ws/install/opencv_test_py:/opt/ros/humble LD_LIBRARY_PATH=/home/my11/interbotix_ws/install/interbotix_xs_ros_control/lib:/home/my11/interbotix_ws/install/interbotix_xs_driver/lib:/home/my11/interbotix_ws/install/interbotix_xs_msgs/lib:/home/my11/interbotix_ws/install/dynamixel_workbench_toolbox/lib:/home/my11/apriltag_ws/install/apriltag_ros/lib:/usr/lib/x86_64-linux-gnu/gazebo-11/plugins:/opt/ros/humble/opt/rviz_ogre_vendor/lib:/opt/ros/humble/lib/x86_64-linux-gnu:/opt/ros/humble/lib:/usr/share/gazebo/../../lib/x86_64-linux-gnu/gazebo-11/plugins:/usr/share/gazebo/../../lib/x86_64-linux-gnu/gazebo-11/plugins:/usr/share/gazebo/../../lib/x86_64-linux-gnu/gazebo-11/plugins PYTHONPATH=/home/my11/interbotix_ws/install/interbotix_xs_modules/lib/python3.10/site-packages:/home/my11/interbotix_ws/install/interbotix_xs_msgs/local/lib/python3.10/dist-packages:/home/my11/interbotix_ws/install/interbotix_common_modules/lib/python3.10/site-packages:${PYTHONPATH} /usr/bin/cmake --build /home/my11/interbotix_ws/build/interbotix_xsarm_moveit -- -j20 -l20
[27.198s] DEBUG:colcon.colcon_core.event_handler.log_command:Invoking command in '/home/my11/interbotix_ws/build/interbotix_xsarm_moveit': AMENT_PREFIX_PATH=/home/my11/interbotix_ws/install/interbotix_xsarm_ros_control:/home/my11/interbotix_ws/install/interbotix_xsarm_sim:/home/my11/interbotix_ws/install/interbotix_xsarm_control:/home/my11/interbotix_ws/install/interbotix_xsarm_descriptions:/home/my11/interbotix_ws/install/interbotix_xs_modules:/home/my11/interbotix_ws/install/interbotix_xs_sdk:/home/my11/interbotix_ws/install/interbotix_xs_ros_control:/home/my11/interbotix_ws/install/interbotix_xs_driver:/home/my11/interbotix_ws/install/interbotix_xs_msgs:/home/my11/interbotix_ws/install/interbotix_common_sim:/home/my11/interbotix_ws/install/interbotix_common_modules:/home/my11/interbotix_ws/install/dynamixel_workbench_toolbox:${AMENT_PREFIX_PATH} CMAKE_PREFIX_PATH=/home/my11/interbotix_ws/install/interbotix_xsarm_ros_control:/home/my11/interbotix_ws/install/interbotix_xsarm_sim:/home/my11/interbotix_ws/install/interbotix_xsarm_control:/home/my11/interbotix_ws/install/interbotix_xsarm_descriptions:/home/my11/interbotix_ws/install/interbotix_xs_sdk:/home/my11/interbotix_ws/install/interbotix_xs_ros_control:/home/my11/interbotix_ws/install/interbotix_xs_driver:/home/my11/interbotix_ws/install/interbotix_xs_msgs:/home/my11/interbotix_ws/install/interbotix_common_sim:/home/my11/interbotix_ws/install/dynamixel_workbench_toolbox:/home/my11/apriltag_ws/install/apriltag_ros:/home/my11/ros2_ws/install/rrbot_gazebo:/home/my11/ros2_ws/install/rrbot_description:/home/my11/ros2_ws/install/plate_description:/home/my11/ros2_ws/install/opencv_test_py:/opt/ros/humble LD_LIBRARY_PATH=/home/my11/interbotix_ws/install/interbotix_xs_ros_control/lib:/home/my11/interbotix_ws/install/interbotix_xs_driver/lib:/home/my11/interbotix_ws/install/interbotix_xs_msgs/lib:/home/my11/interbotix_ws/install/dynamixel_workbench_toolbox/lib:/home/my11/apriltag_ws/install/apriltag_ros/lib:/usr/lib/x86_64-linux-gnu/gazebo-11/plugins:/opt/ros/humble/opt/rviz_ogre_vendor/lib:/opt/ros/humble/lib/x86_64-linux-gnu:/opt/ros/humble/lib:/usr/share/gazebo/../../lib/x86_64-linux-gnu/gazebo-11/plugins:/usr/share/gazebo/../../lib/x86_64-linux-gnu/gazebo-11/plugins:/usr/share/gazebo/../../lib/x86_64-linux-gnu/gazebo-11/plugins PYTHONPATH=/home/my11/interbotix_ws/install/interbotix_xs_modules/lib/python3.10/site-packages:/home/my11/interbotix_ws/install/interbotix_xs_msgs/local/lib/python3.10/dist-packages:/home/my11/interbotix_ws/install/interbotix_common_modules/lib/python3.10/site-packages:${PYTHONPATH} /usr/bin/cmake --install /home/my11/interbotix_ws/build/interbotix_xsarm_moveit
[27.213s] Level 1:colcon.colcon_core.environment:create_environment_scripts_only(interbotix_xsarm_moveit)
[27.214s] Level 1:colcon.colcon_core.environment:checking '/home/my11/interbotix_ws/install/interbotix_xsarm_moveit' for CMake module files
[27.214s] DEBUG:colcon.colcon_core.event_handler.log_command:Invoked command in '/home/my11/interbotix_ws/build/interbotix_xsarm_moveit' returned '0': AMENT_PREFIX_PATH=/home/my11/interbotix_ws/install/interbotix_xsarm_ros_control:/home/my11/interbotix_ws/install/interbotix_xsarm_sim:/home/my11/interbotix_ws/install/interbotix_xsarm_control:/home/my11/interbotix_ws/install/interbotix_xsarm_descriptions:/home/my11/interbotix_ws/install/interbotix_xs_modules:/home/my11/interbotix_ws/install/interbotix_xs_sdk:/home/my11/interbotix_ws/install/interbotix_xs_ros_control:/home/my11/interbotix_ws/install/interbotix_xs_driver:/home/my11/interbotix_ws/install/interbotix_xs_msgs:/home/my11/interbotix_ws/install/interbotix_common_sim:/home/my11/interbotix_ws/install/interbotix_common_modules:/home/my11/interbotix_ws/install/dynamixel_workbench_toolbox:${AMENT_PREFIX_PATH} CMAKE_PREFIX_PATH=/home/my11/interbotix_ws/install/interbotix_xsarm_ros_control:/home/my11/interbotix_ws/install/interbotix_xsarm_sim:/home/my11/interbotix_ws/install/interbotix_xsarm_control:/home/my11/interbotix_ws/install/interbotix_xsarm_descriptions:/home/my11/interbotix_ws/install/interbotix_xs_sdk:/home/my11/interbotix_ws/install/interbotix_xs_ros_control:/home/my11/interbotix_ws/install/interbotix_xs_driver:/home/my11/interbotix_ws/install/interbotix_xs_msgs:/home/my11/interbotix_ws/install/interbotix_common_sim:/home/my11/interbotix_ws/install/dynamixel_workbench_toolbox:/home/my11/apriltag_ws/install/apriltag_ros:/home/my11/ros2_ws/install/rrbot_gazebo:/home/my11/ros2_ws/install/rrbot_description:/home/my11/ros2_ws/install/plate_description:/home/my11/ros2_ws/install/opencv_test_py:/opt/ros/humble LD_LIBRARY_PATH=/home/my11/interbotix_ws/install/interbotix_xs_ros_control/lib:/home/my11/interbotix_ws/install/interbotix_xs_driver/lib:/home/my11/interbotix_ws/install/interbotix_xs_msgs/lib:/home/my11/interbotix_ws/install/dynamixel_workbench_toolbox/lib:/home/my11/apriltag_ws/install/apriltag_ros/lib:/usr/lib/x86_64-linux-gnu/gazebo-11/plugins:/opt/ros/humble/opt/rviz_ogre_vendor/lib:/opt/ros/humble/lib/x86_64-linux-gnu:/opt/ros/humble/lib:/usr/share/gazebo/../../lib/x86_64-linux-gnu/gazebo-11/plugins:/usr/share/gazebo/../../lib/x86_64-linux-gnu/gazebo-11/plugins:/usr/share/gazebo/../../lib/x86_64-linux-gnu/gazebo-11/plugins PYTHONPATH=/home/my11/interbotix_ws/install/interbotix_xs_modules/lib/python3.10/site-packages:/home/my11/interbotix_ws/install/interbotix_xs_msgs/local/lib/python3.10/dist-packages:/home/my11/interbotix_ws/install/interbotix_common_modules/lib/python3.10/site-packages:${PYTHONPATH} /usr/bin/cmake --install /home/my11/interbotix_ws/build/interbotix_xsarm_moveit
[27.215s] Level 1:colcon.colcon_core.environment:checking '/home/my11/interbotix_ws/install/interbotix_xsarm_moveit' for CMake config files
[27.215s] Level 1:colcon.colcon_core.shell:create_environment_hook('interbotix_xsarm_moveit', 'cmake_prefix_path')
[27.215s] INFO:colcon.colcon_core.shell:Creating environment hook '/home/my11/interbotix_ws/install/interbotix_xsarm_moveit/share/interbotix_xsarm_moveit/hook/cmake_prefix_path.ps1'
[27.216s] INFO:colcon.colcon_core.shell:Creating environment descriptor '/home/my11/interbotix_ws/install/interbotix_xsarm_moveit/share/interbotix_xsarm_moveit/hook/cmake_prefix_path.dsv'
[27.216s] INFO:colcon.colcon_core.shell:Creating environment hook '/home/my11/interbotix_ws/install/interbotix_xsarm_moveit/share/interbotix_xsarm_moveit/hook/cmake_prefix_path.sh'
[27.217s] Level 1:colcon.colcon_core.environment:checking '/home/my11/interbotix_ws/install/interbotix_xsarm_moveit/bin'
[27.217s] Level 1:colcon.colcon_core.environment:checking '/home/my11/interbotix_ws/install/interbotix_xsarm_moveit/lib/pkgconfig/interbotix_xsarm_moveit.pc'
[27.217s] Level 1:colcon.colcon_core.environment:checking '/home/my11/interbotix_ws/install/interbotix_xsarm_moveit/lib/python3.10/site-packages'
[27.217s] Level 1:colcon.colcon_core.environment:checking '/home/my11/interbotix_ws/install/interbotix_xsarm_moveit/bin'
[27.217s] INFO:colcon.colcon_core.shell:Creating package script '/home/my11/interbotix_ws/install/interbotix_xsarm_moveit/share/interbotix_xsarm_moveit/package.ps1'
[27.218s] INFO:colcon.colcon_core.shell:Creating package descriptor '/home/my11/interbotix_ws/install/interbotix_xsarm_moveit/share/interbotix_xsarm_moveit/package.dsv'
[27.218s] INFO:colcon.colcon_core.shell:Creating package script '/home/my11/interbotix_ws/install/interbotix_xsarm_moveit/share/interbotix_xsarm_moveit/package.sh'
[27.219s] INFO:colcon.colcon_core.shell:Creating package script '/home/my11/interbotix_ws/install/interbotix_xsarm_moveit/share/interbotix_xsarm_moveit/package.bash'
[27.219s] INFO:colcon.colcon_core.shell:Creating package script '/home/my11/interbotix_ws/install/interbotix_xsarm_moveit/share/interbotix_xsarm_moveit/package.zsh'
[27.219s] Level 1:colcon.colcon_core.environment:create_file_with_runtime_dependencies(/home/my11/interbotix_ws/install/interbotix_xsarm_moveit/share/colcon-core/packages/interbotix_xsarm_moveit)
[27.240s] Level 1:colcon.colcon_core.environment:create_environment_scripts_only(interbotix_xsarm_moveit)
[27.241s] Level 1:colcon.colcon_core.environment:checking '/home/my11/interbotix_ws/install/interbotix_xsarm_moveit' for CMake module files
[27.241s] Level 1:colcon.colcon_core.environment:checking '/home/my11/interbotix_ws/install/interbotix_xsarm_moveit' for CMake config files
[27.241s] Level 1:colcon.colcon_core.shell:create_environment_hook('interbotix_xsarm_moveit', 'cmake_prefix_path')
[27.241s] INFO:colcon.colcon_core.shell:Creating environment hook '/home/my11/interbotix_ws/install/interbotix_xsarm_moveit/share/interbotix_xsarm_moveit/hook/cmake_prefix_path.ps1'
[27.242s] INFO:colcon.colcon_core.shell:Creating environment descriptor '/home/my11/interbotix_ws/install/interbotix_xsarm_moveit/share/interbotix_xsarm_moveit/hook/cmake_prefix_path.dsv'
[27.242s] INFO:colcon.colcon_core.shell:Creating environment hook '/home/my11/interbotix_ws/install/interbotix_xsarm_moveit/share/interbotix_xsarm_moveit/hook/cmake_prefix_path.sh'
[27.243s] Level 1:colcon.colcon_core.environment:checking '/home/my11/interbotix_ws/install/interbotix_xsarm_moveit/bin'
[27.243s] Level 1:colcon.colcon_core.environment:checking '/home/my11/interbotix_ws/install/interbotix_xsarm_moveit/lib/pkgconfig/interbotix_xsarm_moveit.pc'
[27.243s] Level 1:colcon.colcon_core.environment:checking '/home/my11/interbotix_ws/install/interbotix_xsarm_moveit/lib/python3.10/site-packages'
[27.243s] Level 1:colcon.colcon_core.environment:checking '/home/my11/interbotix_ws/install/interbotix_xsarm_moveit/bin'
[27.244s] INFO:colcon.colcon_core.shell:Creating package script '/home/my11/interbotix_ws/install/interbotix_xsarm_moveit/share/interbotix_xsarm_moveit/package.ps1'
[27.244s] INFO:colcon.colcon_core.shell:Creating package descriptor '/home/my11/interbotix_ws/install/interbotix_xsarm_moveit/share/interbotix_xsarm_moveit/package.dsv'
[27.244s] INFO:colcon.colcon_core.shell:Creating package script '/home/my11/interbotix_ws/install/interbotix_xsarm_moveit/share/interbotix_xsarm_moveit/package.sh'
[27.245s] INFO:colcon.colcon_core.shell:Creating package script '/home/my11/interbotix_ws/install/interbotix_xsarm_moveit/share/interbotix_xsarm_moveit/package.bash'
[27.245s] INFO:colcon.colcon_core.shell:Creating package script '/home/my11/interbotix_ws/install/interbotix_xsarm_moveit/share/interbotix_xsarm_moveit/package.zsh'
[27.246s] Level 1:colcon.colcon_core.environment:create_file_with_runtime_dependencies(/home/my11/interbotix_ws/install/interbotix_xsarm_moveit/share/colcon-core/packages/interbotix_xsarm_moveit)
[27.246s] INFO:colcon.colcon_ros.task.ament_cmake.build:Building ROS package in '/home/my11/interbotix_ws/src/interbotix_ros_manipulators/interbotix_ros_xsarms/interbotix_ros_xsarms' with build type 'ament_cmake'
[27.246s] INFO:colcon.colcon_cmake.task.cmake.build:Building CMake package in '/home/my11/interbotix_ws/src/interbotix_ros_manipulators/interbotix_ros_xsarms/interbotix_ros_xsarms'
[27.246s] INFO:colcon.colcon_core.shell:Skip shell extension 'powershell' for command environment: Not usable outside of PowerShell
[27.246s] DEBUG:colcon.colcon_core.shell:Skip shell extension 'dsv' for command environment
[27.272s] DEBUG:colcon.colcon_core.event_handler.log_command:Invoking command in '/home/my11/interbotix_ws/build/interbotix_ros_xsarms': AMENT_PREFIX_PATH=/home/my11/interbotix_ws/install/interbotix_xsarm_moveit:/home/my11/interbotix_ws/install/interbotix_xsarm_ros_control:/home/my11/interbotix_ws/install/interbotix_xsarm_perception:/home/my11/interbotix_ws/install/interbotix_xsarm_sim:/home/my11/interbotix_ws/install/interbotix_xsarm_control:/home/my11/interbotix_ws/install/interbotix_xsarm_descriptions:/home/my11/interbotix_ws/install/interbotix_xs_modules:/home/my11/interbotix_ws/install/interbotix_xs_sdk:/home/my11/interbotix_ws/install/interbotix_perception_modules:/home/my11/interbotix_ws/install/interbotix_xs_ros_control:/home/my11/interbotix_ws/install/interbotix_xs_driver:/home/my11/interbotix_ws/install/interbotix_perception_pipelines:/home/my11/interbotix_ws/install/interbotix_xs_msgs:/home/my11/interbotix_ws/install/interbotix_perception_msgs:/home/my11/interbotix_ws/install/interbotix_common_sim:/home/my11/interbotix_ws/install/interbotix_common_modules:/home/my11/interbotix_ws/install/dynamixel_workbench_toolbox:${AMENT_PREFIX_PATH} CMAKE_PREFIX_PATH=/home/my11/interbotix_ws/install/interbotix_xsarm_moveit:/home/my11/interbotix_ws/install/interbotix_xsarm_ros_control:/home/my11/interbotix_ws/install/interbotix_xsarm_perception:/home/my11/interbotix_ws/install/interbotix_xsarm_sim:/home/my11/interbotix_ws/install/interbotix_xsarm_control:/home/my11/interbotix_ws/install/interbotix_xsarm_descriptions:/home/my11/interbotix_ws/install/interbotix_xs_sdk:/home/my11/interbotix_ws/install/interbotix_xs_ros_control:/home/my11/interbotix_ws/install/interbotix_xs_driver:/home/my11/interbotix_ws/install/interbotix_perception_pipelines:/home/my11/interbotix_ws/install/interbotix_xs_msgs:/home/my11/interbotix_ws/install/interbotix_perception_msgs:/home/my11/interbotix_ws/install/interbotix_common_sim:/home/my11/interbotix_ws/install/dynamixel_workbench_toolbox:/home/my11/apriltag_ws/install/apriltag_ros:/home/my11/ros2_ws/install/rrbot_gazebo:/home/my11/ros2_ws/install/rrbot_description:/home/my11/ros2_ws/install/plate_description:/home/my11/ros2_ws/install/opencv_test_py:/opt/ros/humble LD_LIBRARY_PATH=/home/my11/interbotix_ws/install/interbotix_xs_ros_control/lib:/home/my11/interbotix_ws/install/interbotix_xs_driver/lib:/home/my11/interbotix_ws/install/interbotix_xs_msgs/lib:/home/my11/interbotix_ws/install/interbotix_perception_msgs/lib:/home/my11/interbotix_ws/install/dynamixel_workbench_toolbox/lib:/home/my11/apriltag_ws/install/apriltag_ros/lib:/usr/lib/x86_64-linux-gnu/gazebo-11/plugins:/opt/ros/humble/opt/rviz_ogre_vendor/lib:/opt/ros/humble/lib/x86_64-linux-gnu:/opt/ros/humble/lib:/usr/share/gazebo/../../lib/x86_64-linux-gnu/gazebo-11/plugins:/usr/share/gazebo/../../lib/x86_64-linux-gnu/gazebo-11/plugins:/usr/share/gazebo/../../lib/x86_64-linux-gnu/gazebo-11/plugins PYTHONPATH=/home/my11/interbotix_ws/install/interbotix_xs_modules/lib/python3.10/site-packages:/home/my11/interbotix_ws/install/interbotix_perception_modules/lib/python3.10/site-packages:/home/my11/interbotix_ws/install/interbotix_xs_msgs/local/lib/python3.10/dist-packages:/home/my11/interbotix_ws/install/interbotix_perception_msgs/local/lib/python3.10/dist-packages:/home/my11/interbotix_ws/install/interbotix_common_modules/lib/python3.10/site-packages:${PYTHONPATH} /usr/bin/cmake /home/my11/interbotix_ws/src/interbotix_ros_manipulators/interbotix_ros_xsarms/interbotix_ros_xsarms -DCMAKE_INSTALL_PREFIX=/home/my11/interbotix_ws/install/interbotix_ros_xsarms
[27.900s] DEBUG:colcon.colcon_core.event_handler.log_command:Invoked command in '/home/my11/interbotix_ws/build/interbotix_ros_xsarms' returned '0': AMENT_PREFIX_PATH=/home/my11/interbotix_ws/install/interbotix_xsarm_moveit:/home/my11/interbotix_ws/install/interbotix_xsarm_ros_control:/home/my11/interbotix_ws/install/interbotix_xsarm_perception:/home/my11/interbotix_ws/install/interbotix_xsarm_sim:/home/my11/interbotix_ws/install/interbotix_xsarm_control:/home/my11/interbotix_ws/install/interbotix_xsarm_descriptions:/home/my11/interbotix_ws/install/interbotix_xs_modules:/home/my11/interbotix_ws/install/interbotix_xs_sdk:/home/my11/interbotix_ws/install/interbotix_perception_modules:/home/my11/interbotix_ws/install/interbotix_xs_ros_control:/home/my11/interbotix_ws/install/interbotix_xs_driver:/home/my11/interbotix_ws/install/interbotix_perception_pipelines:/home/my11/interbotix_ws/install/interbotix_xs_msgs:/home/my11/interbotix_ws/install/interbotix_perception_msgs:/home/my11/interbotix_ws/install/interbotix_common_sim:/home/my11/interbotix_ws/install/interbotix_common_modules:/home/my11/interbotix_ws/install/dynamixel_workbench_toolbox:${AMENT_PREFIX_PATH} CMAKE_PREFIX_PATH=/home/my11/interbotix_ws/install/interbotix_xsarm_moveit:/home/my11/interbotix_ws/install/interbotix_xsarm_ros_control:/home/my11/interbotix_ws/install/interbotix_xsarm_perception:/home/my11/interbotix_ws/install/interbotix_xsarm_sim:/home/my11/interbotix_ws/install/interbotix_xsarm_control:/home/my11/interbotix_ws/install/interbotix_xsarm_descriptions:/home/my11/interbotix_ws/install/interbotix_xs_sdk:/home/my11/interbotix_ws/install/interbotix_xs_ros_control:/home/my11/interbotix_ws/install/interbotix_xs_driver:/home/my11/interbotix_ws/install/interbotix_perception_pipelines:/home/my11/interbotix_ws/install/interbotix_xs_msgs:/home/my11/interbotix_ws/install/interbotix_perception_msgs:/home/my11/interbotix_ws/install/interbotix_common_sim:/home/my11/interbotix_ws/install/dynamixel_workbench_toolbox:/home/my11/apriltag_ws/install/apriltag_ros:/home/my11/ros2_ws/install/rrbot_gazebo:/home/my11/ros2_ws/install/rrbot_description:/home/my11/ros2_ws/install/plate_description:/home/my11/ros2_ws/install/opencv_test_py:/opt/ros/humble LD_LIBRARY_PATH=/home/my11/interbotix_ws/install/interbotix_xs_ros_control/lib:/home/my11/interbotix_ws/install/interbotix_xs_driver/lib:/home/my11/interbotix_ws/install/interbotix_xs_msgs/lib:/home/my11/interbotix_ws/install/interbotix_perception_msgs/lib:/home/my11/interbotix_ws/install/dynamixel_workbench_toolbox/lib:/home/my11/apriltag_ws/install/apriltag_ros/lib:/usr/lib/x86_64-linux-gnu/gazebo-11/plugins:/opt/ros/humble/opt/rviz_ogre_vendor/lib:/opt/ros/humble/lib/x86_64-linux-gnu:/opt/ros/humble/lib:/usr/share/gazebo/../../lib/x86_64-linux-gnu/gazebo-11/plugins:/usr/share/gazebo/../../lib/x86_64-linux-gnu/gazebo-11/plugins:/usr/share/gazebo/../../lib/x86_64-linux-gnu/gazebo-11/plugins PYTHONPATH=/home/my11/interbotix_ws/install/interbotix_xs_modules/lib/python3.10/site-packages:/home/my11/interbotix_ws/install/interbotix_perception_modules/lib/python3.10/site-packages:/home/my11/interbotix_ws/install/interbotix_xs_msgs/local/lib/python3.10/dist-packages:/home/my11/interbotix_ws/install/interbotix_perception_msgs/local/lib/python3.10/dist-packages:/home/my11/interbotix_ws/install/interbotix_common_modules/lib/python3.10/site-packages:${PYTHONPATH} /usr/bin/cmake /home/my11/interbotix_ws/src/interbotix_ros_manipulators/interbotix_ros_xsarms/interbotix_ros_xsarms -DCMAKE_INSTALL_PREFIX=/home/my11/interbotix_ws/install/interbotix_ros_xsarms
[27.900s] DEBUG:colcon.colcon_core.event_handler.log_command:Invoking command in '/home/my11/interbotix_ws/build/interbotix_ros_xsarms': AMENT_PREFIX_PATH=/home/my11/interbotix_ws/install/interbotix_xsarm_moveit:/home/my11/interbotix_ws/install/interbotix_xsarm_ros_control:/home/my11/interbotix_ws/install/interbotix_xsarm_perception:/home/my11/interbotix_ws/install/interbotix_xsarm_sim:/home/my11/interbotix_ws/install/interbotix_xsarm_control:/home/my11/interbotix_ws/install/interbotix_xsarm_descriptions:/home/my11/interbotix_ws/install/interbotix_xs_modules:/home/my11/interbotix_ws/install/interbotix_xs_sdk:/home/my11/interbotix_ws/install/interbotix_perception_modules:/home/my11/interbotix_ws/install/interbotix_xs_ros_control:/home/my11/interbotix_ws/install/interbotix_xs_driver:/home/my11/interbotix_ws/install/interbotix_perception_pipelines:/home/my11/interbotix_ws/install/interbotix_xs_msgs:/home/my11/interbotix_ws/install/interbotix_perception_msgs:/home/my11/interbotix_ws/install/interbotix_common_sim:/home/my11/interbotix_ws/install/interbotix_common_modules:/home/my11/interbotix_ws/install/dynamixel_workbench_toolbox:${AMENT_PREFIX_PATH} CMAKE_PREFIX_PATH=/home/my11/interbotix_ws/install/interbotix_xsarm_moveit:/home/my11/interbotix_ws/install/interbotix_xsarm_ros_control:/home/my11/interbotix_ws/install/interbotix_xsarm_perception:/home/my11/interbotix_ws/install/interbotix_xsarm_sim:/home/my11/interbotix_ws/install/interbotix_xsarm_control:/home/my11/interbotix_ws/install/interbotix_xsarm_descriptions:/home/my11/interbotix_ws/install/interbotix_xs_sdk:/home/my11/interbotix_ws/install/interbotix_xs_ros_control:/home/my11/interbotix_ws/install/interbotix_xs_driver:/home/my11/interbotix_ws/install/interbotix_perception_pipelines:/home/my11/interbotix_ws/install/interbotix_xs_msgs:/home/my11/interbotix_ws/install/interbotix_perception_msgs:/home/my11/interbotix_ws/install/interbotix_common_sim:/home/my11/interbotix_ws/install/dynamixel_workbench_toolbox:/home/my11/apriltag_ws/install/apriltag_ros:/home/my11/ros2_ws/install/rrbot_gazebo:/home/my11/ros2_ws/install/rrbot_description:/home/my11/ros2_ws/install/plate_description:/home/my11/ros2_ws/install/opencv_test_py:/opt/ros/humble LD_LIBRARY_PATH=/home/my11/interbotix_ws/install/interbotix_xs_ros_control/lib:/home/my11/interbotix_ws/install/interbotix_xs_driver/lib:/home/my11/interbotix_ws/install/interbotix_xs_msgs/lib:/home/my11/interbotix_ws/install/interbotix_perception_msgs/lib:/home/my11/interbotix_ws/install/dynamixel_workbench_toolbox/lib:/home/my11/apriltag_ws/install/apriltag_ros/lib:/usr/lib/x86_64-linux-gnu/gazebo-11/plugins:/opt/ros/humble/opt/rviz_ogre_vendor/lib:/opt/ros/humble/lib/x86_64-linux-gnu:/opt/ros/humble/lib:/usr/share/gazebo/../../lib/x86_64-linux-gnu/gazebo-11/plugins:/usr/share/gazebo/../../lib/x86_64-linux-gnu/gazebo-11/plugins:/usr/share/gazebo/../../lib/x86_64-linux-gnu/gazebo-11/plugins PYTHONPATH=/home/my11/interbotix_ws/install/interbotix_xs_modules/lib/python3.10/site-packages:/home/my11/interbotix_ws/install/interbotix_perception_modules/lib/python3.10/site-packages:/home/my11/interbotix_ws/install/interbotix_xs_msgs/local/lib/python3.10/dist-packages:/home/my11/interbotix_ws/install/interbotix_perception_msgs/local/lib/python3.10/dist-packages:/home/my11/interbotix_ws/install/interbotix_common_modules/lib/python3.10/site-packages:${PYTHONPATH} /usr/bin/cmake --build /home/my11/interbotix_ws/build/interbotix_ros_xsarms -- -j20 -l20
[27.937s] DEBUG:colcon.colcon_core.event_handler.log_command:Invoked command in '/home/my11/interbotix_ws/build/interbotix_ros_xsarms' returned '0': AMENT_PREFIX_PATH=/home/my11/interbotix_ws/install/interbotix_xsarm_moveit:/home/my11/interbotix_ws/install/interbotix_xsarm_ros_control:/home/my11/interbotix_ws/install/interbotix_xsarm_perception:/home/my11/interbotix_ws/install/interbotix_xsarm_sim:/home/my11/interbotix_ws/install/interbotix_xsarm_control:/home/my11/interbotix_ws/install/interbotix_xsarm_descriptions:/home/my11/interbotix_ws/install/interbotix_xs_modules:/home/my11/interbotix_ws/install/interbotix_xs_sdk:/home/my11/interbotix_ws/install/interbotix_perception_modules:/home/my11/interbotix_ws/install/interbotix_xs_ros_control:/home/my11/interbotix_ws/install/interbotix_xs_driver:/home/my11/interbotix_ws/install/interbotix_perception_pipelines:/home/my11/interbotix_ws/install/interbotix_xs_msgs:/home/my11/interbotix_ws/install/interbotix_perception_msgs:/home/my11/interbotix_ws/install/interbotix_common_sim:/home/my11/interbotix_ws/install/interbotix_common_modules:/home/my11/interbotix_ws/install/dynamixel_workbench_toolbox:${AMENT_PREFIX_PATH} CMAKE_PREFIX_PATH=/home/my11/interbotix_ws/install/interbotix_xsarm_moveit:/home/my11/interbotix_ws/install/interbotix_xsarm_ros_control:/home/my11/interbotix_ws/install/interbotix_xsarm_perception:/home/my11/interbotix_ws/install/interbotix_xsarm_sim:/home/my11/interbotix_ws/install/interbotix_xsarm_control:/home/my11/interbotix_ws/install/interbotix_xsarm_descriptions:/home/my11/interbotix_ws/install/interbotix_xs_sdk:/home/my11/interbotix_ws/install/interbotix_xs_ros_control:/home/my11/interbotix_ws/install/interbotix_xs_driver:/home/my11/interbotix_ws/install/interbotix_perception_pipelines:/home/my11/interbotix_ws/install/interbotix_xs_msgs:/home/my11/interbotix_ws/install/interbotix_perception_msgs:/home/my11/interbotix_ws/install/interbotix_common_sim:/home/my11/interbotix_ws/install/dynamixel_workbench_toolbox:/home/my11/apriltag_ws/install/apriltag_ros:/home/my11/ros2_ws/install/rrbot_gazebo:/home/my11/ros2_ws/install/rrbot_description:/home/my11/ros2_ws/install/plate_description:/home/my11/ros2_ws/install/opencv_test_py:/opt/ros/humble LD_LIBRARY_PATH=/home/my11/interbotix_ws/install/interbotix_xs_ros_control/lib:/home/my11/interbotix_ws/install/interbotix_xs_driver/lib:/home/my11/interbotix_ws/install/interbotix_xs_msgs/lib:/home/my11/interbotix_ws/install/interbotix_perception_msgs/lib:/home/my11/interbotix_ws/install/dynamixel_workbench_toolbox/lib:/home/my11/apriltag_ws/install/apriltag_ros/lib:/usr/lib/x86_64-linux-gnu/gazebo-11/plugins:/opt/ros/humble/opt/rviz_ogre_vendor/lib:/opt/ros/humble/lib/x86_64-linux-gnu:/opt/ros/humble/lib:/usr/share/gazebo/../../lib/x86_64-linux-gnu/gazebo-11/plugins:/usr/share/gazebo/../../lib/x86_64-linux-gnu/gazebo-11/plugins:/usr/share/gazebo/../../lib/x86_64-linux-gnu/gazebo-11/plugins PYTHONPATH=/home/my11/interbotix_ws/install/interbotix_xs_modules/lib/python3.10/site-packages:/home/my11/interbotix_ws/install/interbotix_perception_modules/lib/python3.10/site-packages:/home/my11/interbotix_ws/install/interbotix_xs_msgs/local/lib/python3.10/dist-packages:/home/my11/interbotix_ws/install/interbotix_perception_msgs/local/lib/python3.10/dist-packages:/home/my11/interbotix_ws/install/interbotix_common_modules/lib/python3.10/site-packages:${PYTHONPATH} /usr/bin/cmake --build /home/my11/interbotix_ws/build/interbotix_ros_xsarms -- -j20 -l20
[27.958s] DEBUG:colcon.colcon_core.event_handler.log_command:Invoking command in '/home/my11/interbotix_ws/build/interbotix_ros_xsarms': AMENT_PREFIX_PATH=/home/my11/interbotix_ws/install/interbotix_xsarm_moveit:/home/my11/interbotix_ws/install/interbotix_xsarm_ros_control:/home/my11/interbotix_ws/install/interbotix_xsarm_perception:/home/my11/interbotix_ws/install/interbotix_xsarm_sim:/home/my11/interbotix_ws/install/interbotix_xsarm_control:/home/my11/interbotix_ws/install/interbotix_xsarm_descriptions:/home/my11/interbotix_ws/install/interbotix_xs_modules:/home/my11/interbotix_ws/install/interbotix_xs_sdk:/home/my11/interbotix_ws/install/interbotix_perception_modules:/home/my11/interbotix_ws/install/interbotix_xs_ros_control:/home/my11/interbotix_ws/install/interbotix_xs_driver:/home/my11/interbotix_ws/install/interbotix_perception_pipelines:/home/my11/interbotix_ws/install/interbotix_xs_msgs:/home/my11/interbotix_ws/install/interbotix_perception_msgs:/home/my11/interbotix_ws/install/interbotix_common_sim:/home/my11/interbotix_ws/install/interbotix_common_modules:/home/my11/interbotix_ws/install/dynamixel_workbench_toolbox:${AMENT_PREFIX_PATH} CMAKE_PREFIX_PATH=/home/my11/interbotix_ws/install/interbotix_xsarm_moveit:/home/my11/interbotix_ws/install/interbotix_xsarm_ros_control:/home/my11/interbotix_ws/install/interbotix_xsarm_perception:/home/my11/interbotix_ws/install/interbotix_xsarm_sim:/home/my11/interbotix_ws/install/interbotix_xsarm_control:/home/my11/interbotix_ws/install/interbotix_xsarm_descriptions:/home/my11/interbotix_ws/install/interbotix_xs_sdk:/home/my11/interbotix_ws/install/interbotix_xs_ros_control:/home/my11/interbotix_ws/install/interbotix_xs_driver:/home/my11/interbotix_ws/install/interbotix_perception_pipelines:/home/my11/interbotix_ws/install/interbotix_xs_msgs:/home/my11/interbotix_ws/install/interbotix_perception_msgs:/home/my11/interbotix_ws/install/interbotix_common_sim:/home/my11/interbotix_ws/install/dynamixel_workbench_toolbox:/home/my11/apriltag_ws/install/apriltag_ros:/home/my11/ros2_ws/install/rrbot_gazebo:/home/my11/ros2_ws/install/rrbot_description:/home/my11/ros2_ws/install/plate_description:/home/my11/ros2_ws/install/opencv_test_py:/opt/ros/humble LD_LIBRARY_PATH=/home/my11/interbotix_ws/install/interbotix_xs_ros_control/lib:/home/my11/interbotix_ws/install/interbotix_xs_driver/lib:/home/my11/interbotix_ws/install/interbotix_xs_msgs/lib:/home/my11/interbotix_ws/install/interbotix_perception_msgs/lib:/home/my11/interbotix_ws/install/dynamixel_workbench_toolbox/lib:/home/my11/apriltag_ws/install/apriltag_ros/lib:/usr/lib/x86_64-linux-gnu/gazebo-11/plugins:/opt/ros/humble/opt/rviz_ogre_vendor/lib:/opt/ros/humble/lib/x86_64-linux-gnu:/opt/ros/humble/lib:/usr/share/gazebo/../../lib/x86_64-linux-gnu/gazebo-11/plugins:/usr/share/gazebo/../../lib/x86_64-linux-gnu/gazebo-11/plugins:/usr/share/gazebo/../../lib/x86_64-linux-gnu/gazebo-11/plugins PYTHONPATH=/home/my11/interbotix_ws/install/interbotix_xs_modules/lib/python3.10/site-packages:/home/my11/interbotix_ws/install/interbotix_perception_modules/lib/python3.10/site-packages:/home/my11/interbotix_ws/install/interbotix_xs_msgs/local/lib/python3.10/dist-packages:/home/my11/interbotix_ws/install/interbotix_perception_msgs/local/lib/python3.10/dist-packages:/home/my11/interbotix_ws/install/interbotix_common_modules/lib/python3.10/site-packages:${PYTHONPATH} /usr/bin/cmake --install /home/my11/interbotix_ws/build/interbotix_ros_xsarms
[27.969s] Level 1:colcon.colcon_core.environment:create_environment_scripts_only(interbotix_ros_xsarms)
[27.969s] Level 1:colcon.colcon_core.environment:checking '/home/my11/interbotix_ws/install/interbotix_ros_xsarms' for CMake module files
[27.969s] DEBUG:colcon.colcon_core.event_handler.log_command:Invoked command in '/home/my11/interbotix_ws/build/interbotix_ros_xsarms' returned '0': AMENT_PREFIX_PATH=/home/my11/interbotix_ws/install/interbotix_xsarm_moveit:/home/my11/interbotix_ws/install/interbotix_xsarm_ros_control:/home/my11/interbotix_ws/install/interbotix_xsarm_perception:/home/my11/interbotix_ws/install/interbotix_xsarm_sim:/home/my11/interbotix_ws/install/interbotix_xsarm_control:/home/my11/interbotix_ws/install/interbotix_xsarm_descriptions:/home/my11/interbotix_ws/install/interbotix_xs_modules:/home/my11/interbotix_ws/install/interbotix_xs_sdk:/home/my11/interbotix_ws/install/interbotix_perception_modules:/home/my11/interbotix_ws/install/interbotix_xs_ros_control:/home/my11/interbotix_ws/install/interbotix_xs_driver:/home/my11/interbotix_ws/install/interbotix_perception_pipelines:/home/my11/interbotix_ws/install/interbotix_xs_msgs:/home/my11/interbotix_ws/install/interbotix_perception_msgs:/home/my11/interbotix_ws/install/interbotix_common_sim:/home/my11/interbotix_ws/install/interbotix_common_modules:/home/my11/interbotix_ws/install/dynamixel_workbench_toolbox:${AMENT_PREFIX_PATH} CMAKE_PREFIX_PATH=/home/my11/interbotix_ws/install/interbotix_xsarm_moveit:/home/my11/interbotix_ws/install/interbotix_xsarm_ros_control:/home/my11/interbotix_ws/install/interbotix_xsarm_perception:/home/my11/interbotix_ws/install/interbotix_xsarm_sim:/home/my11/interbotix_ws/install/interbotix_xsarm_control:/home/my11/interbotix_ws/install/interbotix_xsarm_descriptions:/home/my11/interbotix_ws/install/interbotix_xs_sdk:/home/my11/interbotix_ws/install/interbotix_xs_ros_control:/home/my11/interbotix_ws/install/interbotix_xs_driver:/home/my11/interbotix_ws/install/interbotix_perception_pipelines:/home/my11/interbotix_ws/install/interbotix_xs_msgs:/home/my11/interbotix_ws/install/interbotix_perception_msgs:/home/my11/interbotix_ws/install/interbotix_common_sim:/home/my11/interbotix_ws/install/dynamixel_workbench_toolbox:/home/my11/apriltag_ws/install/apriltag_ros:/home/my11/ros2_ws/install/rrbot_gazebo:/home/my11/ros2_ws/install/rrbot_description:/home/my11/ros2_ws/install/plate_description:/home/my11/ros2_ws/install/opencv_test_py:/opt/ros/humble LD_LIBRARY_PATH=/home/my11/interbotix_ws/install/interbotix_xs_ros_control/lib:/home/my11/interbotix_ws/install/interbotix_xs_driver/lib:/home/my11/interbotix_ws/install/interbotix_xs_msgs/lib:/home/my11/interbotix_ws/install/interbotix_perception_msgs/lib:/home/my11/interbotix_ws/install/dynamixel_workbench_toolbox/lib:/home/my11/apriltag_ws/install/apriltag_ros/lib:/usr/lib/x86_64-linux-gnu/gazebo-11/plugins:/opt/ros/humble/opt/rviz_ogre_vendor/lib:/opt/ros/humble/lib/x86_64-linux-gnu:/opt/ros/humble/lib:/usr/share/gazebo/../../lib/x86_64-linux-gnu/gazebo-11/plugins:/usr/share/gazebo/../../lib/x86_64-linux-gnu/gazebo-11/plugins:/usr/share/gazebo/../../lib/x86_64-linux-gnu/gazebo-11/plugins PYTHONPATH=/home/my11/interbotix_ws/install/interbotix_xs_modules/lib/python3.10/site-packages:/home/my11/interbotix_ws/install/interbotix_perception_modules/lib/python3.10/site-packages:/home/my11/interbotix_ws/install/interbotix_xs_msgs/local/lib/python3.10/dist-packages:/home/my11/interbotix_ws/install/interbotix_perception_msgs/local/lib/python3.10/dist-packages:/home/my11/interbotix_ws/install/interbotix_common_modules/lib/python3.10/site-packages:${PYTHONPATH} /usr/bin/cmake --install /home/my11/interbotix_ws/build/interbotix_ros_xsarms
[27.970s] Level 1:colcon.colcon_core.environment:checking '/home/my11/interbotix_ws/install/interbotix_ros_xsarms' for CMake config files
[27.970s] Level 1:colcon.colcon_core.shell:create_environment_hook('interbotix_ros_xsarms', 'cmake_prefix_path')
[27.970s] INFO:colcon.colcon_core.shell:Creating environment hook '/home/my11/interbotix_ws/install/interbotix_ros_xsarms/share/interbotix_ros_xsarms/hook/cmake_prefix_path.ps1'
[27.971s] INFO:colcon.colcon_core.shell:Creating environment descriptor '/home/my11/interbotix_ws/install/interbotix_ros_xsarms/share/interbotix_ros_xsarms/hook/cmake_prefix_path.dsv'
[27.971s] INFO:colcon.colcon_core.shell:Creating environment hook '/home/my11/interbotix_ws/install/interbotix_ros_xsarms/share/interbotix_ros_xsarms/hook/cmake_prefix_path.sh'
[27.971s] Level 1:colcon.colcon_core.environment:checking '/home/my11/interbotix_ws/install/interbotix_ros_xsarms/bin'
[27.971s] Level 1:colcon.colcon_core.environment:checking '/home/my11/interbotix_ws/install/interbotix_ros_xsarms/lib/pkgconfig/interbotix_ros_xsarms.pc'
[27.972s] Level 1:colcon.colcon_core.environment:checking '/home/my11/interbotix_ws/install/interbotix_ros_xsarms/lib/python3.10/site-packages'
[27.972s] Level 1:colcon.colcon_core.environment:checking '/home/my11/interbotix_ws/install/interbotix_ros_xsarms/bin'
[27.972s] INFO:colcon.colcon_core.shell:Creating package script '/home/my11/interbotix_ws/install/interbotix_ros_xsarms/share/interbotix_ros_xsarms/package.ps1'
[27.972s] INFO:colcon.colcon_core.shell:Creating package descriptor '/home/my11/interbotix_ws/install/interbotix_ros_xsarms/share/interbotix_ros_xsarms/package.dsv'
[27.973s] INFO:colcon.colcon_core.shell:Creating package script '/home/my11/interbotix_ws/install/interbotix_ros_xsarms/share/interbotix_ros_xsarms/package.sh'
[27.973s] INFO:colcon.colcon_core.shell:Creating package script '/home/my11/interbotix_ws/install/interbotix_ros_xsarms/share/interbotix_ros_xsarms/package.bash'
[27.974s] INFO:colcon.colcon_core.shell:Creating package script '/home/my11/interbotix_ws/install/interbotix_ros_xsarms/share/interbotix_ros_xsarms/package.zsh'
[27.974s] Level 1:colcon.colcon_core.environment:create_file_with_runtime_dependencies(/home/my11/interbotix_ws/install/interbotix_ros_xsarms/share/colcon-core/packages/interbotix_ros_xsarms)
[27.995s] Level 1:colcon.colcon_core.environment:create_environment_scripts_only(interbotix_ros_xsarms)
[27.995s] Level 1:colcon.colcon_core.environment:checking '/home/my11/interbotix_ws/install/interbotix_ros_xsarms' for CMake module files
[27.996s] Level 1:colcon.colcon_core.environment:checking '/home/my11/interbotix_ws/install/interbotix_ros_xsarms' for CMake config files
[27.996s] Level 1:colcon.colcon_core.shell:create_environment_hook('interbotix_ros_xsarms', 'cmake_prefix_path')
[27.996s] INFO:colcon.colcon_core.shell:Creating environment hook '/home/my11/interbotix_ws/install/interbotix_ros_xsarms/share/interbotix_ros_xsarms/hook/cmake_prefix_path.ps1'
[27.997s] INFO:colcon.colcon_core.shell:Creating environment descriptor '/home/my11/interbotix_ws/install/interbotix_ros_xsarms/share/interbotix_ros_xsarms/hook/cmake_prefix_path.dsv'
[27.997s] INFO:colcon.colcon_core.shell:Creating environment hook '/home/my11/interbotix_ws/install/interbotix_ros_xsarms/share/interbotix_ros_xsarms/hook/cmake_prefix_path.sh'
[27.998s] Level 1:colcon.colcon_core.environment:checking '/home/my11/interbotix_ws/install/interbotix_ros_xsarms/bin'
[27.998s] Level 1:colcon.colcon_core.environment:checking '/home/my11/interbotix_ws/install/interbotix_ros_xsarms/lib/pkgconfig/interbotix_ros_xsarms.pc'
[27.998s] Level 1:colcon.colcon_core.environment:checking '/home/my11/interbotix_ws/install/interbotix_ros_xsarms/lib/python3.10/site-packages'
[27.998s] Level 1:colcon.colcon_core.environment:checking '/home/my11/interbotix_ws/install/interbotix_ros_xsarms/bin'
[27.998s] INFO:colcon.colcon_core.shell:Creating package script '/home/my11/interbotix_ws/install/interbotix_ros_xsarms/share/interbotix_ros_xsarms/package.ps1'
[27.999s] INFO:colcon.colcon_core.shell:Creating package descriptor '/home/my11/interbotix_ws/install/interbotix_ros_xsarms/share/interbotix_ros_xsarms/package.dsv'
[27.999s] INFO:colcon.colcon_core.shell:Creating package script '/home/my11/interbotix_ws/install/interbotix_ros_xsarms/share/interbotix_ros_xsarms/package.sh'
[28.000s] INFO:colcon.colcon_core.shell:Creating package script '/home/my11/interbotix_ws/install/interbotix_ros_xsarms/share/interbotix_ros_xsarms/package.bash'
[28.000s] INFO:colcon.colcon_core.shell:Creating package script '/home/my11/interbotix_ws/install/interbotix_ros_xsarms/share/interbotix_ros_xsarms/package.zsh'
[28.000s] Level 1:colcon.colcon_core.environment:create_file_with_runtime_dependencies(/home/my11/interbotix_ws/install/interbotix_ros_xsarms/share/colcon-core/packages/interbotix_ros_xsarms)
[31.831s] DEBUG:colcon.colcon_core.event_handler.log_command:Invoked command in '/home/my11/interbotix_ws/build/interbotix_moveit_interface' returned '0': AMENT_PREFIX_PATH=/home/my11/interbotix_ws/install/moveit_visual_tools:/home/my11/interbotix_ws/install/interbotix_moveit_interface_msgs:${AMENT_PREFIX_PATH} CMAKE_PREFIX_PATH=/home/my11/interbotix_ws/install/moveit_visual_tools:/home/my11/interbotix_ws/install/interbotix_moveit_interface_msgs:/home/my11/apriltag_ws/install/apriltag_ros:/home/my11/ros2_ws/install/rrbot_gazebo:/home/my11/ros2_ws/install/rrbot_description:/home/my11/ros2_ws/install/plate_description:/home/my11/ros2_ws/install/opencv_test_py:/opt/ros/humble LD_LIBRARY_PATH=/home/my11/interbotix_ws/install/moveit_visual_tools/lib:/home/my11/interbotix_ws/install/interbotix_moveit_interface_msgs/lib:/home/my11/apriltag_ws/install/apriltag_ros/lib:/usr/lib/x86_64-linux-gnu/gazebo-11/plugins:/opt/ros/humble/opt/rviz_ogre_vendor/lib:/opt/ros/humble/lib/x86_64-linux-gnu:/opt/ros/humble/lib:/usr/share/gazebo/../../lib/x86_64-linux-gnu/gazebo-11/plugins:/usr/share/gazebo/../../lib/x86_64-linux-gnu/gazebo-11/plugins:/usr/share/gazebo/../../lib/x86_64-linux-gnu/gazebo-11/plugins PYTHONPATH=/home/my11/interbotix_ws/install/interbotix_moveit_interface_msgs/local/lib/python3.10/dist-packages:${PYTHONPATH} /usr/bin/cmake --build /home/my11/interbotix_ws/build/interbotix_moveit_interface -- -j20 -l20
[31.855s] DEBUG:colcon.colcon_core.event_handler.log_command:Invoking command in '/home/my11/interbotix_ws/build/interbotix_moveit_interface': AMENT_PREFIX_PATH=/home/my11/interbotix_ws/install/moveit_visual_tools:/home/my11/interbotix_ws/install/interbotix_moveit_interface_msgs:${AMENT_PREFIX_PATH} CMAKE_PREFIX_PATH=/home/my11/interbotix_ws/install/moveit_visual_tools:/home/my11/interbotix_ws/install/interbotix_moveit_interface_msgs:/home/my11/apriltag_ws/install/apriltag_ros:/home/my11/ros2_ws/install/rrbot_gazebo:/home/my11/ros2_ws/install/rrbot_description:/home/my11/ros2_ws/install/plate_description:/home/my11/ros2_ws/install/opencv_test_py:/opt/ros/humble LD_LIBRARY_PATH=/home/my11/interbotix_ws/install/moveit_visual_tools/lib:/home/my11/interbotix_ws/install/interbotix_moveit_interface_msgs/lib:/home/my11/apriltag_ws/install/apriltag_ros/lib:/usr/lib/x86_64-linux-gnu/gazebo-11/plugins:/opt/ros/humble/opt/rviz_ogre_vendor/lib:/opt/ros/humble/lib/x86_64-linux-gnu:/opt/ros/humble/lib:/usr/share/gazebo/../../lib/x86_64-linux-gnu/gazebo-11/plugins:/usr/share/gazebo/../../lib/x86_64-linux-gnu/gazebo-11/plugins:/usr/share/gazebo/../../lib/x86_64-linux-gnu/gazebo-11/plugins PYTHONPATH=/home/my11/interbotix_ws/install/interbotix_moveit_interface_msgs/local/lib/python3.10/dist-packages:${PYTHONPATH} /usr/bin/cmake --install /home/my11/interbotix_ws/build/interbotix_moveit_interface
[31.864s] Level 1:colcon.colcon_core.environment:create_environment_scripts_only(interbotix_moveit_interface)
[31.864s] Level 1:colcon.colcon_core.environment:checking '/home/my11/interbotix_ws/install/interbotix_moveit_interface' for CMake module files
[31.864s] DEBUG:colcon.colcon_core.event_handler.log_command:Invoked command in '/home/my11/interbotix_ws/build/interbotix_moveit_interface' returned '0': AMENT_PREFIX_PATH=/home/my11/interbotix_ws/install/moveit_visual_tools:/home/my11/interbotix_ws/install/interbotix_moveit_interface_msgs:${AMENT_PREFIX_PATH} CMAKE_PREFIX_PATH=/home/my11/interbotix_ws/install/moveit_visual_tools:/home/my11/interbotix_ws/install/interbotix_moveit_interface_msgs:/home/my11/apriltag_ws/install/apriltag_ros:/home/my11/ros2_ws/install/rrbot_gazebo:/home/my11/ros2_ws/install/rrbot_description:/home/my11/ros2_ws/install/plate_description:/home/my11/ros2_ws/install/opencv_test_py:/opt/ros/humble LD_LIBRARY_PATH=/home/my11/interbotix_ws/install/moveit_visual_tools/lib:/home/my11/interbotix_ws/install/interbotix_moveit_interface_msgs/lib:/home/my11/apriltag_ws/install/apriltag_ros/lib:/usr/lib/x86_64-linux-gnu/gazebo-11/plugins:/opt/ros/humble/opt/rviz_ogre_vendor/lib:/opt/ros/humble/lib/x86_64-linux-gnu:/opt/ros/humble/lib:/usr/share/gazebo/../../lib/x86_64-linux-gnu/gazebo-11/plugins:/usr/share/gazebo/../../lib/x86_64-linux-gnu/gazebo-11/plugins:/usr/share/gazebo/../../lib/x86_64-linux-gnu/gazebo-11/plugins PYTHONPATH=/home/my11/interbotix_ws/install/interbotix_moveit_interface_msgs/local/lib/python3.10/dist-packages:${PYTHONPATH} /usr/bin/cmake --install /home/my11/interbotix_ws/build/interbotix_moveit_interface
[31.865s] Level 1:colcon.colcon_core.environment:checking '/home/my11/interbotix_ws/install/interbotix_moveit_interface' for CMake config files
[31.865s] Level 1:colcon.colcon_core.shell:create_environment_hook('interbotix_moveit_interface', 'cmake_prefix_path')
[31.865s] INFO:colcon.colcon_core.shell:Creating environment hook '/home/my11/interbotix_ws/install/interbotix_moveit_interface/share/interbotix_moveit_interface/hook/cmake_prefix_path.ps1'
[31.865s] INFO:colcon.colcon_core.shell:Creating environment descriptor '/home/my11/interbotix_ws/install/interbotix_moveit_interface/share/interbotix_moveit_interface/hook/cmake_prefix_path.dsv'
[31.866s] INFO:colcon.colcon_core.shell:Creating environment hook '/home/my11/interbotix_ws/install/interbotix_moveit_interface/share/interbotix_moveit_interface/hook/cmake_prefix_path.sh'
[31.866s] Level 1:colcon.colcon_core.environment:checking '/home/my11/interbotix_ws/install/interbotix_moveit_interface/lib'
[31.866s] Level 1:colcon.colcon_core.environment:checking '/home/my11/interbotix_ws/install/interbotix_moveit_interface/bin'
[31.866s] Level 1:colcon.colcon_core.environment:checking '/home/my11/interbotix_ws/install/interbotix_moveit_interface/lib/pkgconfig/interbotix_moveit_interface.pc'
[31.866s] Level 1:colcon.colcon_core.environment:checking '/home/my11/interbotix_ws/install/interbotix_moveit_interface/lib/python3.10/site-packages'
[31.867s] Level 1:colcon.colcon_core.environment:checking '/home/my11/interbotix_ws/install/interbotix_moveit_interface/bin'
[31.867s] INFO:colcon.colcon_core.shell:Creating package script '/home/my11/interbotix_ws/install/interbotix_moveit_interface/share/interbotix_moveit_interface/package.ps1'
[31.867s] INFO:colcon.colcon_core.shell:Creating package descriptor '/home/my11/interbotix_ws/install/interbotix_moveit_interface/share/interbotix_moveit_interface/package.dsv'
[31.868s] INFO:colcon.colcon_core.shell:Creating package script '/home/my11/interbotix_ws/install/interbotix_moveit_interface/share/interbotix_moveit_interface/package.sh'
[31.868s] INFO:colcon.colcon_core.shell:Creating package script '/home/my11/interbotix_ws/install/interbotix_moveit_interface/share/interbotix_moveit_interface/package.bash'
[31.868s] INFO:colcon.colcon_core.shell:Creating package script '/home/my11/interbotix_ws/install/interbotix_moveit_interface/share/interbotix_moveit_interface/package.zsh'
[31.869s] Level 1:colcon.colcon_core.environment:create_file_with_runtime_dependencies(/home/my11/interbotix_ws/install/interbotix_moveit_interface/share/colcon-core/packages/interbotix_moveit_interface)
[31.894s] Level 1:colcon.colcon_core.environment:create_environment_scripts_only(interbotix_moveit_interface)
[31.895s] Level 1:colcon.colcon_core.environment:checking '/home/my11/interbotix_ws/install/interbotix_moveit_interface' for CMake module files
[31.895s] Level 1:colcon.colcon_core.environment:checking '/home/my11/interbotix_ws/install/interbotix_moveit_interface' for CMake config files
[31.895s] Level 1:colcon.colcon_core.shell:create_environment_hook('interbotix_moveit_interface', 'cmake_prefix_path')
[31.895s] INFO:colcon.colcon_core.shell:Creating environment hook '/home/my11/interbotix_ws/install/interbotix_moveit_interface/share/interbotix_moveit_interface/hook/cmake_prefix_path.ps1'
[31.896s] INFO:colcon.colcon_core.shell:Creating environment descriptor '/home/my11/interbotix_ws/install/interbotix_moveit_interface/share/interbotix_moveit_interface/hook/cmake_prefix_path.dsv'
[31.896s] INFO:colcon.colcon_core.shell:Creating environment hook '/home/my11/interbotix_ws/install/interbotix_moveit_interface/share/interbotix_moveit_interface/hook/cmake_prefix_path.sh'
[31.897s] Level 1:colcon.colcon_core.environment:checking '/home/my11/interbotix_ws/install/interbotix_moveit_interface/lib'
[31.897s] Level 1:colcon.colcon_core.environment:checking '/home/my11/interbotix_ws/install/interbotix_moveit_interface/bin'
[31.897s] Level 1:colcon.colcon_core.environment:checking '/home/my11/interbotix_ws/install/interbotix_moveit_interface/lib/pkgconfig/interbotix_moveit_interface.pc'
[31.897s] Level 1:colcon.colcon_core.environment:checking '/home/my11/interbotix_ws/install/interbotix_moveit_interface/lib/python3.10/site-packages'
[31.897s] Level 1:colcon.colcon_core.environment:checking '/home/my11/interbotix_ws/install/interbotix_moveit_interface/bin'
[31.898s] INFO:colcon.colcon_core.shell:Creating package script '/home/my11/interbotix_ws/install/interbotix_moveit_interface/share/interbotix_moveit_interface/package.ps1'
[31.898s] INFO:colcon.colcon_core.shell:Creating package descriptor '/home/my11/interbotix_ws/install/interbotix_moveit_interface/share/interbotix_moveit_interface/package.dsv'
[31.899s] INFO:colcon.colcon_core.shell:Creating package script '/home/my11/interbotix_ws/install/interbotix_moveit_interface/share/interbotix_moveit_interface/package.sh'
[31.900s] INFO:colcon.colcon_core.shell:Creating package script '/home/my11/interbotix_ws/install/interbotix_moveit_interface/share/interbotix_moveit_interface/package.bash'
[31.900s] INFO:colcon.colcon_core.shell:Creating package script '/home/my11/interbotix_ws/install/interbotix_moveit_interface/share/interbotix_moveit_interface/package.zsh'
[31.900s] Level 1:colcon.colcon_core.environment:create_file_with_runtime_dependencies(/home/my11/interbotix_ws/install/interbotix_moveit_interface/share/colcon-core/packages/interbotix_moveit_interface)
[31.900s] INFO:colcon.colcon_ros.task.ament_cmake.build:Building ROS package in '/home/my11/interbotix_ws/src/interbotix_ros_manipulators/interbotix_ros_xsarms/examples/interbotix_xsarm_moveit_interface' with build type 'ament_cmake'
[31.900s] INFO:colcon.colcon_cmake.task.cmake.build:Building CMake package in '/home/my11/interbotix_ws/src/interbotix_ros_manipulators/interbotix_ros_xsarms/examples/interbotix_xsarm_moveit_interface'
[31.900s] INFO:colcon.colcon_core.shell:Skip shell extension 'powershell' for command environment: Not usable outside of PowerShell
[31.900s] DEBUG:colcon.colcon_core.shell:Skip shell extension 'dsv' for command environment
[31.924s] DEBUG:colcon.colcon_core.event_handler.log_command:Invoking command in '/home/my11/interbotix_ws/build/interbotix_xsarm_moveit_interface': AMENT_PREFIX_PATH=/home/my11/interbotix_ws/install/interbotix_xsarm_moveit:/home/my11/interbotix_ws/install/interbotix_xsarm_ros_control:/home/my11/interbotix_ws/install/interbotix_xsarm_sim:/home/my11/interbotix_ws/install/interbotix_xsarm_control:/home/my11/interbotix_ws/install/interbotix_xsarm_descriptions:/home/my11/interbotix_ws/install/interbotix_xs_modules:/home/my11/interbotix_ws/install/interbotix_xs_sdk:/home/my11/interbotix_ws/install/interbotix_xs_ros_control:/home/my11/interbotix_ws/install/interbotix_xs_driver:/home/my11/interbotix_ws/install/interbotix_moveit_interface:/home/my11/interbotix_ws/install/moveit_visual_tools:/home/my11/interbotix_ws/install/interbotix_xs_msgs:/home/my11/interbotix_ws/install/interbotix_moveit_interface_msgs:/home/my11/interbotix_ws/install/interbotix_common_sim:/home/my11/interbotix_ws/install/interbotix_common_modules:/home/my11/interbotix_ws/install/dynamixel_workbench_toolbox:${AMENT_PREFIX_PATH} CMAKE_PREFIX_PATH=/home/my11/interbotix_ws/install/interbotix_xsarm_moveit:/home/my11/interbotix_ws/install/interbotix_xsarm_ros_control:/home/my11/interbotix_ws/install/interbotix_xsarm_sim:/home/my11/interbotix_ws/install/interbotix_xsarm_control:/home/my11/interbotix_ws/install/interbotix_xsarm_descriptions:/home/my11/interbotix_ws/install/interbotix_xs_sdk:/home/my11/interbotix_ws/install/interbotix_xs_ros_control:/home/my11/interbotix_ws/install/interbotix_xs_driver:/home/my11/interbotix_ws/install/interbotix_moveit_interface:/home/my11/interbotix_ws/install/moveit_visual_tools:/home/my11/interbotix_ws/install/interbotix_xs_msgs:/home/my11/interbotix_ws/install/interbotix_moveit_interface_msgs:/home/my11/interbotix_ws/install/interbotix_common_sim:/home/my11/interbotix_ws/install/dynamixel_workbench_toolbox:/home/my11/apriltag_ws/install/apriltag_ros:/home/my11/ros2_ws/install/rrbot_gazebo:/home/my11/ros2_ws/install/rrbot_description:/home/my11/ros2_ws/install/plate_description:/home/my11/ros2_ws/install/opencv_test_py:/opt/ros/humble LD_LIBRARY_PATH=/home/my11/interbotix_ws/install/interbotix_xs_ros_control/lib:/home/my11/interbotix_ws/install/interbotix_xs_driver/lib:/home/my11/interbotix_ws/install/moveit_visual_tools/lib:/home/my11/interbotix_ws/install/interbotix_xs_msgs/lib:/home/my11/interbotix_ws/install/interbotix_moveit_interface_msgs/lib:/home/my11/interbotix_ws/install/dynamixel_workbench_toolbox/lib:/home/my11/apriltag_ws/install/apriltag_ros/lib:/usr/lib/x86_64-linux-gnu/gazebo-11/plugins:/opt/ros/humble/opt/rviz_ogre_vendor/lib:/opt/ros/humble/lib/x86_64-linux-gnu:/opt/ros/humble/lib:/usr/share/gazebo/../../lib/x86_64-linux-gnu/gazebo-11/plugins:/usr/share/gazebo/../../lib/x86_64-linux-gnu/gazebo-11/plugins:/usr/share/gazebo/../../lib/x86_64-linux-gnu/gazebo-11/plugins PYTHONPATH=/home/my11/interbotix_ws/install/interbotix_xs_modules/lib/python3.10/site-packages:/home/my11/interbotix_ws/install/interbotix_xs_msgs/local/lib/python3.10/dist-packages:/home/my11/interbotix_ws/install/interbotix_moveit_interface_msgs/local/lib/python3.10/dist-packages:/home/my11/interbotix_ws/install/interbotix_common_modules/lib/python3.10/site-packages:${PYTHONPATH} /usr/bin/cmake /home/my11/interbotix_ws/src/interbotix_ros_manipulators/interbotix_ros_xsarms/examples/interbotix_xsarm_moveit_interface -DCMAKE_INSTALL_PREFIX=/home/my11/interbotix_ws/install/interbotix_xsarm_moveit_interface
[32.079s] DEBUG:colcon.colcon_core.event_handler.log_command:Invoked command in '/home/my11/interbotix_ws/build/interbotix_xsarm_joy' returned '0': AMENT_PREFIX_PATH=/home/my11/interbotix_ws/install/interbotix_xsarm_control:/home/my11/interbotix_ws/install/interbotix_xsarm_descriptions:/home/my11/interbotix_ws/install/interbotix_xs_modules:/home/my11/interbotix_ws/install/interbotix_xs_sdk:/home/my11/interbotix_ws/install/interbotix_xs_driver:/home/my11/interbotix_ws/install/interbotix_xs_msgs:/home/my11/interbotix_ws/install/interbotix_common_modules:/home/my11/interbotix_ws/install/dynamixel_workbench_toolbox:${AMENT_PREFIX_PATH} CMAKE_PREFIX_PATH=/home/my11/interbotix_ws/install/interbotix_xsarm_control:/home/my11/interbotix_ws/install/interbotix_xsarm_descriptions:/home/my11/interbotix_ws/install/interbotix_xs_sdk:/home/my11/interbotix_ws/install/interbotix_xs_driver:/home/my11/interbotix_ws/install/interbotix_xs_msgs:/home/my11/interbotix_ws/install/dynamixel_workbench_toolbox:/home/my11/apriltag_ws/install/apriltag_ros:/home/my11/ros2_ws/install/rrbot_gazebo:/home/my11/ros2_ws/install/rrbot_description:/home/my11/ros2_ws/install/plate_description:/home/my11/ros2_ws/install/opencv_test_py:/opt/ros/humble LD_LIBRARY_PATH=/home/my11/interbotix_ws/install/interbotix_xs_driver/lib:/home/my11/interbotix_ws/install/interbotix_xs_msgs/lib:/home/my11/interbotix_ws/install/dynamixel_workbench_toolbox/lib:/home/my11/apriltag_ws/install/apriltag_ros/lib:/usr/lib/x86_64-linux-gnu/gazebo-11/plugins:/opt/ros/humble/opt/rviz_ogre_vendor/lib:/opt/ros/humble/lib/x86_64-linux-gnu:/opt/ros/humble/lib:/usr/share/gazebo/../../lib/x86_64-linux-gnu/gazebo-11/plugins:/usr/share/gazebo/../../lib/x86_64-linux-gnu/gazebo-11/plugins:/usr/share/gazebo/../../lib/x86_64-linux-gnu/gazebo-11/plugins PYTHONPATH=/home/my11/interbotix_ws/install/interbotix_xs_modules/lib/python3.10/site-packages:/home/my11/interbotix_ws/install/interbotix_xs_msgs/local/lib/python3.10/dist-packages:/home/my11/interbotix_ws/install/interbotix_common_modules/lib/python3.10/site-packages:${PYTHONPATH} /usr/bin/cmake --build /home/my11/interbotix_ws/build/interbotix_xsarm_joy -- -j20 -l20
[32.100s] DEBUG:colcon.colcon_core.event_handler.log_command:Invoking command in '/home/my11/interbotix_ws/build/interbotix_xsarm_joy': AMENT_PREFIX_PATH=/home/my11/interbotix_ws/install/interbotix_xsarm_control:/home/my11/interbotix_ws/install/interbotix_xsarm_descriptions:/home/my11/interbotix_ws/install/interbotix_xs_modules:/home/my11/interbotix_ws/install/interbotix_xs_sdk:/home/my11/interbotix_ws/install/interbotix_xs_driver:/home/my11/interbotix_ws/install/interbotix_xs_msgs:/home/my11/interbotix_ws/install/interbotix_common_modules:/home/my11/interbotix_ws/install/dynamixel_workbench_toolbox:${AMENT_PREFIX_PATH} CMAKE_PREFIX_PATH=/home/my11/interbotix_ws/install/interbotix_xsarm_control:/home/my11/interbotix_ws/install/interbotix_xsarm_descriptions:/home/my11/interbotix_ws/install/interbotix_xs_sdk:/home/my11/interbotix_ws/install/interbotix_xs_driver:/home/my11/interbotix_ws/install/interbotix_xs_msgs:/home/my11/interbotix_ws/install/dynamixel_workbench_toolbox:/home/my11/apriltag_ws/install/apriltag_ros:/home/my11/ros2_ws/install/rrbot_gazebo:/home/my11/ros2_ws/install/rrbot_description:/home/my11/ros2_ws/install/plate_description:/home/my11/ros2_ws/install/opencv_test_py:/opt/ros/humble LD_LIBRARY_PATH=/home/my11/interbotix_ws/install/interbotix_xs_driver/lib:/home/my11/interbotix_ws/install/interbotix_xs_msgs/lib:/home/my11/interbotix_ws/install/dynamixel_workbench_toolbox/lib:/home/my11/apriltag_ws/install/apriltag_ros/lib:/usr/lib/x86_64-linux-gnu/gazebo-11/plugins:/opt/ros/humble/opt/rviz_ogre_vendor/lib:/opt/ros/humble/lib/x86_64-linux-gnu:/opt/ros/humble/lib:/usr/share/gazebo/../../lib/x86_64-linux-gnu/gazebo-11/plugins:/usr/share/gazebo/../../lib/x86_64-linux-gnu/gazebo-11/plugins:/usr/share/gazebo/../../lib/x86_64-linux-gnu/gazebo-11/plugins PYTHONPATH=/home/my11/interbotix_ws/install/interbotix_xs_modules/lib/python3.10/site-packages:/home/my11/interbotix_ws/install/interbotix_xs_msgs/local/lib/python3.10/dist-packages:/home/my11/interbotix_ws/install/interbotix_common_modules/lib/python3.10/site-packages:${PYTHONPATH} /usr/bin/cmake --install /home/my11/interbotix_ws/build/interbotix_xsarm_joy
[32.108s] Level 1:colcon.colcon_core.environment:create_environment_scripts_only(interbotix_xsarm_joy)
[32.108s] Level 1:colcon.colcon_core.environment:checking '/home/my11/interbotix_ws/install/interbotix_xsarm_joy' for CMake module files
[32.109s] DEBUG:colcon.colcon_core.event_handler.log_command:Invoked command in '/home/my11/interbotix_ws/build/interbotix_xsarm_joy' returned '0': AMENT_PREFIX_PATH=/home/my11/interbotix_ws/install/interbotix_xsarm_control:/home/my11/interbotix_ws/install/interbotix_xsarm_descriptions:/home/my11/interbotix_ws/install/interbotix_xs_modules:/home/my11/interbotix_ws/install/interbotix_xs_sdk:/home/my11/interbotix_ws/install/interbotix_xs_driver:/home/my11/interbotix_ws/install/interbotix_xs_msgs:/home/my11/interbotix_ws/install/interbotix_common_modules:/home/my11/interbotix_ws/install/dynamixel_workbench_toolbox:${AMENT_PREFIX_PATH} CMAKE_PREFIX_PATH=/home/my11/interbotix_ws/install/interbotix_xsarm_control:/home/my11/interbotix_ws/install/interbotix_xsarm_descriptions:/home/my11/interbotix_ws/install/interbotix_xs_sdk:/home/my11/interbotix_ws/install/interbotix_xs_driver:/home/my11/interbotix_ws/install/interbotix_xs_msgs:/home/my11/interbotix_ws/install/dynamixel_workbench_toolbox:/home/my11/apriltag_ws/install/apriltag_ros:/home/my11/ros2_ws/install/rrbot_gazebo:/home/my11/ros2_ws/install/rrbot_description:/home/my11/ros2_ws/install/plate_description:/home/my11/ros2_ws/install/opencv_test_py:/opt/ros/humble LD_LIBRARY_PATH=/home/my11/interbotix_ws/install/interbotix_xs_driver/lib:/home/my11/interbotix_ws/install/interbotix_xs_msgs/lib:/home/my11/interbotix_ws/install/dynamixel_workbench_toolbox/lib:/home/my11/apriltag_ws/install/apriltag_ros/lib:/usr/lib/x86_64-linux-gnu/gazebo-11/plugins:/opt/ros/humble/opt/rviz_ogre_vendor/lib:/opt/ros/humble/lib/x86_64-linux-gnu:/opt/ros/humble/lib:/usr/share/gazebo/../../lib/x86_64-linux-gnu/gazebo-11/plugins:/usr/share/gazebo/../../lib/x86_64-linux-gnu/gazebo-11/plugins:/usr/share/gazebo/../../lib/x86_64-linux-gnu/gazebo-11/plugins PYTHONPATH=/home/my11/interbotix_ws/install/interbotix_xs_modules/lib/python3.10/site-packages:/home/my11/interbotix_ws/install/interbotix_xs_msgs/local/lib/python3.10/dist-packages:/home/my11/interbotix_ws/install/interbotix_common_modules/lib/python3.10/site-packages:${PYTHONPATH} /usr/bin/cmake --install /home/my11/interbotix_ws/build/interbotix_xsarm_joy
[32.109s] Level 1:colcon.colcon_core.environment:checking '/home/my11/interbotix_ws/install/interbotix_xsarm_joy' for CMake config files
[32.109s] Level 1:colcon.colcon_core.shell:create_environment_hook('interbotix_xsarm_joy', 'cmake_prefix_path')
[32.109s] INFO:colcon.colcon_core.shell:Creating environment hook '/home/my11/interbotix_ws/install/interbotix_xsarm_joy/share/interbotix_xsarm_joy/hook/cmake_prefix_path.ps1'
[32.110s] INFO:colcon.colcon_core.shell:Creating environment descriptor '/home/my11/interbotix_ws/install/interbotix_xsarm_joy/share/interbotix_xsarm_joy/hook/cmake_prefix_path.dsv'
[32.110s] INFO:colcon.colcon_core.shell:Creating environment hook '/home/my11/interbotix_ws/install/interbotix_xsarm_joy/share/interbotix_xsarm_joy/hook/cmake_prefix_path.sh'
[32.111s] Level 1:colcon.colcon_core.environment:checking '/home/my11/interbotix_ws/install/interbotix_xsarm_joy/lib'
[32.111s] Level 1:colcon.colcon_core.environment:checking '/home/my11/interbotix_ws/install/interbotix_xsarm_joy/bin'
[32.111s] Level 1:colcon.colcon_core.environment:checking '/home/my11/interbotix_ws/install/interbotix_xsarm_joy/lib/pkgconfig/interbotix_xsarm_joy.pc'
[32.111s] Level 1:colcon.colcon_core.environment:checking '/home/my11/interbotix_ws/install/interbotix_xsarm_joy/lib/python3.10/site-packages'
[32.111s] Level 1:colcon.colcon_core.environment:checking '/home/my11/interbotix_ws/install/interbotix_xsarm_joy/bin'
[32.112s] INFO:colcon.colcon_core.shell:Creating package script '/home/my11/interbotix_ws/install/interbotix_xsarm_joy/share/interbotix_xsarm_joy/package.ps1'
[32.112s] INFO:colcon.colcon_core.shell:Creating package descriptor '/home/my11/interbotix_ws/install/interbotix_xsarm_joy/share/interbotix_xsarm_joy/package.dsv'
[32.113s] INFO:colcon.colcon_core.shell:Creating package script '/home/my11/interbotix_ws/install/interbotix_xsarm_joy/share/interbotix_xsarm_joy/package.sh'
[32.113s] INFO:colcon.colcon_core.shell:Creating package script '/home/my11/interbotix_ws/install/interbotix_xsarm_joy/share/interbotix_xsarm_joy/package.bash'
[32.113s] INFO:colcon.colcon_core.shell:Creating package script '/home/my11/interbotix_ws/install/interbotix_xsarm_joy/share/interbotix_xsarm_joy/package.zsh'
[32.113s] Level 1:colcon.colcon_core.environment:create_file_with_runtime_dependencies(/home/my11/interbotix_ws/install/interbotix_xsarm_joy/share/colcon-core/packages/interbotix_xsarm_joy)
[32.134s] Level 1:colcon.colcon_core.environment:create_environment_scripts_only(interbotix_xsarm_joy)
[32.135s] Level 1:colcon.colcon_core.environment:checking '/home/my11/interbotix_ws/install/interbotix_xsarm_joy' for CMake module files
[32.135s] Level 1:colcon.colcon_core.environment:checking '/home/my11/interbotix_ws/install/interbotix_xsarm_joy' for CMake config files
[32.135s] Level 1:colcon.colcon_core.shell:create_environment_hook('interbotix_xsarm_joy', 'cmake_prefix_path')
[32.135s] INFO:colcon.colcon_core.shell:Creating environment hook '/home/my11/interbotix_ws/install/interbotix_xsarm_joy/share/interbotix_xsarm_joy/hook/cmake_prefix_path.ps1'
[32.136s] INFO:colcon.colcon_core.shell:Creating environment descriptor '/home/my11/interbotix_ws/install/interbotix_xsarm_joy/share/interbotix_xsarm_joy/hook/cmake_prefix_path.dsv'
[32.136s] INFO:colcon.colcon_core.shell:Creating environment hook '/home/my11/interbotix_ws/install/interbotix_xsarm_joy/share/interbotix_xsarm_joy/hook/cmake_prefix_path.sh'
[32.137s] Level 1:colcon.colcon_core.environment:checking '/home/my11/interbotix_ws/install/interbotix_xsarm_joy/lib'
[32.137s] Level 1:colcon.colcon_core.environment:checking '/home/my11/interbotix_ws/install/interbotix_xsarm_joy/bin'
[32.137s] Level 1:colcon.colcon_core.environment:checking '/home/my11/interbotix_ws/install/interbotix_xsarm_joy/lib/pkgconfig/interbotix_xsarm_joy.pc'
[32.137s] Level 1:colcon.colcon_core.environment:checking '/home/my11/interbotix_ws/install/interbotix_xsarm_joy/lib/python3.10/site-packages'
[32.137s] Level 1:colcon.colcon_core.environment:checking '/home/my11/interbotix_ws/install/interbotix_xsarm_joy/bin'
[32.137s] INFO:colcon.colcon_core.shell:Creating package script '/home/my11/interbotix_ws/install/interbotix_xsarm_joy/share/interbotix_xsarm_joy/package.ps1'
[32.139s] INFO:colcon.colcon_core.shell:Creating package descriptor '/home/my11/interbotix_ws/install/interbotix_xsarm_joy/share/interbotix_xsarm_joy/package.dsv'
[32.139s] INFO:colcon.colcon_core.shell:Creating package script '/home/my11/interbotix_ws/install/interbotix_xsarm_joy/share/interbotix_xsarm_joy/package.sh'
[32.139s] INFO:colcon.colcon_core.shell:Creating package script '/home/my11/interbotix_ws/install/interbotix_xsarm_joy/share/interbotix_xsarm_joy/package.bash'
[32.140s] INFO:colcon.colcon_core.shell:Creating package script '/home/my11/interbotix_ws/install/interbotix_xsarm_joy/share/interbotix_xsarm_joy/package.zsh'
[32.140s] Level 1:colcon.colcon_core.environment:create_file_with_runtime_dependencies(/home/my11/interbotix_ws/install/interbotix_xsarm_joy/share/colcon-core/packages/interbotix_xsarm_joy)
[32.370s] DEBUG:colcon.colcon_core.event_handler.log_command:Invoked command in '/home/my11/interbotix_ws/build/interbotix_xsarm_moveit_interface' returned '0': AMENT_PREFIX_PATH=/home/my11/interbotix_ws/install/interbotix_xsarm_moveit:/home/my11/interbotix_ws/install/interbotix_xsarm_ros_control:/home/my11/interbotix_ws/install/interbotix_xsarm_sim:/home/my11/interbotix_ws/install/interbotix_xsarm_control:/home/my11/interbotix_ws/install/interbotix_xsarm_descriptions:/home/my11/interbotix_ws/install/interbotix_xs_modules:/home/my11/interbotix_ws/install/interbotix_xs_sdk:/home/my11/interbotix_ws/install/interbotix_xs_ros_control:/home/my11/interbotix_ws/install/interbotix_xs_driver:/home/my11/interbotix_ws/install/interbotix_moveit_interface:/home/my11/interbotix_ws/install/moveit_visual_tools:/home/my11/interbotix_ws/install/interbotix_xs_msgs:/home/my11/interbotix_ws/install/interbotix_moveit_interface_msgs:/home/my11/interbotix_ws/install/interbotix_common_sim:/home/my11/interbotix_ws/install/interbotix_common_modules:/home/my11/interbotix_ws/install/dynamixel_workbench_toolbox:${AMENT_PREFIX_PATH} CMAKE_PREFIX_PATH=/home/my11/interbotix_ws/install/interbotix_xsarm_moveit:/home/my11/interbotix_ws/install/interbotix_xsarm_ros_control:/home/my11/interbotix_ws/install/interbotix_xsarm_sim:/home/my11/interbotix_ws/install/interbotix_xsarm_control:/home/my11/interbotix_ws/install/interbotix_xsarm_descriptions:/home/my11/interbotix_ws/install/interbotix_xs_sdk:/home/my11/interbotix_ws/install/interbotix_xs_ros_control:/home/my11/interbotix_ws/install/interbotix_xs_driver:/home/my11/interbotix_ws/install/interbotix_moveit_interface:/home/my11/interbotix_ws/install/moveit_visual_tools:/home/my11/interbotix_ws/install/interbotix_xs_msgs:/home/my11/interbotix_ws/install/interbotix_moveit_interface_msgs:/home/my11/interbotix_ws/install/interbotix_common_sim:/home/my11/interbotix_ws/install/dynamixel_workbench_toolbox:/home/my11/apriltag_ws/install/apriltag_ros:/home/my11/ros2_ws/install/rrbot_gazebo:/home/my11/ros2_ws/install/rrbot_description:/home/my11/ros2_ws/install/plate_description:/home/my11/ros2_ws/install/opencv_test_py:/opt/ros/humble LD_LIBRARY_PATH=/home/my11/interbotix_ws/install/interbotix_xs_ros_control/lib:/home/my11/interbotix_ws/install/interbotix_xs_driver/lib:/home/my11/interbotix_ws/install/moveit_visual_tools/lib:/home/my11/interbotix_ws/install/interbotix_xs_msgs/lib:/home/my11/interbotix_ws/install/interbotix_moveit_interface_msgs/lib:/home/my11/interbotix_ws/install/dynamixel_workbench_toolbox/lib:/home/my11/apriltag_ws/install/apriltag_ros/lib:/usr/lib/x86_64-linux-gnu/gazebo-11/plugins:/opt/ros/humble/opt/rviz_ogre_vendor/lib:/opt/ros/humble/lib/x86_64-linux-gnu:/opt/ros/humble/lib:/usr/share/gazebo/../../lib/x86_64-linux-gnu/gazebo-11/plugins:/usr/share/gazebo/../../lib/x86_64-linux-gnu/gazebo-11/plugins:/usr/share/gazebo/../../lib/x86_64-linux-gnu/gazebo-11/plugins PYTHONPATH=/home/my11/interbotix_ws/install/interbotix_xs_modules/lib/python3.10/site-packages:/home/my11/interbotix_ws/install/interbotix_xs_msgs/local/lib/python3.10/dist-packages:/home/my11/interbotix_ws/install/interbotix_moveit_interface_msgs/local/lib/python3.10/dist-packages:/home/my11/interbotix_ws/install/interbotix_common_modules/lib/python3.10/site-packages:${PYTHONPATH} /usr/bin/cmake /home/my11/interbotix_ws/src/interbotix_ros_manipulators/interbotix_ros_xsarms/examples/interbotix_xsarm_moveit_interface -DCMAKE_INSTALL_PREFIX=/home/my11/interbotix_ws/install/interbotix_xsarm_moveit_interface
[32.371s] DEBUG:colcon.colcon_core.event_handler.log_command:Invoking command in '/home/my11/interbotix_ws/build/interbotix_xsarm_moveit_interface': AMENT_PREFIX_PATH=/home/my11/interbotix_ws/install/interbotix_xsarm_moveit:/home/my11/interbotix_ws/install/interbotix_xsarm_ros_control:/home/my11/interbotix_ws/install/interbotix_xsarm_sim:/home/my11/interbotix_ws/install/interbotix_xsarm_control:/home/my11/interbotix_ws/install/interbotix_xsarm_descriptions:/home/my11/interbotix_ws/install/interbotix_xs_modules:/home/my11/interbotix_ws/install/interbotix_xs_sdk:/home/my11/interbotix_ws/install/interbotix_xs_ros_control:/home/my11/interbotix_ws/install/interbotix_xs_driver:/home/my11/interbotix_ws/install/interbotix_moveit_interface:/home/my11/interbotix_ws/install/moveit_visual_tools:/home/my11/interbotix_ws/install/interbotix_xs_msgs:/home/my11/interbotix_ws/install/interbotix_moveit_interface_msgs:/home/my11/interbotix_ws/install/interbotix_common_sim:/home/my11/interbotix_ws/install/interbotix_common_modules:/home/my11/interbotix_ws/install/dynamixel_workbench_toolbox:${AMENT_PREFIX_PATH} CMAKE_PREFIX_PATH=/home/my11/interbotix_ws/install/interbotix_xsarm_moveit:/home/my11/interbotix_ws/install/interbotix_xsarm_ros_control:/home/my11/interbotix_ws/install/interbotix_xsarm_sim:/home/my11/interbotix_ws/install/interbotix_xsarm_control:/home/my11/interbotix_ws/install/interbotix_xsarm_descriptions:/home/my11/interbotix_ws/install/interbotix_xs_sdk:/home/my11/interbotix_ws/install/interbotix_xs_ros_control:/home/my11/interbotix_ws/install/interbotix_xs_driver:/home/my11/interbotix_ws/install/interbotix_moveit_interface:/home/my11/interbotix_ws/install/moveit_visual_tools:/home/my11/interbotix_ws/install/interbotix_xs_msgs:/home/my11/interbotix_ws/install/interbotix_moveit_interface_msgs:/home/my11/interbotix_ws/install/interbotix_common_sim:/home/my11/interbotix_ws/install/dynamixel_workbench_toolbox:/home/my11/apriltag_ws/install/apriltag_ros:/home/my11/ros2_ws/install/rrbot_gazebo:/home/my11/ros2_ws/install/rrbot_description:/home/my11/ros2_ws/install/plate_description:/home/my11/ros2_ws/install/opencv_test_py:/opt/ros/humble LD_LIBRARY_PATH=/home/my11/interbotix_ws/install/interbotix_xs_ros_control/lib:/home/my11/interbotix_ws/install/interbotix_xs_driver/lib:/home/my11/interbotix_ws/install/moveit_visual_tools/lib:/home/my11/interbotix_ws/install/interbotix_xs_msgs/lib:/home/my11/interbotix_ws/install/interbotix_moveit_interface_msgs/lib:/home/my11/interbotix_ws/install/dynamixel_workbench_toolbox/lib:/home/my11/apriltag_ws/install/apriltag_ros/lib:/usr/lib/x86_64-linux-gnu/gazebo-11/plugins:/opt/ros/humble/opt/rviz_ogre_vendor/lib:/opt/ros/humble/lib/x86_64-linux-gnu:/opt/ros/humble/lib:/usr/share/gazebo/../../lib/x86_64-linux-gnu/gazebo-11/plugins:/usr/share/gazebo/../../lib/x86_64-linux-gnu/gazebo-11/plugins:/usr/share/gazebo/../../lib/x86_64-linux-gnu/gazebo-11/plugins PYTHONPATH=/home/my11/interbotix_ws/install/interbotix_xs_modules/lib/python3.10/site-packages:/home/my11/interbotix_ws/install/interbotix_xs_msgs/local/lib/python3.10/dist-packages:/home/my11/interbotix_ws/install/interbotix_moveit_interface_msgs/local/lib/python3.10/dist-packages:/home/my11/interbotix_ws/install/interbotix_common_modules/lib/python3.10/site-packages:${PYTHONPATH} /usr/bin/cmake --build /home/my11/interbotix_ws/build/interbotix_xsarm_moveit_interface -- -j20 -l20
[32.406s] DEBUG:colcon.colcon_core.event_handler.log_command:Invoked command in '/home/my11/interbotix_ws/build/interbotix_xsarm_moveit_interface' returned '0': AMENT_PREFIX_PATH=/home/my11/interbotix_ws/install/interbotix_xsarm_moveit:/home/my11/interbotix_ws/install/interbotix_xsarm_ros_control:/home/my11/interbotix_ws/install/interbotix_xsarm_sim:/home/my11/interbotix_ws/install/interbotix_xsarm_control:/home/my11/interbotix_ws/install/interbotix_xsarm_descriptions:/home/my11/interbotix_ws/install/interbotix_xs_modules:/home/my11/interbotix_ws/install/interbotix_xs_sdk:/home/my11/interbotix_ws/install/interbotix_xs_ros_control:/home/my11/interbotix_ws/install/interbotix_xs_driver:/home/my11/interbotix_ws/install/interbotix_moveit_interface:/home/my11/interbotix_ws/install/moveit_visual_tools:/home/my11/interbotix_ws/install/interbotix_xs_msgs:/home/my11/interbotix_ws/install/interbotix_moveit_interface_msgs:/home/my11/interbotix_ws/install/interbotix_common_sim:/home/my11/interbotix_ws/install/interbotix_common_modules:/home/my11/interbotix_ws/install/dynamixel_workbench_toolbox:${AMENT_PREFIX_PATH} CMAKE_PREFIX_PATH=/home/my11/interbotix_ws/install/interbotix_xsarm_moveit:/home/my11/interbotix_ws/install/interbotix_xsarm_ros_control:/home/my11/interbotix_ws/install/interbotix_xsarm_sim:/home/my11/interbotix_ws/install/interbotix_xsarm_control:/home/my11/interbotix_ws/install/interbotix_xsarm_descriptions:/home/my11/interbotix_ws/install/interbotix_xs_sdk:/home/my11/interbotix_ws/install/interbotix_xs_ros_control:/home/my11/interbotix_ws/install/interbotix_xs_driver:/home/my11/interbotix_ws/install/interbotix_moveit_interface:/home/my11/interbotix_ws/install/moveit_visual_tools:/home/my11/interbotix_ws/install/interbotix_xs_msgs:/home/my11/interbotix_ws/install/interbotix_moveit_interface_msgs:/home/my11/interbotix_ws/install/interbotix_common_sim:/home/my11/interbotix_ws/install/dynamixel_workbench_toolbox:/home/my11/apriltag_ws/install/apriltag_ros:/home/my11/ros2_ws/install/rrbot_gazebo:/home/my11/ros2_ws/install/rrbot_description:/home/my11/ros2_ws/install/plate_description:/home/my11/ros2_ws/install/opencv_test_py:/opt/ros/humble LD_LIBRARY_PATH=/home/my11/interbotix_ws/install/interbotix_xs_ros_control/lib:/home/my11/interbotix_ws/install/interbotix_xs_driver/lib:/home/my11/interbotix_ws/install/moveit_visual_tools/lib:/home/my11/interbotix_ws/install/interbotix_xs_msgs/lib:/home/my11/interbotix_ws/install/interbotix_moveit_interface_msgs/lib:/home/my11/interbotix_ws/install/dynamixel_workbench_toolbox/lib:/home/my11/apriltag_ws/install/apriltag_ros/lib:/usr/lib/x86_64-linux-gnu/gazebo-11/plugins:/opt/ros/humble/opt/rviz_ogre_vendor/lib:/opt/ros/humble/lib/x86_64-linux-gnu:/opt/ros/humble/lib:/usr/share/gazebo/../../lib/x86_64-linux-gnu/gazebo-11/plugins:/usr/share/gazebo/../../lib/x86_64-linux-gnu/gazebo-11/plugins:/usr/share/gazebo/../../lib/x86_64-linux-gnu/gazebo-11/plugins PYTHONPATH=/home/my11/interbotix_ws/install/interbotix_xs_modules/lib/python3.10/site-packages:/home/my11/interbotix_ws/install/interbotix_xs_msgs/local/lib/python3.10/dist-packages:/home/my11/interbotix_ws/install/interbotix_moveit_interface_msgs/local/lib/python3.10/dist-packages:/home/my11/interbotix_ws/install/interbotix_common_modules/lib/python3.10/site-packages:${PYTHONPATH} /usr/bin/cmake --build /home/my11/interbotix_ws/build/interbotix_xsarm_moveit_interface -- -j20 -l20
[32.427s] DEBUG:colcon.colcon_core.event_handler.log_command:Invoking command in '/home/my11/interbotix_ws/build/interbotix_xsarm_moveit_interface': AMENT_PREFIX_PATH=/home/my11/interbotix_ws/install/interbotix_xsarm_moveit:/home/my11/interbotix_ws/install/interbotix_xsarm_ros_control:/home/my11/interbotix_ws/install/interbotix_xsarm_sim:/home/my11/interbotix_ws/install/interbotix_xsarm_control:/home/my11/interbotix_ws/install/interbotix_xsarm_descriptions:/home/my11/interbotix_ws/install/interbotix_xs_modules:/home/my11/interbotix_ws/install/interbotix_xs_sdk:/home/my11/interbotix_ws/install/interbotix_xs_ros_control:/home/my11/interbotix_ws/install/interbotix_xs_driver:/home/my11/interbotix_ws/install/interbotix_moveit_interface:/home/my11/interbotix_ws/install/moveit_visual_tools:/home/my11/interbotix_ws/install/interbotix_xs_msgs:/home/my11/interbotix_ws/install/interbotix_moveit_interface_msgs:/home/my11/interbotix_ws/install/interbotix_common_sim:/home/my11/interbotix_ws/install/interbotix_common_modules:/home/my11/interbotix_ws/install/dynamixel_workbench_toolbox:${AMENT_PREFIX_PATH} CMAKE_PREFIX_PATH=/home/my11/interbotix_ws/install/interbotix_xsarm_moveit:/home/my11/interbotix_ws/install/interbotix_xsarm_ros_control:/home/my11/interbotix_ws/install/interbotix_xsarm_sim:/home/my11/interbotix_ws/install/interbotix_xsarm_control:/home/my11/interbotix_ws/install/interbotix_xsarm_descriptions:/home/my11/interbotix_ws/install/interbotix_xs_sdk:/home/my11/interbotix_ws/install/interbotix_xs_ros_control:/home/my11/interbotix_ws/install/interbotix_xs_driver:/home/my11/interbotix_ws/install/interbotix_moveit_interface:/home/my11/interbotix_ws/install/moveit_visual_tools:/home/my11/interbotix_ws/install/interbotix_xs_msgs:/home/my11/interbotix_ws/install/interbotix_moveit_interface_msgs:/home/my11/interbotix_ws/install/interbotix_common_sim:/home/my11/interbotix_ws/install/dynamixel_workbench_toolbox:/home/my11/apriltag_ws/install/apriltag_ros:/home/my11/ros2_ws/install/rrbot_gazebo:/home/my11/ros2_ws/install/rrbot_description:/home/my11/ros2_ws/install/plate_description:/home/my11/ros2_ws/install/opencv_test_py:/opt/ros/humble LD_LIBRARY_PATH=/home/my11/interbotix_ws/install/interbotix_xs_ros_control/lib:/home/my11/interbotix_ws/install/interbotix_xs_driver/lib:/home/my11/interbotix_ws/install/moveit_visual_tools/lib:/home/my11/interbotix_ws/install/interbotix_xs_msgs/lib:/home/my11/interbotix_ws/install/interbotix_moveit_interface_msgs/lib:/home/my11/interbotix_ws/install/dynamixel_workbench_toolbox/lib:/home/my11/apriltag_ws/install/apriltag_ros/lib:/usr/lib/x86_64-linux-gnu/gazebo-11/plugins:/opt/ros/humble/opt/rviz_ogre_vendor/lib:/opt/ros/humble/lib/x86_64-linux-gnu:/opt/ros/humble/lib:/usr/share/gazebo/../../lib/x86_64-linux-gnu/gazebo-11/plugins:/usr/share/gazebo/../../lib/x86_64-linux-gnu/gazebo-11/plugins:/usr/share/gazebo/../../lib/x86_64-linux-gnu/gazebo-11/plugins PYTHONPATH=/home/my11/interbotix_ws/install/interbotix_xs_modules/lib/python3.10/site-packages:/home/my11/interbotix_ws/install/interbotix_xs_msgs/local/lib/python3.10/dist-packages:/home/my11/interbotix_ws/install/interbotix_moveit_interface_msgs/local/lib/python3.10/dist-packages:/home/my11/interbotix_ws/install/interbotix_common_modules/lib/python3.10/site-packages:${PYTHONPATH} /usr/bin/cmake --install /home/my11/interbotix_ws/build/interbotix_xsarm_moveit_interface
[32.437s] Level 1:colcon.colcon_core.environment:create_environment_scripts_only(interbotix_xsarm_moveit_interface)
[32.437s] DEBUG:colcon.colcon_core.event_handler.log_command:Invoked command in '/home/my11/interbotix_ws/build/interbotix_xsarm_moveit_interface' returned '0': AMENT_PREFIX_PATH=/home/my11/interbotix_ws/install/interbotix_xsarm_moveit:/home/my11/interbotix_ws/install/interbotix_xsarm_ros_control:/home/my11/interbotix_ws/install/interbotix_xsarm_sim:/home/my11/interbotix_ws/install/interbotix_xsarm_control:/home/my11/interbotix_ws/install/interbotix_xsarm_descriptions:/home/my11/interbotix_ws/install/interbotix_xs_modules:/home/my11/interbotix_ws/install/interbotix_xs_sdk:/home/my11/interbotix_ws/install/interbotix_xs_ros_control:/home/my11/interbotix_ws/install/interbotix_xs_driver:/home/my11/interbotix_ws/install/interbotix_moveit_interface:/home/my11/interbotix_ws/install/moveit_visual_tools:/home/my11/interbotix_ws/install/interbotix_xs_msgs:/home/my11/interbotix_ws/install/interbotix_moveit_interface_msgs:/home/my11/interbotix_ws/install/interbotix_common_sim:/home/my11/interbotix_ws/install/interbotix_common_modules:/home/my11/interbotix_ws/install/dynamixel_workbench_toolbox:${AMENT_PREFIX_PATH} CMAKE_PREFIX_PATH=/home/my11/interbotix_ws/install/interbotix_xsarm_moveit:/home/my11/interbotix_ws/install/interbotix_xsarm_ros_control:/home/my11/interbotix_ws/install/interbotix_xsarm_sim:/home/my11/interbotix_ws/install/interbotix_xsarm_control:/home/my11/interbotix_ws/install/interbotix_xsarm_descriptions:/home/my11/interbotix_ws/install/interbotix_xs_sdk:/home/my11/interbotix_ws/install/interbotix_xs_ros_control:/home/my11/interbotix_ws/install/interbotix_xs_driver:/home/my11/interbotix_ws/install/interbotix_moveit_interface:/home/my11/interbotix_ws/install/moveit_visual_tools:/home/my11/interbotix_ws/install/interbotix_xs_msgs:/home/my11/interbotix_ws/install/interbotix_moveit_interface_msgs:/home/my11/interbotix_ws/install/interbotix_common_sim:/home/my11/interbotix_ws/install/dynamixel_workbench_toolbox:/home/my11/apriltag_ws/install/apriltag_ros:/home/my11/ros2_ws/install/rrbot_gazebo:/home/my11/ros2_ws/install/rrbot_description:/home/my11/ros2_ws/install/plate_description:/home/my11/ros2_ws/install/opencv_test_py:/opt/ros/humble LD_LIBRARY_PATH=/home/my11/interbotix_ws/install/interbotix_xs_ros_control/lib:/home/my11/interbotix_ws/install/interbotix_xs_driver/lib:/home/my11/interbotix_ws/install/moveit_visual_tools/lib:/home/my11/interbotix_ws/install/interbotix_xs_msgs/lib:/home/my11/interbotix_ws/install/interbotix_moveit_interface_msgs/lib:/home/my11/interbotix_ws/install/dynamixel_workbench_toolbox/lib:/home/my11/apriltag_ws/install/apriltag_ros/lib:/usr/lib/x86_64-linux-gnu/gazebo-11/plugins:/opt/ros/humble/opt/rviz_ogre_vendor/lib:/opt/ros/humble/lib/x86_64-linux-gnu:/opt/ros/humble/lib:/usr/share/gazebo/../../lib/x86_64-linux-gnu/gazebo-11/plugins:/usr/share/gazebo/../../lib/x86_64-linux-gnu/gazebo-11/plugins:/usr/share/gazebo/../../lib/x86_64-linux-gnu/gazebo-11/plugins PYTHONPATH=/home/my11/interbotix_ws/install/interbotix_xs_modules/lib/python3.10/site-packages:/home/my11/interbotix_ws/install/interbotix_xs_msgs/local/lib/python3.10/dist-packages:/home/my11/interbotix_ws/install/interbotix_moveit_interface_msgs/local/lib/python3.10/dist-packages:/home/my11/interbotix_ws/install/interbotix_common_modules/lib/python3.10/site-packages:${PYTHONPATH} /usr/bin/cmake --install /home/my11/interbotix_ws/build/interbotix_xsarm_moveit_interface
[32.437s] Level 1:colcon.colcon_core.environment:checking '/home/my11/interbotix_ws/install/interbotix_xsarm_moveit_interface' for CMake module files
[32.438s] Level 1:colcon.colcon_core.environment:checking '/home/my11/interbotix_ws/install/interbotix_xsarm_moveit_interface' for CMake config files
[32.438s] Level 1:colcon.colcon_core.shell:create_environment_hook('interbotix_xsarm_moveit_interface', 'cmake_prefix_path')
[32.438s] INFO:colcon.colcon_core.shell:Creating environment hook '/home/my11/interbotix_ws/install/interbotix_xsarm_moveit_interface/share/interbotix_xsarm_moveit_interface/hook/cmake_prefix_path.ps1'
[32.439s] INFO:colcon.colcon_core.shell:Creating environment descriptor '/home/my11/interbotix_ws/install/interbotix_xsarm_moveit_interface/share/interbotix_xsarm_moveit_interface/hook/cmake_prefix_path.dsv'
[32.439s] INFO:colcon.colcon_core.shell:Creating environment hook '/home/my11/interbotix_ws/install/interbotix_xsarm_moveit_interface/share/interbotix_xsarm_moveit_interface/hook/cmake_prefix_path.sh'
[32.439s] Level 1:colcon.colcon_core.environment:checking '/home/my11/interbotix_ws/install/interbotix_xsarm_moveit_interface/bin'
[32.439s] Level 1:colcon.colcon_core.environment:checking '/home/my11/interbotix_ws/install/interbotix_xsarm_moveit_interface/lib/pkgconfig/interbotix_xsarm_moveit_interface.pc'
[32.440s] Level 1:colcon.colcon_core.environment:checking '/home/my11/interbotix_ws/install/interbotix_xsarm_moveit_interface/lib/python3.10/site-packages'
[32.440s] Level 1:colcon.colcon_core.environment:checking '/home/my11/interbotix_ws/install/interbotix_xsarm_moveit_interface/bin'
[32.440s] INFO:colcon.colcon_core.shell:Creating package script '/home/my11/interbotix_ws/install/interbotix_xsarm_moveit_interface/share/interbotix_xsarm_moveit_interface/package.ps1'
[32.441s] INFO:colcon.colcon_core.shell:Creating package descriptor '/home/my11/interbotix_ws/install/interbotix_xsarm_moveit_interface/share/interbotix_xsarm_moveit_interface/package.dsv'
[32.441s] INFO:colcon.colcon_core.shell:Creating package script '/home/my11/interbotix_ws/install/interbotix_xsarm_moveit_interface/share/interbotix_xsarm_moveit_interface/package.sh'
[32.441s] INFO:colcon.colcon_core.shell:Creating package script '/home/my11/interbotix_ws/install/interbotix_xsarm_moveit_interface/share/interbotix_xsarm_moveit_interface/package.bash'
[32.441s] INFO:colcon.colcon_core.shell:Creating package script '/home/my11/interbotix_ws/install/interbotix_xsarm_moveit_interface/share/interbotix_xsarm_moveit_interface/package.zsh'
[32.441s] Level 1:colcon.colcon_core.environment:create_file_with_runtime_dependencies(/home/my11/interbotix_ws/install/interbotix_xsarm_moveit_interface/share/colcon-core/packages/interbotix_xsarm_moveit_interface)
[32.464s] Level 1:colcon.colcon_core.environment:create_environment_scripts_only(interbotix_xsarm_moveit_interface)
[32.464s] Level 1:colcon.colcon_core.environment:checking '/home/my11/interbotix_ws/install/interbotix_xsarm_moveit_interface' for CMake module files
[32.465s] Level 1:colcon.colcon_core.environment:checking '/home/my11/interbotix_ws/install/interbotix_xsarm_moveit_interface' for CMake config files
[32.465s] Level 1:colcon.colcon_core.shell:create_environment_hook('interbotix_xsarm_moveit_interface', 'cmake_prefix_path')
[32.465s] INFO:colcon.colcon_core.shell:Creating environment hook '/home/my11/interbotix_ws/install/interbotix_xsarm_moveit_interface/share/interbotix_xsarm_moveit_interface/hook/cmake_prefix_path.ps1'
[32.465s] INFO:colcon.colcon_core.shell:Creating environment descriptor '/home/my11/interbotix_ws/install/interbotix_xsarm_moveit_interface/share/interbotix_xsarm_moveit_interface/hook/cmake_prefix_path.dsv'
[32.466s] INFO:colcon.colcon_core.shell:Creating environment hook '/home/my11/interbotix_ws/install/interbotix_xsarm_moveit_interface/share/interbotix_xsarm_moveit_interface/hook/cmake_prefix_path.sh'
[32.466s] Level 1:colcon.colcon_core.environment:checking '/home/my11/interbotix_ws/install/interbotix_xsarm_moveit_interface/bin'
[32.466s] Level 1:colcon.colcon_core.environment:checking '/home/my11/interbotix_ws/install/interbotix_xsarm_moveit_interface/lib/pkgconfig/interbotix_xsarm_moveit_interface.pc'
[32.466s] Level 1:colcon.colcon_core.environment:checking '/home/my11/interbotix_ws/install/interbotix_xsarm_moveit_interface/lib/python3.10/site-packages'
[32.466s] Level 1:colcon.colcon_core.environment:checking '/home/my11/interbotix_ws/install/interbotix_xsarm_moveit_interface/bin'
[32.467s] INFO:colcon.colcon_core.shell:Creating package script '/home/my11/interbotix_ws/install/interbotix_xsarm_moveit_interface/share/interbotix_xsarm_moveit_interface/package.ps1'
[32.467s] INFO:colcon.colcon_core.shell:Creating package descriptor '/home/my11/interbotix_ws/install/interbotix_xsarm_moveit_interface/share/interbotix_xsarm_moveit_interface/package.dsv'
[32.468s] INFO:colcon.colcon_core.shell:Creating package script '/home/my11/interbotix_ws/install/interbotix_xsarm_moveit_interface/share/interbotix_xsarm_moveit_interface/package.sh'
[32.468s] INFO:colcon.colcon_core.shell:Creating package script '/home/my11/interbotix_ws/install/interbotix_xsarm_moveit_interface/share/interbotix_xsarm_moveit_interface/package.bash'
[32.468s] INFO:colcon.colcon_core.shell:Creating package script '/home/my11/interbotix_ws/install/interbotix_xsarm_moveit_interface/share/interbotix_xsarm_moveit_interface/package.zsh'
[32.469s] Level 1:colcon.colcon_core.environment:create_file_with_runtime_dependencies(/home/my11/interbotix_ws/install/interbotix_xsarm_moveit_interface/share/colcon-core/packages/interbotix_xsarm_moveit_interface)
[32.469s] INFO:colcon.colcon_ros.task.ament_cmake.build:Building ROS package in '/home/my11/interbotix_ws/src/interbotix_ros_manipulators/interbotix_ros_xsarms/examples/interbotix_ros_xsarms_examples' with build type 'ament_cmake'
[32.469s] INFO:colcon.colcon_cmake.task.cmake.build:Building CMake package in '/home/my11/interbotix_ws/src/interbotix_ros_manipulators/interbotix_ros_xsarms/examples/interbotix_ros_xsarms_examples'
[32.469s] INFO:colcon.colcon_core.shell:Skip shell extension 'powershell' for command environment: Not usable outside of PowerShell
[32.469s] DEBUG:colcon.colcon_core.shell:Skip shell extension 'dsv' for command environment
[32.503s] DEBUG:colcon.colcon_core.event_handler.log_command:Invoking command in '/home/my11/interbotix_ws/build/interbotix_ros_xsarms_examples': AMENT_PREFIX_PATH=/home/my11/interbotix_ws/install/interbotix_xsarm_moveit_interface:/home/my11/interbotix_ws/install/interbotix_ros_xsarms:/home/my11/interbotix_ws/install/interbotix_xsarm_moveit:/home/my11/interbotix_ws/install/interbotix_xsarm_ros_control:/home/my11/interbotix_ws/install/interbotix_xsarm_perception:/home/my11/interbotix_ws/install/interbotix_xsarm_joy:/home/my11/interbotix_ws/install/interbotix_xsarm_sim:/home/my11/interbotix_ws/install/interbotix_xsarm_control:/home/my11/interbotix_ws/install/interbotix_xsarm_descriptions:/home/my11/interbotix_ws/install/interbotix_xs_modules:/home/my11/interbotix_ws/install/interbotix_xs_sdk:/home/my11/interbotix_ws/install/interbotix_perception_modules:/home/my11/interbotix_ws/install/interbotix_xs_ros_control:/home/my11/interbotix_ws/install/interbotix_xs_driver:/home/my11/interbotix_ws/install/interbotix_perception_pipelines:/home/my11/interbotix_ws/install/interbotix_moveit_interface:/home/my11/interbotix_ws/install/moveit_visual_tools:/home/my11/interbotix_ws/install/interbotix_xs_msgs:/home/my11/interbotix_ws/install/interbotix_perception_msgs:/home/my11/interbotix_ws/install/interbotix_moveit_interface_msgs:/home/my11/interbotix_ws/install/interbotix_common_sim:/home/my11/interbotix_ws/install/interbotix_common_modules:/home/my11/interbotix_ws/install/dynamixel_workbench_toolbox:${AMENT_PREFIX_PATH} CMAKE_PREFIX_PATH=/home/my11/interbotix_ws/install/interbotix_xsarm_moveit_interface:/home/my11/interbotix_ws/install/interbotix_ros_xsarms:/home/my11/interbotix_ws/install/interbotix_xsarm_moveit:/home/my11/interbotix_ws/install/interbotix_xsarm_ros_control:/home/my11/interbotix_ws/install/interbotix_xsarm_perception:/home/my11/interbotix_ws/install/interbotix_xsarm_joy:/home/my11/interbotix_ws/install/interbotix_xsarm_sim:/home/my11/interbotix_ws/install/interbotix_xsarm_control:/home/my11/interbotix_ws/install/interbotix_xsarm_descriptions:/home/my11/interbotix_ws/install/interbotix_xs_sdk:/home/my11/interbotix_ws/install/interbotix_xs_ros_control:/home/my11/interbotix_ws/install/interbotix_xs_driver:/home/my11/interbotix_ws/install/interbotix_perception_pipelines:/home/my11/interbotix_ws/install/interbotix_moveit_interface:/home/my11/interbotix_ws/install/moveit_visual_tools:/home/my11/interbotix_ws/install/interbotix_xs_msgs:/home/my11/interbotix_ws/install/interbotix_perception_msgs:/home/my11/interbotix_ws/install/interbotix_moveit_interface_msgs:/home/my11/interbotix_ws/install/interbotix_common_sim:/home/my11/interbotix_ws/install/dynamixel_workbench_toolbox:/home/my11/apriltag_ws/install/apriltag_ros:/home/my11/ros2_ws/install/rrbot_gazebo:/home/my11/ros2_ws/install/rrbot_description:/home/my11/ros2_ws/install/plate_description:/home/my11/ros2_ws/install/opencv_test_py:/opt/ros/humble LD_LIBRARY_PATH=/home/my11/interbotix_ws/install/interbotix_xs_ros_control/lib:/home/my11/interbotix_ws/install/interbotix_xs_driver/lib:/home/my11/interbotix_ws/install/moveit_visual_tools/lib:/home/my11/interbotix_ws/install/interbotix_xs_msgs/lib:/home/my11/interbotix_ws/install/interbotix_perception_msgs/lib:/home/my11/interbotix_ws/install/interbotix_moveit_interface_msgs/lib:/home/my11/interbotix_ws/install/dynamixel_workbench_toolbox/lib:/home/my11/apriltag_ws/install/apriltag_ros/lib:/usr/lib/x86_64-linux-gnu/gazebo-11/plugins:/opt/ros/humble/opt/rviz_ogre_vendor/lib:/opt/ros/humble/lib/x86_64-linux-gnu:/opt/ros/humble/lib:/usr/share/gazebo/../../lib/x86_64-linux-gnu/gazebo-11/plugins:/usr/share/gazebo/../../lib/x86_64-linux-gnu/gazebo-11/plugins:/usr/share/gazebo/../../lib/x86_64-linux-gnu/gazebo-11/plugins PYTHONPATH=/home/my11/interbotix_ws/install/interbotix_xs_modules/lib/python3.10/site-packages:/home/my11/interbotix_ws/install/interbotix_perception_modules/lib/python3.10/site-packages:/home/my11/interbotix_ws/install/interbotix_xs_msgs/local/lib/python3.10/dist-packages:/home/my11/interbotix_ws/install/interbotix_perception_msgs/local/lib/python3.10/dist-packages:/home/my11/interbotix_ws/install/interbotix_moveit_interface_msgs/local/lib/python3.10/dist-packages:/home/my11/interbotix_ws/install/interbotix_common_modules/lib/python3.10/site-packages:${PYTHONPATH} /usr/bin/cmake /home/my11/interbotix_ws/src/interbotix_ros_manipulators/interbotix_ros_xsarms/examples/interbotix_ros_xsarms_examples -DCMAKE_INSTALL_PREFIX=/home/my11/interbotix_ws/install/interbotix_ros_xsarms_examples
[32.997s] DEBUG:colcon.colcon_core.event_handler.log_command:Invoked command in '/home/my11/interbotix_ws/build/interbotix_ros_xsarms_examples' returned '0': AMENT_PREFIX_PATH=/home/my11/interbotix_ws/install/interbotix_xsarm_moveit_interface:/home/my11/interbotix_ws/install/interbotix_ros_xsarms:/home/my11/interbotix_ws/install/interbotix_xsarm_moveit:/home/my11/interbotix_ws/install/interbotix_xsarm_ros_control:/home/my11/interbotix_ws/install/interbotix_xsarm_perception:/home/my11/interbotix_ws/install/interbotix_xsarm_joy:/home/my11/interbotix_ws/install/interbotix_xsarm_sim:/home/my11/interbotix_ws/install/interbotix_xsarm_control:/home/my11/interbotix_ws/install/interbotix_xsarm_descriptions:/home/my11/interbotix_ws/install/interbotix_xs_modules:/home/my11/interbotix_ws/install/interbotix_xs_sdk:/home/my11/interbotix_ws/install/interbotix_perception_modules:/home/my11/interbotix_ws/install/interbotix_xs_ros_control:/home/my11/interbotix_ws/install/interbotix_xs_driver:/home/my11/interbotix_ws/install/interbotix_perception_pipelines:/home/my11/interbotix_ws/install/interbotix_moveit_interface:/home/my11/interbotix_ws/install/moveit_visual_tools:/home/my11/interbotix_ws/install/interbotix_xs_msgs:/home/my11/interbotix_ws/install/interbotix_perception_msgs:/home/my11/interbotix_ws/install/interbotix_moveit_interface_msgs:/home/my11/interbotix_ws/install/interbotix_common_sim:/home/my11/interbotix_ws/install/interbotix_common_modules:/home/my11/interbotix_ws/install/dynamixel_workbench_toolbox:${AMENT_PREFIX_PATH} CMAKE_PREFIX_PATH=/home/my11/interbotix_ws/install/interbotix_xsarm_moveit_interface:/home/my11/interbotix_ws/install/interbotix_ros_xsarms:/home/my11/interbotix_ws/install/interbotix_xsarm_moveit:/home/my11/interbotix_ws/install/interbotix_xsarm_ros_control:/home/my11/interbotix_ws/install/interbotix_xsarm_perception:/home/my11/interbotix_ws/install/interbotix_xsarm_joy:/home/my11/interbotix_ws/install/interbotix_xsarm_sim:/home/my11/interbotix_ws/install/interbotix_xsarm_control:/home/my11/interbotix_ws/install/interbotix_xsarm_descriptions:/home/my11/interbotix_ws/install/interbotix_xs_sdk:/home/my11/interbotix_ws/install/interbotix_xs_ros_control:/home/my11/interbotix_ws/install/interbotix_xs_driver:/home/my11/interbotix_ws/install/interbotix_perception_pipelines:/home/my11/interbotix_ws/install/interbotix_moveit_interface:/home/my11/interbotix_ws/install/moveit_visual_tools:/home/my11/interbotix_ws/install/interbotix_xs_msgs:/home/my11/interbotix_ws/install/interbotix_perception_msgs:/home/my11/interbotix_ws/install/interbotix_moveit_interface_msgs:/home/my11/interbotix_ws/install/interbotix_common_sim:/home/my11/interbotix_ws/install/dynamixel_workbench_toolbox:/home/my11/apriltag_ws/install/apriltag_ros:/home/my11/ros2_ws/install/rrbot_gazebo:/home/my11/ros2_ws/install/rrbot_description:/home/my11/ros2_ws/install/plate_description:/home/my11/ros2_ws/install/opencv_test_py:/opt/ros/humble LD_LIBRARY_PATH=/home/my11/interbotix_ws/install/interbotix_xs_ros_control/lib:/home/my11/interbotix_ws/install/interbotix_xs_driver/lib:/home/my11/interbotix_ws/install/moveit_visual_tools/lib:/home/my11/interbotix_ws/install/interbotix_xs_msgs/lib:/home/my11/interbotix_ws/install/interbotix_perception_msgs/lib:/home/my11/interbotix_ws/install/interbotix_moveit_interface_msgs/lib:/home/my11/interbotix_ws/install/dynamixel_workbench_toolbox/lib:/home/my11/apriltag_ws/install/apriltag_ros/lib:/usr/lib/x86_64-linux-gnu/gazebo-11/plugins:/opt/ros/humble/opt/rviz_ogre_vendor/lib:/opt/ros/humble/lib/x86_64-linux-gnu:/opt/ros/humble/lib:/usr/share/gazebo/../../lib/x86_64-linux-gnu/gazebo-11/plugins:/usr/share/gazebo/../../lib/x86_64-linux-gnu/gazebo-11/plugins:/usr/share/gazebo/../../lib/x86_64-linux-gnu/gazebo-11/plugins PYTHONPATH=/home/my11/interbotix_ws/install/interbotix_xs_modules/lib/python3.10/site-packages:/home/my11/interbotix_ws/install/interbotix_perception_modules/lib/python3.10/site-packages:/home/my11/interbotix_ws/install/interbotix_xs_msgs/local/lib/python3.10/dist-packages:/home/my11/interbotix_ws/install/interbotix_perception_msgs/local/lib/python3.10/dist-packages:/home/my11/interbotix_ws/install/interbotix_moveit_interface_msgs/local/lib/python3.10/dist-packages:/home/my11/interbotix_ws/install/interbotix_common_modules/lib/python3.10/site-packages:${PYTHONPATH} /usr/bin/cmake /home/my11/interbotix_ws/src/interbotix_ros_manipulators/interbotix_ros_xsarms/examples/interbotix_ros_xsarms_examples -DCMAKE_INSTALL_PREFIX=/home/my11/interbotix_ws/install/interbotix_ros_xsarms_examples
[32.998s] DEBUG:colcon.colcon_core.event_handler.log_command:Invoking command in '/home/my11/interbotix_ws/build/interbotix_ros_xsarms_examples': AMENT_PREFIX_PATH=/home/my11/interbotix_ws/install/interbotix_xsarm_moveit_interface:/home/my11/interbotix_ws/install/interbotix_ros_xsarms:/home/my11/interbotix_ws/install/interbotix_xsarm_moveit:/home/my11/interbotix_ws/install/interbotix_xsarm_ros_control:/home/my11/interbotix_ws/install/interbotix_xsarm_perception:/home/my11/interbotix_ws/install/interbotix_xsarm_joy:/home/my11/interbotix_ws/install/interbotix_xsarm_sim:/home/my11/interbotix_ws/install/interbotix_xsarm_control:/home/my11/interbotix_ws/install/interbotix_xsarm_descriptions:/home/my11/interbotix_ws/install/interbotix_xs_modules:/home/my11/interbotix_ws/install/interbotix_xs_sdk:/home/my11/interbotix_ws/install/interbotix_perception_modules:/home/my11/interbotix_ws/install/interbotix_xs_ros_control:/home/my11/interbotix_ws/install/interbotix_xs_driver:/home/my11/interbotix_ws/install/interbotix_perception_pipelines:/home/my11/interbotix_ws/install/interbotix_moveit_interface:/home/my11/interbotix_ws/install/moveit_visual_tools:/home/my11/interbotix_ws/install/interbotix_xs_msgs:/home/my11/interbotix_ws/install/interbotix_perception_msgs:/home/my11/interbotix_ws/install/interbotix_moveit_interface_msgs:/home/my11/interbotix_ws/install/interbotix_common_sim:/home/my11/interbotix_ws/install/interbotix_common_modules:/home/my11/interbotix_ws/install/dynamixel_workbench_toolbox:${AMENT_PREFIX_PATH} CMAKE_PREFIX_PATH=/home/my11/interbotix_ws/install/interbotix_xsarm_moveit_interface:/home/my11/interbotix_ws/install/interbotix_ros_xsarms:/home/my11/interbotix_ws/install/interbotix_xsarm_moveit:/home/my11/interbotix_ws/install/interbotix_xsarm_ros_control:/home/my11/interbotix_ws/install/interbotix_xsarm_perception:/home/my11/interbotix_ws/install/interbotix_xsarm_joy:/home/my11/interbotix_ws/install/interbotix_xsarm_sim:/home/my11/interbotix_ws/install/interbotix_xsarm_control:/home/my11/interbotix_ws/install/interbotix_xsarm_descriptions:/home/my11/interbotix_ws/install/interbotix_xs_sdk:/home/my11/interbotix_ws/install/interbotix_xs_ros_control:/home/my11/interbotix_ws/install/interbotix_xs_driver:/home/my11/interbotix_ws/install/interbotix_perception_pipelines:/home/my11/interbotix_ws/install/interbotix_moveit_interface:/home/my11/interbotix_ws/install/moveit_visual_tools:/home/my11/interbotix_ws/install/interbotix_xs_msgs:/home/my11/interbotix_ws/install/interbotix_perception_msgs:/home/my11/interbotix_ws/install/interbotix_moveit_interface_msgs:/home/my11/interbotix_ws/install/interbotix_common_sim:/home/my11/interbotix_ws/install/dynamixel_workbench_toolbox:/home/my11/apriltag_ws/install/apriltag_ros:/home/my11/ros2_ws/install/rrbot_gazebo:/home/my11/ros2_ws/install/rrbot_description:/home/my11/ros2_ws/install/plate_description:/home/my11/ros2_ws/install/opencv_test_py:/opt/ros/humble LD_LIBRARY_PATH=/home/my11/interbotix_ws/install/interbotix_xs_ros_control/lib:/home/my11/interbotix_ws/install/interbotix_xs_driver/lib:/home/my11/interbotix_ws/install/moveit_visual_tools/lib:/home/my11/interbotix_ws/install/interbotix_xs_msgs/lib:/home/my11/interbotix_ws/install/interbotix_perception_msgs/lib:/home/my11/interbotix_ws/install/interbotix_moveit_interface_msgs/lib:/home/my11/interbotix_ws/install/dynamixel_workbench_toolbox/lib:/home/my11/apriltag_ws/install/apriltag_ros/lib:/usr/lib/x86_64-linux-gnu/gazebo-11/plugins:/opt/ros/humble/opt/rviz_ogre_vendor/lib:/opt/ros/humble/lib/x86_64-linux-gnu:/opt/ros/humble/lib:/usr/share/gazebo/../../lib/x86_64-linux-gnu/gazebo-11/plugins:/usr/share/gazebo/../../lib/x86_64-linux-gnu/gazebo-11/plugins:/usr/share/gazebo/../../lib/x86_64-linux-gnu/gazebo-11/plugins PYTHONPATH=/home/my11/interbotix_ws/install/interbotix_xs_modules/lib/python3.10/site-packages:/home/my11/interbotix_ws/install/interbotix_perception_modules/lib/python3.10/site-packages:/home/my11/interbotix_ws/install/interbotix_xs_msgs/local/lib/python3.10/dist-packages:/home/my11/interbotix_ws/install/interbotix_perception_msgs/local/lib/python3.10/dist-packages:/home/my11/interbotix_ws/install/interbotix_moveit_interface_msgs/local/lib/python3.10/dist-packages:/home/my11/interbotix_ws/install/interbotix_common_modules/lib/python3.10/site-packages:${PYTHONPATH} /usr/bin/cmake --build /home/my11/interbotix_ws/build/interbotix_ros_xsarms_examples -- -j20 -l20
[33.032s] DEBUG:colcon.colcon_core.event_handler.log_command:Invoked command in '/home/my11/interbotix_ws/build/interbotix_ros_xsarms_examples' returned '0': AMENT_PREFIX_PATH=/home/my11/interbotix_ws/install/interbotix_xsarm_moveit_interface:/home/my11/interbotix_ws/install/interbotix_ros_xsarms:/home/my11/interbotix_ws/install/interbotix_xsarm_moveit:/home/my11/interbotix_ws/install/interbotix_xsarm_ros_control:/home/my11/interbotix_ws/install/interbotix_xsarm_perception:/home/my11/interbotix_ws/install/interbotix_xsarm_joy:/home/my11/interbotix_ws/install/interbotix_xsarm_sim:/home/my11/interbotix_ws/install/interbotix_xsarm_control:/home/my11/interbotix_ws/install/interbotix_xsarm_descriptions:/home/my11/interbotix_ws/install/interbotix_xs_modules:/home/my11/interbotix_ws/install/interbotix_xs_sdk:/home/my11/interbotix_ws/install/interbotix_perception_modules:/home/my11/interbotix_ws/install/interbotix_xs_ros_control:/home/my11/interbotix_ws/install/interbotix_xs_driver:/home/my11/interbotix_ws/install/interbotix_perception_pipelines:/home/my11/interbotix_ws/install/interbotix_moveit_interface:/home/my11/interbotix_ws/install/moveit_visual_tools:/home/my11/interbotix_ws/install/interbotix_xs_msgs:/home/my11/interbotix_ws/install/interbotix_perception_msgs:/home/my11/interbotix_ws/install/interbotix_moveit_interface_msgs:/home/my11/interbotix_ws/install/interbotix_common_sim:/home/my11/interbotix_ws/install/interbotix_common_modules:/home/my11/interbotix_ws/install/dynamixel_workbench_toolbox:${AMENT_PREFIX_PATH} CMAKE_PREFIX_PATH=/home/my11/interbotix_ws/install/interbotix_xsarm_moveit_interface:/home/my11/interbotix_ws/install/interbotix_ros_xsarms:/home/my11/interbotix_ws/install/interbotix_xsarm_moveit:/home/my11/interbotix_ws/install/interbotix_xsarm_ros_control:/home/my11/interbotix_ws/install/interbotix_xsarm_perception:/home/my11/interbotix_ws/install/interbotix_xsarm_joy:/home/my11/interbotix_ws/install/interbotix_xsarm_sim:/home/my11/interbotix_ws/install/interbotix_xsarm_control:/home/my11/interbotix_ws/install/interbotix_xsarm_descriptions:/home/my11/interbotix_ws/install/interbotix_xs_sdk:/home/my11/interbotix_ws/install/interbotix_xs_ros_control:/home/my11/interbotix_ws/install/interbotix_xs_driver:/home/my11/interbotix_ws/install/interbotix_perception_pipelines:/home/my11/interbotix_ws/install/interbotix_moveit_interface:/home/my11/interbotix_ws/install/moveit_visual_tools:/home/my11/interbotix_ws/install/interbotix_xs_msgs:/home/my11/interbotix_ws/install/interbotix_perception_msgs:/home/my11/interbotix_ws/install/interbotix_moveit_interface_msgs:/home/my11/interbotix_ws/install/interbotix_common_sim:/home/my11/interbotix_ws/install/dynamixel_workbench_toolbox:/home/my11/apriltag_ws/install/apriltag_ros:/home/my11/ros2_ws/install/rrbot_gazebo:/home/my11/ros2_ws/install/rrbot_description:/home/my11/ros2_ws/install/plate_description:/home/my11/ros2_ws/install/opencv_test_py:/opt/ros/humble LD_LIBRARY_PATH=/home/my11/interbotix_ws/install/interbotix_xs_ros_control/lib:/home/my11/interbotix_ws/install/interbotix_xs_driver/lib:/home/my11/interbotix_ws/install/moveit_visual_tools/lib:/home/my11/interbotix_ws/install/interbotix_xs_msgs/lib:/home/my11/interbotix_ws/install/interbotix_perception_msgs/lib:/home/my11/interbotix_ws/install/interbotix_moveit_interface_msgs/lib:/home/my11/interbotix_ws/install/dynamixel_workbench_toolbox/lib:/home/my11/apriltag_ws/install/apriltag_ros/lib:/usr/lib/x86_64-linux-gnu/gazebo-11/plugins:/opt/ros/humble/opt/rviz_ogre_vendor/lib:/opt/ros/humble/lib/x86_64-linux-gnu:/opt/ros/humble/lib:/usr/share/gazebo/../../lib/x86_64-linux-gnu/gazebo-11/plugins:/usr/share/gazebo/../../lib/x86_64-linux-gnu/gazebo-11/plugins:/usr/share/gazebo/../../lib/x86_64-linux-gnu/gazebo-11/plugins PYTHONPATH=/home/my11/interbotix_ws/install/interbotix_xs_modules/lib/python3.10/site-packages:/home/my11/interbotix_ws/install/interbotix_perception_modules/lib/python3.10/site-packages:/home/my11/interbotix_ws/install/interbotix_xs_msgs/local/lib/python3.10/dist-packages:/home/my11/interbotix_ws/install/interbotix_perception_msgs/local/lib/python3.10/dist-packages:/home/my11/interbotix_ws/install/interbotix_moveit_interface_msgs/local/lib/python3.10/dist-packages:/home/my11/interbotix_ws/install/interbotix_common_modules/lib/python3.10/site-packages:${PYTHONPATH} /usr/bin/cmake --build /home/my11/interbotix_ws/build/interbotix_ros_xsarms_examples -- -j20 -l20
[33.054s] DEBUG:colcon.colcon_core.event_handler.log_command:Invoking command in '/home/my11/interbotix_ws/build/interbotix_ros_xsarms_examples': AMENT_PREFIX_PATH=/home/my11/interbotix_ws/install/interbotix_xsarm_moveit_interface:/home/my11/interbotix_ws/install/interbotix_ros_xsarms:/home/my11/interbotix_ws/install/interbotix_xsarm_moveit:/home/my11/interbotix_ws/install/interbotix_xsarm_ros_control:/home/my11/interbotix_ws/install/interbotix_xsarm_perception:/home/my11/interbotix_ws/install/interbotix_xsarm_joy:/home/my11/interbotix_ws/install/interbotix_xsarm_sim:/home/my11/interbotix_ws/install/interbotix_xsarm_control:/home/my11/interbotix_ws/install/interbotix_xsarm_descriptions:/home/my11/interbotix_ws/install/interbotix_xs_modules:/home/my11/interbotix_ws/install/interbotix_xs_sdk:/home/my11/interbotix_ws/install/interbotix_perception_modules:/home/my11/interbotix_ws/install/interbotix_xs_ros_control:/home/my11/interbotix_ws/install/interbotix_xs_driver:/home/my11/interbotix_ws/install/interbotix_perception_pipelines:/home/my11/interbotix_ws/install/interbotix_moveit_interface:/home/my11/interbotix_ws/install/moveit_visual_tools:/home/my11/interbotix_ws/install/interbotix_xs_msgs:/home/my11/interbotix_ws/install/interbotix_perception_msgs:/home/my11/interbotix_ws/install/interbotix_moveit_interface_msgs:/home/my11/interbotix_ws/install/interbotix_common_sim:/home/my11/interbotix_ws/install/interbotix_common_modules:/home/my11/interbotix_ws/install/dynamixel_workbench_toolbox:${AMENT_PREFIX_PATH} CMAKE_PREFIX_PATH=/home/my11/interbotix_ws/install/interbotix_xsarm_moveit_interface:/home/my11/interbotix_ws/install/interbotix_ros_xsarms:/home/my11/interbotix_ws/install/interbotix_xsarm_moveit:/home/my11/interbotix_ws/install/interbotix_xsarm_ros_control:/home/my11/interbotix_ws/install/interbotix_xsarm_perception:/home/my11/interbotix_ws/install/interbotix_xsarm_joy:/home/my11/interbotix_ws/install/interbotix_xsarm_sim:/home/my11/interbotix_ws/install/interbotix_xsarm_control:/home/my11/interbotix_ws/install/interbotix_xsarm_descriptions:/home/my11/interbotix_ws/install/interbotix_xs_sdk:/home/my11/interbotix_ws/install/interbotix_xs_ros_control:/home/my11/interbotix_ws/install/interbotix_xs_driver:/home/my11/interbotix_ws/install/interbotix_perception_pipelines:/home/my11/interbotix_ws/install/interbotix_moveit_interface:/home/my11/interbotix_ws/install/moveit_visual_tools:/home/my11/interbotix_ws/install/interbotix_xs_msgs:/home/my11/interbotix_ws/install/interbotix_perception_msgs:/home/my11/interbotix_ws/install/interbotix_moveit_interface_msgs:/home/my11/interbotix_ws/install/interbotix_common_sim:/home/my11/interbotix_ws/install/dynamixel_workbench_toolbox:/home/my11/apriltag_ws/install/apriltag_ros:/home/my11/ros2_ws/install/rrbot_gazebo:/home/my11/ros2_ws/install/rrbot_description:/home/my11/ros2_ws/install/plate_description:/home/my11/ros2_ws/install/opencv_test_py:/opt/ros/humble LD_LIBRARY_PATH=/home/my11/interbotix_ws/install/interbotix_xs_ros_control/lib:/home/my11/interbotix_ws/install/interbotix_xs_driver/lib:/home/my11/interbotix_ws/install/moveit_visual_tools/lib:/home/my11/interbotix_ws/install/interbotix_xs_msgs/lib:/home/my11/interbotix_ws/install/interbotix_perception_msgs/lib:/home/my11/interbotix_ws/install/interbotix_moveit_interface_msgs/lib:/home/my11/interbotix_ws/install/dynamixel_workbench_toolbox/lib:/home/my11/apriltag_ws/install/apriltag_ros/lib:/usr/lib/x86_64-linux-gnu/gazebo-11/plugins:/opt/ros/humble/opt/rviz_ogre_vendor/lib:/opt/ros/humble/lib/x86_64-linux-gnu:/opt/ros/humble/lib:/usr/share/gazebo/../../lib/x86_64-linux-gnu/gazebo-11/plugins:/usr/share/gazebo/../../lib/x86_64-linux-gnu/gazebo-11/plugins:/usr/share/gazebo/../../lib/x86_64-linux-gnu/gazebo-11/plugins PYTHONPATH=/home/my11/interbotix_ws/install/interbotix_xs_modules/lib/python3.10/site-packages:/home/my11/interbotix_ws/install/interbotix_perception_modules/lib/python3.10/site-packages:/home/my11/interbotix_ws/install/interbotix_xs_msgs/local/lib/python3.10/dist-packages:/home/my11/interbotix_ws/install/interbotix_perception_msgs/local/lib/python3.10/dist-packages:/home/my11/interbotix_ws/install/interbotix_moveit_interface_msgs/local/lib/python3.10/dist-packages:/home/my11/interbotix_ws/install/interbotix_common_modules/lib/python3.10/site-packages:${PYTHONPATH} /usr/bin/cmake --install /home/my11/interbotix_ws/build/interbotix_ros_xsarms_examples
[33.061s] Level 1:colcon.colcon_core.environment:create_environment_scripts_only(interbotix_ros_xsarms_examples)
[33.062s] Level 1:colcon.colcon_core.environment:checking '/home/my11/interbotix_ws/install/interbotix_ros_xsarms_examples' for CMake module files
[33.062s] DEBUG:colcon.colcon_core.event_handler.log_command:Invoked command in '/home/my11/interbotix_ws/build/interbotix_ros_xsarms_examples' returned '0': AMENT_PREFIX_PATH=/home/my11/interbotix_ws/install/interbotix_xsarm_moveit_interface:/home/my11/interbotix_ws/install/interbotix_ros_xsarms:/home/my11/interbotix_ws/install/interbotix_xsarm_moveit:/home/my11/interbotix_ws/install/interbotix_xsarm_ros_control:/home/my11/interbotix_ws/install/interbotix_xsarm_perception:/home/my11/interbotix_ws/install/interbotix_xsarm_joy:/home/my11/interbotix_ws/install/interbotix_xsarm_sim:/home/my11/interbotix_ws/install/interbotix_xsarm_control:/home/my11/interbotix_ws/install/interbotix_xsarm_descriptions:/home/my11/interbotix_ws/install/interbotix_xs_modules:/home/my11/interbotix_ws/install/interbotix_xs_sdk:/home/my11/interbotix_ws/install/interbotix_perception_modules:/home/my11/interbotix_ws/install/interbotix_xs_ros_control:/home/my11/interbotix_ws/install/interbotix_xs_driver:/home/my11/interbotix_ws/install/interbotix_perception_pipelines:/home/my11/interbotix_ws/install/interbotix_moveit_interface:/home/my11/interbotix_ws/install/moveit_visual_tools:/home/my11/interbotix_ws/install/interbotix_xs_msgs:/home/my11/interbotix_ws/install/interbotix_perception_msgs:/home/my11/interbotix_ws/install/interbotix_moveit_interface_msgs:/home/my11/interbotix_ws/install/interbotix_common_sim:/home/my11/interbotix_ws/install/interbotix_common_modules:/home/my11/interbotix_ws/install/dynamixel_workbench_toolbox:${AMENT_PREFIX_PATH} CMAKE_PREFIX_PATH=/home/my11/interbotix_ws/install/interbotix_xsarm_moveit_interface:/home/my11/interbotix_ws/install/interbotix_ros_xsarms:/home/my11/interbotix_ws/install/interbotix_xsarm_moveit:/home/my11/interbotix_ws/install/interbotix_xsarm_ros_control:/home/my11/interbotix_ws/install/interbotix_xsarm_perception:/home/my11/interbotix_ws/install/interbotix_xsarm_joy:/home/my11/interbotix_ws/install/interbotix_xsarm_sim:/home/my11/interbotix_ws/install/interbotix_xsarm_control:/home/my11/interbotix_ws/install/interbotix_xsarm_descriptions:/home/my11/interbotix_ws/install/interbotix_xs_sdk:/home/my11/interbotix_ws/install/interbotix_xs_ros_control:/home/my11/interbotix_ws/install/interbotix_xs_driver:/home/my11/interbotix_ws/install/interbotix_perception_pipelines:/home/my11/interbotix_ws/install/interbotix_moveit_interface:/home/my11/interbotix_ws/install/moveit_visual_tools:/home/my11/interbotix_ws/install/interbotix_xs_msgs:/home/my11/interbotix_ws/install/interbotix_perception_msgs:/home/my11/interbotix_ws/install/interbotix_moveit_interface_msgs:/home/my11/interbotix_ws/install/interbotix_common_sim:/home/my11/interbotix_ws/install/dynamixel_workbench_toolbox:/home/my11/apriltag_ws/install/apriltag_ros:/home/my11/ros2_ws/install/rrbot_gazebo:/home/my11/ros2_ws/install/rrbot_description:/home/my11/ros2_ws/install/plate_description:/home/my11/ros2_ws/install/opencv_test_py:/opt/ros/humble LD_LIBRARY_PATH=/home/my11/interbotix_ws/install/interbotix_xs_ros_control/lib:/home/my11/interbotix_ws/install/interbotix_xs_driver/lib:/home/my11/interbotix_ws/install/moveit_visual_tools/lib:/home/my11/interbotix_ws/install/interbotix_xs_msgs/lib:/home/my11/interbotix_ws/install/interbotix_perception_msgs/lib:/home/my11/interbotix_ws/install/interbotix_moveit_interface_msgs/lib:/home/my11/interbotix_ws/install/dynamixel_workbench_toolbox/lib:/home/my11/apriltag_ws/install/apriltag_ros/lib:/usr/lib/x86_64-linux-gnu/gazebo-11/plugins:/opt/ros/humble/opt/rviz_ogre_vendor/lib:/opt/ros/humble/lib/x86_64-linux-gnu:/opt/ros/humble/lib:/usr/share/gazebo/../../lib/x86_64-linux-gnu/gazebo-11/plugins:/usr/share/gazebo/../../lib/x86_64-linux-gnu/gazebo-11/plugins:/usr/share/gazebo/../../lib/x86_64-linux-gnu/gazebo-11/plugins PYTHONPATH=/home/my11/interbotix_ws/install/interbotix_xs_modules/lib/python3.10/site-packages:/home/my11/interbotix_ws/install/interbotix_perception_modules/lib/python3.10/site-packages:/home/my11/interbotix_ws/install/interbotix_xs_msgs/local/lib/python3.10/dist-packages:/home/my11/interbotix_ws/install/interbotix_perception_msgs/local/lib/python3.10/dist-packages:/home/my11/interbotix_ws/install/interbotix_moveit_interface_msgs/local/lib/python3.10/dist-packages:/home/my11/interbotix_ws/install/interbotix_common_modules/lib/python3.10/site-packages:${PYTHONPATH} /usr/bin/cmake --install /home/my11/interbotix_ws/build/interbotix_ros_xsarms_examples
[33.062s] Level 1:colcon.colcon_core.environment:checking '/home/my11/interbotix_ws/install/interbotix_ros_xsarms_examples' for CMake config files
[33.062s] Level 1:colcon.colcon_core.shell:create_environment_hook('interbotix_ros_xsarms_examples', 'cmake_prefix_path')
[33.063s] INFO:colcon.colcon_core.shell:Creating environment hook '/home/my11/interbotix_ws/install/interbotix_ros_xsarms_examples/share/interbotix_ros_xsarms_examples/hook/cmake_prefix_path.ps1'
[33.063s] INFO:colcon.colcon_core.shell:Creating environment descriptor '/home/my11/interbotix_ws/install/interbotix_ros_xsarms_examples/share/interbotix_ros_xsarms_examples/hook/cmake_prefix_path.dsv'
[33.063s] INFO:colcon.colcon_core.shell:Creating environment hook '/home/my11/interbotix_ws/install/interbotix_ros_xsarms_examples/share/interbotix_ros_xsarms_examples/hook/cmake_prefix_path.sh'
[33.064s] Level 1:colcon.colcon_core.environment:checking '/home/my11/interbotix_ws/install/interbotix_ros_xsarms_examples/bin'
[33.064s] Level 1:colcon.colcon_core.environment:checking '/home/my11/interbotix_ws/install/interbotix_ros_xsarms_examples/lib/pkgconfig/interbotix_ros_xsarms_examples.pc'
[33.064s] Level 1:colcon.colcon_core.environment:checking '/home/my11/interbotix_ws/install/interbotix_ros_xsarms_examples/lib/python3.10/site-packages'
[33.064s] Level 1:colcon.colcon_core.environment:checking '/home/my11/interbotix_ws/install/interbotix_ros_xsarms_examples/bin'
[33.065s] INFO:colcon.colcon_core.shell:Creating package script '/home/my11/interbotix_ws/install/interbotix_ros_xsarms_examples/share/interbotix_ros_xsarms_examples/package.ps1'
[33.065s] INFO:colcon.colcon_core.shell:Creating package descriptor '/home/my11/interbotix_ws/install/interbotix_ros_xsarms_examples/share/interbotix_ros_xsarms_examples/package.dsv'
[33.065s] INFO:colcon.colcon_core.shell:Creating package script '/home/my11/interbotix_ws/install/interbotix_ros_xsarms_examples/share/interbotix_ros_xsarms_examples/package.sh'
[33.066s] INFO:colcon.colcon_core.shell:Creating package script '/home/my11/interbotix_ws/install/interbotix_ros_xsarms_examples/share/interbotix_ros_xsarms_examples/package.bash'
[33.066s] INFO:colcon.colcon_core.shell:Creating package script '/home/my11/interbotix_ws/install/interbotix_ros_xsarms_examples/share/interbotix_ros_xsarms_examples/package.zsh'
[33.066s] Level 1:colcon.colcon_core.environment:create_file_with_runtime_dependencies(/home/my11/interbotix_ws/install/interbotix_ros_xsarms_examples/share/colcon-core/packages/interbotix_ros_xsarms_examples)
[33.086s] Level 1:colcon.colcon_core.environment:create_environment_scripts_only(interbotix_ros_xsarms_examples)
[33.086s] Level 1:colcon.colcon_core.environment:checking '/home/my11/interbotix_ws/install/interbotix_ros_xsarms_examples' for CMake module files
[33.086s] Level 1:colcon.colcon_core.environment:checking '/home/my11/interbotix_ws/install/interbotix_ros_xsarms_examples' for CMake config files
[33.086s] Level 1:colcon.colcon_core.shell:create_environment_hook('interbotix_ros_xsarms_examples', 'cmake_prefix_path')
[33.086s] INFO:colcon.colcon_core.shell:Creating environment hook '/home/my11/interbotix_ws/install/interbotix_ros_xsarms_examples/share/interbotix_ros_xsarms_examples/hook/cmake_prefix_path.ps1'
[33.087s] INFO:colcon.colcon_core.shell:Creating environment descriptor '/home/my11/interbotix_ws/install/interbotix_ros_xsarms_examples/share/interbotix_ros_xsarms_examples/hook/cmake_prefix_path.dsv'
[33.087s] INFO:colcon.colcon_core.shell:Creating environment hook '/home/my11/interbotix_ws/install/interbotix_ros_xsarms_examples/share/interbotix_ros_xsarms_examples/hook/cmake_prefix_path.sh'
[33.087s] Level 1:colcon.colcon_core.environment:checking '/home/my11/interbotix_ws/install/interbotix_ros_xsarms_examples/bin'
[33.087s] Level 1:colcon.colcon_core.environment:checking '/home/my11/interbotix_ws/install/interbotix_ros_xsarms_examples/lib/pkgconfig/interbotix_ros_xsarms_examples.pc'
[33.087s] Level 1:colcon.colcon_core.environment:checking '/home/my11/interbotix_ws/install/interbotix_ros_xsarms_examples/lib/python3.10/site-packages'
[33.087s] Level 1:colcon.colcon_core.environment:checking '/home/my11/interbotix_ws/install/interbotix_ros_xsarms_examples/bin'
[33.088s] INFO:colcon.colcon_core.shell:Creating package script '/home/my11/interbotix_ws/install/interbotix_ros_xsarms_examples/share/interbotix_ros_xsarms_examples/package.ps1'
[33.088s] INFO:colcon.colcon_core.shell:Creating package descriptor '/home/my11/interbotix_ws/install/interbotix_ros_xsarms_examples/share/interbotix_ros_xsarms_examples/package.dsv'
[33.088s] INFO:colcon.colcon_core.shell:Creating package script '/home/my11/interbotix_ws/install/interbotix_ros_xsarms_examples/share/interbotix_ros_xsarms_examples/package.sh'
[33.088s] INFO:colcon.colcon_core.shell:Creating package script '/home/my11/interbotix_ws/install/interbotix_ros_xsarms_examples/share/interbotix_ros_xsarms_examples/package.bash'
[33.089s] INFO:colcon.colcon_core.shell:Creating package script '/home/my11/interbotix_ws/install/interbotix_ros_xsarms_examples/share/interbotix_ros_xsarms_examples/package.zsh'
[33.089s] Level 1:colcon.colcon_core.environment:create_file_with_runtime_dependencies(/home/my11/interbotix_ws/install/interbotix_ros_xsarms_examples/share/colcon-core/packages/interbotix_ros_xsarms_examples)
[33.369s] DEBUG:colcon.colcon_core.event_handler.log_command:Invoked command in '/home/my11/interbotix_ws/build/interbotix_xs_rviz' returned '0': AMENT_PREFIX_PATH=/home/my11/interbotix_ws/install/interbotix_xs_sdk:/home/my11/interbotix_ws/install/interbotix_xs_driver:/home/my11/interbotix_ws/install/interbotix_xs_msgs:/home/my11/interbotix_ws/install/dynamixel_workbench_toolbox:${AMENT_PREFIX_PATH} CMAKE_PREFIX_PATH=/home/my11/interbotix_ws/install/interbotix_xs_sdk:/home/my11/interbotix_ws/install/interbotix_xs_driver:/home/my11/interbotix_ws/install/interbotix_xs_msgs:/home/my11/interbotix_ws/install/dynamixel_workbench_toolbox:/home/my11/apriltag_ws/install/apriltag_ros:/home/my11/ros2_ws/install/rrbot_gazebo:/home/my11/ros2_ws/install/rrbot_description:/home/my11/ros2_ws/install/plate_description:/home/my11/ros2_ws/install/opencv_test_py:/opt/ros/humble LD_LIBRARY_PATH=/home/my11/interbotix_ws/install/interbotix_xs_driver/lib:/home/my11/interbotix_ws/install/interbotix_xs_msgs/lib:/home/my11/interbotix_ws/install/dynamixel_workbench_toolbox/lib:/home/my11/apriltag_ws/install/apriltag_ros/lib:/usr/lib/x86_64-linux-gnu/gazebo-11/plugins:/opt/ros/humble/opt/rviz_ogre_vendor/lib:/opt/ros/humble/lib/x86_64-linux-gnu:/opt/ros/humble/lib:/usr/share/gazebo/../../lib/x86_64-linux-gnu/gazebo-11/plugins:/usr/share/gazebo/../../lib/x86_64-linux-gnu/gazebo-11/plugins:/usr/share/gazebo/../../lib/x86_64-linux-gnu/gazebo-11/plugins PYTHONPATH=/home/my11/interbotix_ws/install/interbotix_xs_msgs/local/lib/python3.10/dist-packages:${PYTHONPATH} /usr/bin/cmake --build /home/my11/interbotix_ws/build/interbotix_xs_rviz -- -j20 -l20
[33.394s] DEBUG:colcon.colcon_core.event_handler.log_command:Invoking command in '/home/my11/interbotix_ws/build/interbotix_xs_rviz': AMENT_PREFIX_PATH=/home/my11/interbotix_ws/install/interbotix_xs_sdk:/home/my11/interbotix_ws/install/interbotix_xs_driver:/home/my11/interbotix_ws/install/interbotix_xs_msgs:/home/my11/interbotix_ws/install/dynamixel_workbench_toolbox:${AMENT_PREFIX_PATH} CMAKE_PREFIX_PATH=/home/my11/interbotix_ws/install/interbotix_xs_sdk:/home/my11/interbotix_ws/install/interbotix_xs_driver:/home/my11/interbotix_ws/install/interbotix_xs_msgs:/home/my11/interbotix_ws/install/dynamixel_workbench_toolbox:/home/my11/apriltag_ws/install/apriltag_ros:/home/my11/ros2_ws/install/rrbot_gazebo:/home/my11/ros2_ws/install/rrbot_description:/home/my11/ros2_ws/install/plate_description:/home/my11/ros2_ws/install/opencv_test_py:/opt/ros/humble LD_LIBRARY_PATH=/home/my11/interbotix_ws/install/interbotix_xs_driver/lib:/home/my11/interbotix_ws/install/interbotix_xs_msgs/lib:/home/my11/interbotix_ws/install/dynamixel_workbench_toolbox/lib:/home/my11/apriltag_ws/install/apriltag_ros/lib:/usr/lib/x86_64-linux-gnu/gazebo-11/plugins:/opt/ros/humble/opt/rviz_ogre_vendor/lib:/opt/ros/humble/lib/x86_64-linux-gnu:/opt/ros/humble/lib:/usr/share/gazebo/../../lib/x86_64-linux-gnu/gazebo-11/plugins:/usr/share/gazebo/../../lib/x86_64-linux-gnu/gazebo-11/plugins:/usr/share/gazebo/../../lib/x86_64-linux-gnu/gazebo-11/plugins PYTHONPATH=/home/my11/interbotix_ws/install/interbotix_xs_msgs/local/lib/python3.10/dist-packages:${PYTHONPATH} /usr/bin/cmake --install /home/my11/interbotix_ws/build/interbotix_xs_rviz
[33.403s] Level 1:colcon.colcon_core.environment:create_environment_scripts_only(interbotix_xs_rviz)
[33.404s] Level 1:colcon.colcon_core.environment:checking '/home/my11/interbotix_ws/install/interbotix_xs_rviz' for CMake module files
[33.404s] DEBUG:colcon.colcon_core.event_handler.log_command:Invoked command in '/home/my11/interbotix_ws/build/interbotix_xs_rviz' returned '0': AMENT_PREFIX_PATH=/home/my11/interbotix_ws/install/interbotix_xs_sdk:/home/my11/interbotix_ws/install/interbotix_xs_driver:/home/my11/interbotix_ws/install/interbotix_xs_msgs:/home/my11/interbotix_ws/install/dynamixel_workbench_toolbox:${AMENT_PREFIX_PATH} CMAKE_PREFIX_PATH=/home/my11/interbotix_ws/install/interbotix_xs_sdk:/home/my11/interbotix_ws/install/interbotix_xs_driver:/home/my11/interbotix_ws/install/interbotix_xs_msgs:/home/my11/interbotix_ws/install/dynamixel_workbench_toolbox:/home/my11/apriltag_ws/install/apriltag_ros:/home/my11/ros2_ws/install/rrbot_gazebo:/home/my11/ros2_ws/install/rrbot_description:/home/my11/ros2_ws/install/plate_description:/home/my11/ros2_ws/install/opencv_test_py:/opt/ros/humble LD_LIBRARY_PATH=/home/my11/interbotix_ws/install/interbotix_xs_driver/lib:/home/my11/interbotix_ws/install/interbotix_xs_msgs/lib:/home/my11/interbotix_ws/install/dynamixel_workbench_toolbox/lib:/home/my11/apriltag_ws/install/apriltag_ros/lib:/usr/lib/x86_64-linux-gnu/gazebo-11/plugins:/opt/ros/humble/opt/rviz_ogre_vendor/lib:/opt/ros/humble/lib/x86_64-linux-gnu:/opt/ros/humble/lib:/usr/share/gazebo/../../lib/x86_64-linux-gnu/gazebo-11/plugins:/usr/share/gazebo/../../lib/x86_64-linux-gnu/gazebo-11/plugins:/usr/share/gazebo/../../lib/x86_64-linux-gnu/gazebo-11/plugins PYTHONPATH=/home/my11/interbotix_ws/install/interbotix_xs_msgs/local/lib/python3.10/dist-packages:${PYTHONPATH} /usr/bin/cmake --install /home/my11/interbotix_ws/build/interbotix_xs_rviz
[33.404s] Level 1:colcon.colcon_core.environment:checking '/home/my11/interbotix_ws/install/interbotix_xs_rviz' for CMake config files
[33.405s] Level 1:colcon.colcon_core.shell:create_environment_hook('interbotix_xs_rviz', 'cmake_prefix_path')
[33.405s] INFO:colcon.colcon_core.shell:Creating environment hook '/home/my11/interbotix_ws/install/interbotix_xs_rviz/share/interbotix_xs_rviz/hook/cmake_prefix_path.ps1'
[33.405s] INFO:colcon.colcon_core.shell:Creating environment descriptor '/home/my11/interbotix_ws/install/interbotix_xs_rviz/share/interbotix_xs_rviz/hook/cmake_prefix_path.dsv'
[33.405s] INFO:colcon.colcon_core.shell:Creating environment hook '/home/my11/interbotix_ws/install/interbotix_xs_rviz/share/interbotix_xs_rviz/hook/cmake_prefix_path.sh'
[33.405s] Level 1:colcon.colcon_core.environment:checking '/home/my11/interbotix_ws/install/interbotix_xs_rviz/lib'
[33.405s] Level 1:colcon.colcon_core.shell:create_environment_hook('interbotix_xs_rviz', 'ld_library_path_lib')
[33.405s] INFO:colcon.colcon_core.shell:Creating environment hook '/home/my11/interbotix_ws/install/interbotix_xs_rviz/share/interbotix_xs_rviz/hook/ld_library_path_lib.ps1'
[33.406s] INFO:colcon.colcon_core.shell:Creating environment descriptor '/home/my11/interbotix_ws/install/interbotix_xs_rviz/share/interbotix_xs_rviz/hook/ld_library_path_lib.dsv'
[33.406s] INFO:colcon.colcon_core.shell:Creating environment hook '/home/my11/interbotix_ws/install/interbotix_xs_rviz/share/interbotix_xs_rviz/hook/ld_library_path_lib.sh'
[33.406s] Level 1:colcon.colcon_core.environment:checking '/home/my11/interbotix_ws/install/interbotix_xs_rviz/bin'
[33.406s] Level 1:colcon.colcon_core.environment:checking '/home/my11/interbotix_ws/install/interbotix_xs_rviz/lib/pkgconfig/interbotix_xs_rviz.pc'
[33.406s] Level 1:colcon.colcon_core.environment:checking '/home/my11/interbotix_ws/install/interbotix_xs_rviz/lib/python3.10/site-packages'
[33.406s] Level 1:colcon.colcon_core.environment:checking '/home/my11/interbotix_ws/install/interbotix_xs_rviz/bin'
[33.406s] INFO:colcon.colcon_core.shell:Creating package script '/home/my11/interbotix_ws/install/interbotix_xs_rviz/share/interbotix_xs_rviz/package.ps1'
[33.407s] INFO:colcon.colcon_core.shell:Creating package descriptor '/home/my11/interbotix_ws/install/interbotix_xs_rviz/share/interbotix_xs_rviz/package.dsv'
[33.407s] INFO:colcon.colcon_core.shell:Creating package script '/home/my11/interbotix_ws/install/interbotix_xs_rviz/share/interbotix_xs_rviz/package.sh'
[33.407s] INFO:colcon.colcon_core.shell:Creating package script '/home/my11/interbotix_ws/install/interbotix_xs_rviz/share/interbotix_xs_rviz/package.bash'
[33.407s] INFO:colcon.colcon_core.shell:Creating package script '/home/my11/interbotix_ws/install/interbotix_xs_rviz/share/interbotix_xs_rviz/package.zsh'
[33.407s] Level 1:colcon.colcon_core.environment:create_file_with_runtime_dependencies(/home/my11/interbotix_ws/install/interbotix_xs_rviz/share/colcon-core/packages/interbotix_xs_rviz)
[33.433s] Level 1:colcon.colcon_core.environment:create_environment_scripts_only(interbotix_xs_rviz)
[33.434s] Level 1:colcon.colcon_core.environment:checking '/home/my11/interbotix_ws/install/interbotix_xs_rviz' for CMake module files
[33.434s] Level 1:colcon.colcon_core.environment:checking '/home/my11/interbotix_ws/install/interbotix_xs_rviz' for CMake config files
[33.434s] Level 1:colcon.colcon_core.shell:create_environment_hook('interbotix_xs_rviz', 'cmake_prefix_path')
[33.434s] INFO:colcon.colcon_core.shell:Creating environment hook '/home/my11/interbotix_ws/install/interbotix_xs_rviz/share/interbotix_xs_rviz/hook/cmake_prefix_path.ps1'
[33.435s] INFO:colcon.colcon_core.shell:Creating environment descriptor '/home/my11/interbotix_ws/install/interbotix_xs_rviz/share/interbotix_xs_rviz/hook/cmake_prefix_path.dsv'
[33.435s] INFO:colcon.colcon_core.shell:Creating environment hook '/home/my11/interbotix_ws/install/interbotix_xs_rviz/share/interbotix_xs_rviz/hook/cmake_prefix_path.sh'
[33.436s] Level 1:colcon.colcon_core.environment:checking '/home/my11/interbotix_ws/install/interbotix_xs_rviz/lib'
[33.436s] Level 1:colcon.colcon_core.shell:create_environment_hook('interbotix_xs_rviz', 'ld_library_path_lib')
[33.436s] INFO:colcon.colcon_core.shell:Creating environment hook '/home/my11/interbotix_ws/install/interbotix_xs_rviz/share/interbotix_xs_rviz/hook/ld_library_path_lib.ps1'
[33.436s] INFO:colcon.colcon_core.shell:Creating environment descriptor '/home/my11/interbotix_ws/install/interbotix_xs_rviz/share/interbotix_xs_rviz/hook/ld_library_path_lib.dsv'
[33.436s] INFO:colcon.colcon_core.shell:Creating environment hook '/home/my11/interbotix_ws/install/interbotix_xs_rviz/share/interbotix_xs_rviz/hook/ld_library_path_lib.sh'
[33.436s] Level 1:colcon.colcon_core.environment:checking '/home/my11/interbotix_ws/install/interbotix_xs_rviz/bin'
[33.436s] Level 1:colcon.colcon_core.environment:checking '/home/my11/interbotix_ws/install/interbotix_xs_rviz/lib/pkgconfig/interbotix_xs_rviz.pc'
[33.436s] Level 1:colcon.colcon_core.environment:checking '/home/my11/interbotix_ws/install/interbotix_xs_rviz/lib/python3.10/site-packages'
[33.436s] Level 1:colcon.colcon_core.environment:checking '/home/my11/interbotix_ws/install/interbotix_xs_rviz/bin'
[33.437s] INFO:colcon.colcon_core.shell:Creating package script '/home/my11/interbotix_ws/install/interbotix_xs_rviz/share/interbotix_xs_rviz/package.ps1'
[33.437s] INFO:colcon.colcon_core.shell:Creating package descriptor '/home/my11/interbotix_ws/install/interbotix_xs_rviz/share/interbotix_xs_rviz/package.dsv'
[33.437s] INFO:colcon.colcon_core.shell:Creating package script '/home/my11/interbotix_ws/install/interbotix_xs_rviz/share/interbotix_xs_rviz/package.sh'
[33.438s] INFO:colcon.colcon_core.shell:Creating package script '/home/my11/interbotix_ws/install/interbotix_xs_rviz/share/interbotix_xs_rviz/package.bash'
[33.438s] INFO:colcon.colcon_core.shell:Creating package script '/home/my11/interbotix_ws/install/interbotix_xs_rviz/share/interbotix_xs_rviz/package.zsh'
[33.438s] Level 1:colcon.colcon_core.environment:create_file_with_runtime_dependencies(/home/my11/interbotix_ws/install/interbotix_xs_rviz/share/colcon-core/packages/interbotix_xs_rviz)
[33.438s] INFO:colcon.colcon_ros.task.ament_cmake.build:Building ROS package in '/home/my11/interbotix_ws/src/interbotix_ros_toolboxes/interbotix_xs_toolbox/interbotix_xs_toolbox' with build type 'ament_cmake'
[33.438s] INFO:colcon.colcon_cmake.task.cmake.build:Building CMake package in '/home/my11/interbotix_ws/src/interbotix_ros_toolboxes/interbotix_xs_toolbox/interbotix_xs_toolbox'
[33.438s] INFO:colcon.colcon_core.shell:Skip shell extension 'powershell' for command environment: Not usable outside of PowerShell
[33.438s] DEBUG:colcon.colcon_core.shell:Skip shell extension 'dsv' for command environment
[33.456s] DEBUG:colcon.colcon_core.event_handler.log_command:Invoking command in '/home/my11/interbotix_ws/build/interbotix_xs_toolbox': AMENT_PREFIX_PATH=/home/my11/interbotix_ws/install/interbotix_xs_rviz:/home/my11/interbotix_ws/install/interbotix_xs_modules:/home/my11/interbotix_ws/install/interbotix_xs_sdk:/home/my11/interbotix_ws/install/interbotix_xs_ros_control:/home/my11/interbotix_ws/install/interbotix_xs_driver:/home/my11/interbotix_ws/install/interbotix_xs_msgs:/home/my11/interbotix_ws/install/interbotix_common_modules:/home/my11/interbotix_ws/install/dynamixel_workbench_toolbox:${AMENT_PREFIX_PATH} CMAKE_PREFIX_PATH=/home/my11/interbotix_ws/install/interbotix_xs_rviz:/home/my11/interbotix_ws/install/interbotix_xs_sdk:/home/my11/interbotix_ws/install/interbotix_xs_ros_control:/home/my11/interbotix_ws/install/interbotix_xs_driver:/home/my11/interbotix_ws/install/interbotix_xs_msgs:/home/my11/interbotix_ws/install/dynamixel_workbench_toolbox:/home/my11/apriltag_ws/install/apriltag_ros:/home/my11/ros2_ws/install/rrbot_gazebo:/home/my11/ros2_ws/install/rrbot_description:/home/my11/ros2_ws/install/plate_description:/home/my11/ros2_ws/install/opencv_test_py:/opt/ros/humble LD_LIBRARY_PATH=/home/my11/interbotix_ws/install/interbotix_xs_rviz/lib:/home/my11/interbotix_ws/install/interbotix_xs_ros_control/lib:/home/my11/interbotix_ws/install/interbotix_xs_driver/lib:/home/my11/interbotix_ws/install/interbotix_xs_msgs/lib:/home/my11/interbotix_ws/install/dynamixel_workbench_toolbox/lib:/home/my11/apriltag_ws/install/apriltag_ros/lib:/usr/lib/x86_64-linux-gnu/gazebo-11/plugins:/opt/ros/humble/opt/rviz_ogre_vendor/lib:/opt/ros/humble/lib/x86_64-linux-gnu:/opt/ros/humble/lib:/usr/share/gazebo/../../lib/x86_64-linux-gnu/gazebo-11/plugins:/usr/share/gazebo/../../lib/x86_64-linux-gnu/gazebo-11/plugins:/usr/share/gazebo/../../lib/x86_64-linux-gnu/gazebo-11/plugins PYTHONPATH=/home/my11/interbotix_ws/install/interbotix_xs_modules/lib/python3.10/site-packages:/home/my11/interbotix_ws/install/interbotix_xs_msgs/local/lib/python3.10/dist-packages:/home/my11/interbotix_ws/install/interbotix_common_modules/lib/python3.10/site-packages:${PYTHONPATH} /usr/bin/cmake /home/my11/interbotix_ws/src/interbotix_ros_toolboxes/interbotix_xs_toolbox/interbotix_xs_toolbox -DCMAKE_INSTALL_PREFIX=/home/my11/interbotix_ws/install/interbotix_xs_toolbox
[33.655s] DEBUG:colcon.colcon_core.event_handler.log_command:Invoked command in '/home/my11/interbotix_ws/build/interbotix_xsarm_puppet' returned '0': AMENT_PREFIX_PATH=/home/my11/interbotix_ws/install/interbotix_xsarm_control:/home/my11/interbotix_ws/install/interbotix_xsarm_descriptions:/home/my11/interbotix_ws/install/interbotix_xs_modules:/home/my11/interbotix_ws/install/interbotix_xs_sdk:/home/my11/interbotix_ws/install/interbotix_xs_driver:/home/my11/interbotix_ws/install/interbotix_xs_msgs:/home/my11/interbotix_ws/install/interbotix_common_modules:/home/my11/interbotix_ws/install/dynamixel_workbench_toolbox:${AMENT_PREFIX_PATH} CMAKE_PREFIX_PATH=/home/my11/interbotix_ws/install/interbotix_xsarm_control:/home/my11/interbotix_ws/install/interbotix_xsarm_descriptions:/home/my11/interbotix_ws/install/interbotix_xs_sdk:/home/my11/interbotix_ws/install/interbotix_xs_driver:/home/my11/interbotix_ws/install/interbotix_xs_msgs:/home/my11/interbotix_ws/install/dynamixel_workbench_toolbox:/home/my11/apriltag_ws/install/apriltag_ros:/home/my11/ros2_ws/install/rrbot_gazebo:/home/my11/ros2_ws/install/rrbot_description:/home/my11/ros2_ws/install/plate_description:/home/my11/ros2_ws/install/opencv_test_py:/opt/ros/humble LD_LIBRARY_PATH=/home/my11/interbotix_ws/install/interbotix_xs_driver/lib:/home/my11/interbotix_ws/install/interbotix_xs_msgs/lib:/home/my11/interbotix_ws/install/dynamixel_workbench_toolbox/lib:/home/my11/apriltag_ws/install/apriltag_ros/lib:/usr/lib/x86_64-linux-gnu/gazebo-11/plugins:/opt/ros/humble/opt/rviz_ogre_vendor/lib:/opt/ros/humble/lib/x86_64-linux-gnu:/opt/ros/humble/lib:/usr/share/gazebo/../../lib/x86_64-linux-gnu/gazebo-11/plugins:/usr/share/gazebo/../../lib/x86_64-linux-gnu/gazebo-11/plugins:/usr/share/gazebo/../../lib/x86_64-linux-gnu/gazebo-11/plugins PYTHONPATH=/home/my11/interbotix_ws/install/interbotix_xs_modules/lib/python3.10/site-packages:/home/my11/interbotix_ws/install/interbotix_xs_msgs/local/lib/python3.10/dist-packages:/home/my11/interbotix_ws/install/interbotix_common_modules/lib/python3.10/site-packages:${PYTHONPATH} /usr/bin/cmake --build /home/my11/interbotix_ws/build/interbotix_xsarm_puppet -- -j20 -l20
[33.678s] DEBUG:colcon.colcon_core.event_handler.log_command:Invoking command in '/home/my11/interbotix_ws/build/interbotix_xsarm_puppet': AMENT_PREFIX_PATH=/home/my11/interbotix_ws/install/interbotix_xsarm_control:/home/my11/interbotix_ws/install/interbotix_xsarm_descriptions:/home/my11/interbotix_ws/install/interbotix_xs_modules:/home/my11/interbotix_ws/install/interbotix_xs_sdk:/home/my11/interbotix_ws/install/interbotix_xs_driver:/home/my11/interbotix_ws/install/interbotix_xs_msgs:/home/my11/interbotix_ws/install/interbotix_common_modules:/home/my11/interbotix_ws/install/dynamixel_workbench_toolbox:${AMENT_PREFIX_PATH} CMAKE_PREFIX_PATH=/home/my11/interbotix_ws/install/interbotix_xsarm_control:/home/my11/interbotix_ws/install/interbotix_xsarm_descriptions:/home/my11/interbotix_ws/install/interbotix_xs_sdk:/home/my11/interbotix_ws/install/interbotix_xs_driver:/home/my11/interbotix_ws/install/interbotix_xs_msgs:/home/my11/interbotix_ws/install/dynamixel_workbench_toolbox:/home/my11/apriltag_ws/install/apriltag_ros:/home/my11/ros2_ws/install/rrbot_gazebo:/home/my11/ros2_ws/install/rrbot_description:/home/my11/ros2_ws/install/plate_description:/home/my11/ros2_ws/install/opencv_test_py:/opt/ros/humble LD_LIBRARY_PATH=/home/my11/interbotix_ws/install/interbotix_xs_driver/lib:/home/my11/interbotix_ws/install/interbotix_xs_msgs/lib:/home/my11/interbotix_ws/install/dynamixel_workbench_toolbox/lib:/home/my11/apriltag_ws/install/apriltag_ros/lib:/usr/lib/x86_64-linux-gnu/gazebo-11/plugins:/opt/ros/humble/opt/rviz_ogre_vendor/lib:/opt/ros/humble/lib/x86_64-linux-gnu:/opt/ros/humble/lib:/usr/share/gazebo/../../lib/x86_64-linux-gnu/gazebo-11/plugins:/usr/share/gazebo/../../lib/x86_64-linux-gnu/gazebo-11/plugins:/usr/share/gazebo/../../lib/x86_64-linux-gnu/gazebo-11/plugins PYTHONPATH=/home/my11/interbotix_ws/install/interbotix_xs_modules/lib/python3.10/site-packages:/home/my11/interbotix_ws/install/interbotix_xs_msgs/local/lib/python3.10/dist-packages:/home/my11/interbotix_ws/install/interbotix_common_modules/lib/python3.10/site-packages:${PYTHONPATH} /usr/bin/cmake --install /home/my11/interbotix_ws/build/interbotix_xsarm_puppet
[33.687s] Level 1:colcon.colcon_core.environment:create_environment_scripts_only(interbotix_xsarm_puppet)
[33.688s] Level 1:colcon.colcon_core.environment:checking '/home/my11/interbotix_ws/install/interbotix_xsarm_puppet' for CMake module files
[33.688s] DEBUG:colcon.colcon_core.event_handler.log_command:Invoked command in '/home/my11/interbotix_ws/build/interbotix_xsarm_puppet' returned '0': AMENT_PREFIX_PATH=/home/my11/interbotix_ws/install/interbotix_xsarm_control:/home/my11/interbotix_ws/install/interbotix_xsarm_descriptions:/home/my11/interbotix_ws/install/interbotix_xs_modules:/home/my11/interbotix_ws/install/interbotix_xs_sdk:/home/my11/interbotix_ws/install/interbotix_xs_driver:/home/my11/interbotix_ws/install/interbotix_xs_msgs:/home/my11/interbotix_ws/install/interbotix_common_modules:/home/my11/interbotix_ws/install/dynamixel_workbench_toolbox:${AMENT_PREFIX_PATH} CMAKE_PREFIX_PATH=/home/my11/interbotix_ws/install/interbotix_xsarm_control:/home/my11/interbotix_ws/install/interbotix_xsarm_descriptions:/home/my11/interbotix_ws/install/interbotix_xs_sdk:/home/my11/interbotix_ws/install/interbotix_xs_driver:/home/my11/interbotix_ws/install/interbotix_xs_msgs:/home/my11/interbotix_ws/install/dynamixel_workbench_toolbox:/home/my11/apriltag_ws/install/apriltag_ros:/home/my11/ros2_ws/install/rrbot_gazebo:/home/my11/ros2_ws/install/rrbot_description:/home/my11/ros2_ws/install/plate_description:/home/my11/ros2_ws/install/opencv_test_py:/opt/ros/humble LD_LIBRARY_PATH=/home/my11/interbotix_ws/install/interbotix_xs_driver/lib:/home/my11/interbotix_ws/install/interbotix_xs_msgs/lib:/home/my11/interbotix_ws/install/dynamixel_workbench_toolbox/lib:/home/my11/apriltag_ws/install/apriltag_ros/lib:/usr/lib/x86_64-linux-gnu/gazebo-11/plugins:/opt/ros/humble/opt/rviz_ogre_vendor/lib:/opt/ros/humble/lib/x86_64-linux-gnu:/opt/ros/humble/lib:/usr/share/gazebo/../../lib/x86_64-linux-gnu/gazebo-11/plugins:/usr/share/gazebo/../../lib/x86_64-linux-gnu/gazebo-11/plugins:/usr/share/gazebo/../../lib/x86_64-linux-gnu/gazebo-11/plugins PYTHONPATH=/home/my11/interbotix_ws/install/interbotix_xs_modules/lib/python3.10/site-packages:/home/my11/interbotix_ws/install/interbotix_xs_msgs/local/lib/python3.10/dist-packages:/home/my11/interbotix_ws/install/interbotix_common_modules/lib/python3.10/site-packages:${PYTHONPATH} /usr/bin/cmake --install /home/my11/interbotix_ws/build/interbotix_xsarm_puppet
[33.689s] Level 1:colcon.colcon_core.environment:checking '/home/my11/interbotix_ws/install/interbotix_xsarm_puppet' for CMake config files
[33.689s] Level 1:colcon.colcon_core.shell:create_environment_hook('interbotix_xsarm_puppet', 'cmake_prefix_path')
[33.689s] INFO:colcon.colcon_core.shell:Creating environment hook '/home/my11/interbotix_ws/install/interbotix_xsarm_puppet/share/interbotix_xsarm_puppet/hook/cmake_prefix_path.ps1'
[33.689s] INFO:colcon.colcon_core.shell:Creating environment descriptor '/home/my11/interbotix_ws/install/interbotix_xsarm_puppet/share/interbotix_xsarm_puppet/hook/cmake_prefix_path.dsv'
[33.689s] INFO:colcon.colcon_core.shell:Creating environment hook '/home/my11/interbotix_ws/install/interbotix_xsarm_puppet/share/interbotix_xsarm_puppet/hook/cmake_prefix_path.sh'
[33.690s] Level 1:colcon.colcon_core.environment:checking '/home/my11/interbotix_ws/install/interbotix_xsarm_puppet/lib'
[33.690s] Level 1:colcon.colcon_core.environment:checking '/home/my11/interbotix_ws/install/interbotix_xsarm_puppet/bin'
[33.690s] Level 1:colcon.colcon_core.environment:checking '/home/my11/interbotix_ws/install/interbotix_xsarm_puppet/lib/pkgconfig/interbotix_xsarm_puppet.pc'
[33.690s] Level 1:colcon.colcon_core.environment:checking '/home/my11/interbotix_ws/install/interbotix_xsarm_puppet/lib/python3.10/site-packages'
[33.690s] Level 1:colcon.colcon_core.environment:checking '/home/my11/interbotix_ws/install/interbotix_xsarm_puppet/bin'
[33.691s] INFO:colcon.colcon_core.shell:Creating package script '/home/my11/interbotix_ws/install/interbotix_xsarm_puppet/share/interbotix_xsarm_puppet/package.ps1'
[33.691s] INFO:colcon.colcon_core.shell:Creating package descriptor '/home/my11/interbotix_ws/install/interbotix_xsarm_puppet/share/interbotix_xsarm_puppet/package.dsv'
[33.691s] INFO:colcon.colcon_core.shell:Creating package script '/home/my11/interbotix_ws/install/interbotix_xsarm_puppet/share/interbotix_xsarm_puppet/package.sh'
[33.692s] INFO:colcon.colcon_core.shell:Creating package script '/home/my11/interbotix_ws/install/interbotix_xsarm_puppet/share/interbotix_xsarm_puppet/package.bash'
[33.692s] INFO:colcon.colcon_core.shell:Creating package script '/home/my11/interbotix_ws/install/interbotix_xsarm_puppet/share/interbotix_xsarm_puppet/package.zsh'
[33.692s] Level 1:colcon.colcon_core.environment:create_file_with_runtime_dependencies(/home/my11/interbotix_ws/install/interbotix_xsarm_puppet/share/colcon-core/packages/interbotix_xsarm_puppet)
[33.713s] Level 1:colcon.colcon_core.environment:create_environment_scripts_only(interbotix_xsarm_puppet)
[33.713s] Level 1:colcon.colcon_core.environment:checking '/home/my11/interbotix_ws/install/interbotix_xsarm_puppet' for CMake module files
[33.713s] Level 1:colcon.colcon_core.environment:checking '/home/my11/interbotix_ws/install/interbotix_xsarm_puppet' for CMake config files
[33.713s] Level 1:colcon.colcon_core.shell:create_environment_hook('interbotix_xsarm_puppet', 'cmake_prefix_path')
[33.713s] INFO:colcon.colcon_core.shell:Creating environment hook '/home/my11/interbotix_ws/install/interbotix_xsarm_puppet/share/interbotix_xsarm_puppet/hook/cmake_prefix_path.ps1'
[33.714s] INFO:colcon.colcon_core.shell:Creating environment descriptor '/home/my11/interbotix_ws/install/interbotix_xsarm_puppet/share/interbotix_xsarm_puppet/hook/cmake_prefix_path.dsv'
[33.715s] INFO:colcon.colcon_core.shell:Creating environment hook '/home/my11/interbotix_ws/install/interbotix_xsarm_puppet/share/interbotix_xsarm_puppet/hook/cmake_prefix_path.sh'
[33.716s] Level 1:colcon.colcon_core.environment:checking '/home/my11/interbotix_ws/install/interbotix_xsarm_puppet/lib'
[33.716s] Level 1:colcon.colcon_core.environment:checking '/home/my11/interbotix_ws/install/interbotix_xsarm_puppet/bin'
[33.716s] Level 1:colcon.colcon_core.environment:checking '/home/my11/interbotix_ws/install/interbotix_xsarm_puppet/lib/pkgconfig/interbotix_xsarm_puppet.pc'
[33.716s] Level 1:colcon.colcon_core.environment:checking '/home/my11/interbotix_ws/install/interbotix_xsarm_puppet/lib/python3.10/site-packages'
[33.716s] Level 1:colcon.colcon_core.environment:checking '/home/my11/interbotix_ws/install/interbotix_xsarm_puppet/bin'
[33.716s] INFO:colcon.colcon_core.shell:Creating package script '/home/my11/interbotix_ws/install/interbotix_xsarm_puppet/share/interbotix_xsarm_puppet/package.ps1'
[33.717s] INFO:colcon.colcon_core.shell:Creating package descriptor '/home/my11/interbotix_ws/install/interbotix_xsarm_puppet/share/interbotix_xsarm_puppet/package.dsv'
[33.717s] INFO:colcon.colcon_core.shell:Creating package script '/home/my11/interbotix_ws/install/interbotix_xsarm_puppet/share/interbotix_xsarm_puppet/package.sh'
[33.717s] INFO:colcon.colcon_core.shell:Creating package script '/home/my11/interbotix_ws/install/interbotix_xsarm_puppet/share/interbotix_xsarm_puppet/package.bash'
[33.718s] INFO:colcon.colcon_core.shell:Creating package script '/home/my11/interbotix_ws/install/interbotix_xsarm_puppet/share/interbotix_xsarm_puppet/package.zsh'
[33.718s] Level 1:colcon.colcon_core.environment:create_file_with_runtime_dependencies(/home/my11/interbotix_ws/install/interbotix_xsarm_puppet/share/colcon-core/packages/interbotix_xsarm_puppet)
[33.855s] DEBUG:colcon.colcon_core.event_handler.log_command:Invoked command in '/home/my11/interbotix_ws/build/interbotix_xs_toolbox' returned '0': AMENT_PREFIX_PATH=/home/my11/interbotix_ws/install/interbotix_xs_rviz:/home/my11/interbotix_ws/install/interbotix_xs_modules:/home/my11/interbotix_ws/install/interbotix_xs_sdk:/home/my11/interbotix_ws/install/interbotix_xs_ros_control:/home/my11/interbotix_ws/install/interbotix_xs_driver:/home/my11/interbotix_ws/install/interbotix_xs_msgs:/home/my11/interbotix_ws/install/interbotix_common_modules:/home/my11/interbotix_ws/install/dynamixel_workbench_toolbox:${AMENT_PREFIX_PATH} CMAKE_PREFIX_PATH=/home/my11/interbotix_ws/install/interbotix_xs_rviz:/home/my11/interbotix_ws/install/interbotix_xs_sdk:/home/my11/interbotix_ws/install/interbotix_xs_ros_control:/home/my11/interbotix_ws/install/interbotix_xs_driver:/home/my11/interbotix_ws/install/interbotix_xs_msgs:/home/my11/interbotix_ws/install/dynamixel_workbench_toolbox:/home/my11/apriltag_ws/install/apriltag_ros:/home/my11/ros2_ws/install/rrbot_gazebo:/home/my11/ros2_ws/install/rrbot_description:/home/my11/ros2_ws/install/plate_description:/home/my11/ros2_ws/install/opencv_test_py:/opt/ros/humble LD_LIBRARY_PATH=/home/my11/interbotix_ws/install/interbotix_xs_rviz/lib:/home/my11/interbotix_ws/install/interbotix_xs_ros_control/lib:/home/my11/interbotix_ws/install/interbotix_xs_driver/lib:/home/my11/interbotix_ws/install/interbotix_xs_msgs/lib:/home/my11/interbotix_ws/install/dynamixel_workbench_toolbox/lib:/home/my11/apriltag_ws/install/apriltag_ros/lib:/usr/lib/x86_64-linux-gnu/gazebo-11/plugins:/opt/ros/humble/opt/rviz_ogre_vendor/lib:/opt/ros/humble/lib/x86_64-linux-gnu:/opt/ros/humble/lib:/usr/share/gazebo/../../lib/x86_64-linux-gnu/gazebo-11/plugins:/usr/share/gazebo/../../lib/x86_64-linux-gnu/gazebo-11/plugins:/usr/share/gazebo/../../lib/x86_64-linux-gnu/gazebo-11/plugins PYTHONPATH=/home/my11/interbotix_ws/install/interbotix_xs_modules/lib/python3.10/site-packages:/home/my11/interbotix_ws/install/interbotix_xs_msgs/local/lib/python3.10/dist-packages:/home/my11/interbotix_ws/install/interbotix_common_modules/lib/python3.10/site-packages:${PYTHONPATH} /usr/bin/cmake /home/my11/interbotix_ws/src/interbotix_ros_toolboxes/interbotix_xs_toolbox/interbotix_xs_toolbox -DCMAKE_INSTALL_PREFIX=/home/my11/interbotix_ws/install/interbotix_xs_toolbox
[33.856s] DEBUG:colcon.colcon_core.event_handler.log_command:Invoking command in '/home/my11/interbotix_ws/build/interbotix_xs_toolbox': AMENT_PREFIX_PATH=/home/my11/interbotix_ws/install/interbotix_xs_rviz:/home/my11/interbotix_ws/install/interbotix_xs_modules:/home/my11/interbotix_ws/install/interbotix_xs_sdk:/home/my11/interbotix_ws/install/interbotix_xs_ros_control:/home/my11/interbotix_ws/install/interbotix_xs_driver:/home/my11/interbotix_ws/install/interbotix_xs_msgs:/home/my11/interbotix_ws/install/interbotix_common_modules:/home/my11/interbotix_ws/install/dynamixel_workbench_toolbox:${AMENT_PREFIX_PATH} CMAKE_PREFIX_PATH=/home/my11/interbotix_ws/install/interbotix_xs_rviz:/home/my11/interbotix_ws/install/interbotix_xs_sdk:/home/my11/interbotix_ws/install/interbotix_xs_ros_control:/home/my11/interbotix_ws/install/interbotix_xs_driver:/home/my11/interbotix_ws/install/interbotix_xs_msgs:/home/my11/interbotix_ws/install/dynamixel_workbench_toolbox:/home/my11/apriltag_ws/install/apriltag_ros:/home/my11/ros2_ws/install/rrbot_gazebo:/home/my11/ros2_ws/install/rrbot_description:/home/my11/ros2_ws/install/plate_description:/home/my11/ros2_ws/install/opencv_test_py:/opt/ros/humble LD_LIBRARY_PATH=/home/my11/interbotix_ws/install/interbotix_xs_rviz/lib:/home/my11/interbotix_ws/install/interbotix_xs_ros_control/lib:/home/my11/interbotix_ws/install/interbotix_xs_driver/lib:/home/my11/interbotix_ws/install/interbotix_xs_msgs/lib:/home/my11/interbotix_ws/install/dynamixel_workbench_toolbox/lib:/home/my11/apriltag_ws/install/apriltag_ros/lib:/usr/lib/x86_64-linux-gnu/gazebo-11/plugins:/opt/ros/humble/opt/rviz_ogre_vendor/lib:/opt/ros/humble/lib/x86_64-linux-gnu:/opt/ros/humble/lib:/usr/share/gazebo/../../lib/x86_64-linux-gnu/gazebo-11/plugins:/usr/share/gazebo/../../lib/x86_64-linux-gnu/gazebo-11/plugins:/usr/share/gazebo/../../lib/x86_64-linux-gnu/gazebo-11/plugins PYTHONPATH=/home/my11/interbotix_ws/install/interbotix_xs_modules/lib/python3.10/site-packages:/home/my11/interbotix_ws/install/interbotix_xs_msgs/local/lib/python3.10/dist-packages:/home/my11/interbotix_ws/install/interbotix_common_modules/lib/python3.10/site-packages:${PYTHONPATH} /usr/bin/cmake --build /home/my11/interbotix_ws/build/interbotix_xs_toolbox -- -j20 -l20
[33.891s] DEBUG:colcon.colcon_core.event_handler.log_command:Invoked command in '/home/my11/interbotix_ws/build/interbotix_xs_toolbox' returned '0': AMENT_PREFIX_PATH=/home/my11/interbotix_ws/install/interbotix_xs_rviz:/home/my11/interbotix_ws/install/interbotix_xs_modules:/home/my11/interbotix_ws/install/interbotix_xs_sdk:/home/my11/interbotix_ws/install/interbotix_xs_ros_control:/home/my11/interbotix_ws/install/interbotix_xs_driver:/home/my11/interbotix_ws/install/interbotix_xs_msgs:/home/my11/interbotix_ws/install/interbotix_common_modules:/home/my11/interbotix_ws/install/dynamixel_workbench_toolbox:${AMENT_PREFIX_PATH} CMAKE_PREFIX_PATH=/home/my11/interbotix_ws/install/interbotix_xs_rviz:/home/my11/interbotix_ws/install/interbotix_xs_sdk:/home/my11/interbotix_ws/install/interbotix_xs_ros_control:/home/my11/interbotix_ws/install/interbotix_xs_driver:/home/my11/interbotix_ws/install/interbotix_xs_msgs:/home/my11/interbotix_ws/install/dynamixel_workbench_toolbox:/home/my11/apriltag_ws/install/apriltag_ros:/home/my11/ros2_ws/install/rrbot_gazebo:/home/my11/ros2_ws/install/rrbot_description:/home/my11/ros2_ws/install/plate_description:/home/my11/ros2_ws/install/opencv_test_py:/opt/ros/humble LD_LIBRARY_PATH=/home/my11/interbotix_ws/install/interbotix_xs_rviz/lib:/home/my11/interbotix_ws/install/interbotix_xs_ros_control/lib:/home/my11/interbotix_ws/install/interbotix_xs_driver/lib:/home/my11/interbotix_ws/install/interbotix_xs_msgs/lib:/home/my11/interbotix_ws/install/dynamixel_workbench_toolbox/lib:/home/my11/apriltag_ws/install/apriltag_ros/lib:/usr/lib/x86_64-linux-gnu/gazebo-11/plugins:/opt/ros/humble/opt/rviz_ogre_vendor/lib:/opt/ros/humble/lib/x86_64-linux-gnu:/opt/ros/humble/lib:/usr/share/gazebo/../../lib/x86_64-linux-gnu/gazebo-11/plugins:/usr/share/gazebo/../../lib/x86_64-linux-gnu/gazebo-11/plugins:/usr/share/gazebo/../../lib/x86_64-linux-gnu/gazebo-11/plugins PYTHONPATH=/home/my11/interbotix_ws/install/interbotix_xs_modules/lib/python3.10/site-packages:/home/my11/interbotix_ws/install/interbotix_xs_msgs/local/lib/python3.10/dist-packages:/home/my11/interbotix_ws/install/interbotix_common_modules/lib/python3.10/site-packages:${PYTHONPATH} /usr/bin/cmake --build /home/my11/interbotix_ws/build/interbotix_xs_toolbox -- -j20 -l20
[33.926s] DEBUG:colcon.colcon_core.event_handler.log_command:Invoking command in '/home/my11/interbotix_ws/build/interbotix_xs_toolbox': AMENT_PREFIX_PATH=/home/my11/interbotix_ws/install/interbotix_xs_rviz:/home/my11/interbotix_ws/install/interbotix_xs_modules:/home/my11/interbotix_ws/install/interbotix_xs_sdk:/home/my11/interbotix_ws/install/interbotix_xs_ros_control:/home/my11/interbotix_ws/install/interbotix_xs_driver:/home/my11/interbotix_ws/install/interbotix_xs_msgs:/home/my11/interbotix_ws/install/interbotix_common_modules:/home/my11/interbotix_ws/install/dynamixel_workbench_toolbox:${AMENT_PREFIX_PATH} CMAKE_PREFIX_PATH=/home/my11/interbotix_ws/install/interbotix_xs_rviz:/home/my11/interbotix_ws/install/interbotix_xs_sdk:/home/my11/interbotix_ws/install/interbotix_xs_ros_control:/home/my11/interbotix_ws/install/interbotix_xs_driver:/home/my11/interbotix_ws/install/interbotix_xs_msgs:/home/my11/interbotix_ws/install/dynamixel_workbench_toolbox:/home/my11/apriltag_ws/install/apriltag_ros:/home/my11/ros2_ws/install/rrbot_gazebo:/home/my11/ros2_ws/install/rrbot_description:/home/my11/ros2_ws/install/plate_description:/home/my11/ros2_ws/install/opencv_test_py:/opt/ros/humble LD_LIBRARY_PATH=/home/my11/interbotix_ws/install/interbotix_xs_rviz/lib:/home/my11/interbotix_ws/install/interbotix_xs_ros_control/lib:/home/my11/interbotix_ws/install/interbotix_xs_driver/lib:/home/my11/interbotix_ws/install/interbotix_xs_msgs/lib:/home/my11/interbotix_ws/install/dynamixel_workbench_toolbox/lib:/home/my11/apriltag_ws/install/apriltag_ros/lib:/usr/lib/x86_64-linux-gnu/gazebo-11/plugins:/opt/ros/humble/opt/rviz_ogre_vendor/lib:/opt/ros/humble/lib/x86_64-linux-gnu:/opt/ros/humble/lib:/usr/share/gazebo/../../lib/x86_64-linux-gnu/gazebo-11/plugins:/usr/share/gazebo/../../lib/x86_64-linux-gnu/gazebo-11/plugins:/usr/share/gazebo/../../lib/x86_64-linux-gnu/gazebo-11/plugins PYTHONPATH=/home/my11/interbotix_ws/install/interbotix_xs_modules/lib/python3.10/site-packages:/home/my11/interbotix_ws/install/interbotix_xs_msgs/local/lib/python3.10/dist-packages:/home/my11/interbotix_ws/install/interbotix_common_modules/lib/python3.10/site-packages:${PYTHONPATH} /usr/bin/cmake --install /home/my11/interbotix_ws/build/interbotix_xs_toolbox
[33.940s] Level 1:colcon.colcon_core.environment:create_environment_scripts_only(interbotix_xs_toolbox)
[33.940s] Level 1:colcon.colcon_core.environment:checking '/home/my11/interbotix_ws/install/interbotix_xs_toolbox' for CMake module files
[33.941s] DEBUG:colcon.colcon_core.event_handler.log_command:Invoked command in '/home/my11/interbotix_ws/build/interbotix_xs_toolbox' returned '0': AMENT_PREFIX_PATH=/home/my11/interbotix_ws/install/interbotix_xs_rviz:/home/my11/interbotix_ws/install/interbotix_xs_modules:/home/my11/interbotix_ws/install/interbotix_xs_sdk:/home/my11/interbotix_ws/install/interbotix_xs_ros_control:/home/my11/interbotix_ws/install/interbotix_xs_driver:/home/my11/interbotix_ws/install/interbotix_xs_msgs:/home/my11/interbotix_ws/install/interbotix_common_modules:/home/my11/interbotix_ws/install/dynamixel_workbench_toolbox:${AMENT_PREFIX_PATH} CMAKE_PREFIX_PATH=/home/my11/interbotix_ws/install/interbotix_xs_rviz:/home/my11/interbotix_ws/install/interbotix_xs_sdk:/home/my11/interbotix_ws/install/interbotix_xs_ros_control:/home/my11/interbotix_ws/install/interbotix_xs_driver:/home/my11/interbotix_ws/install/interbotix_xs_msgs:/home/my11/interbotix_ws/install/dynamixel_workbench_toolbox:/home/my11/apriltag_ws/install/apriltag_ros:/home/my11/ros2_ws/install/rrbot_gazebo:/home/my11/ros2_ws/install/rrbot_description:/home/my11/ros2_ws/install/plate_description:/home/my11/ros2_ws/install/opencv_test_py:/opt/ros/humble LD_LIBRARY_PATH=/home/my11/interbotix_ws/install/interbotix_xs_rviz/lib:/home/my11/interbotix_ws/install/interbotix_xs_ros_control/lib:/home/my11/interbotix_ws/install/interbotix_xs_driver/lib:/home/my11/interbotix_ws/install/interbotix_xs_msgs/lib:/home/my11/interbotix_ws/install/dynamixel_workbench_toolbox/lib:/home/my11/apriltag_ws/install/apriltag_ros/lib:/usr/lib/x86_64-linux-gnu/gazebo-11/plugins:/opt/ros/humble/opt/rviz_ogre_vendor/lib:/opt/ros/humble/lib/x86_64-linux-gnu:/opt/ros/humble/lib:/usr/share/gazebo/../../lib/x86_64-linux-gnu/gazebo-11/plugins:/usr/share/gazebo/../../lib/x86_64-linux-gnu/gazebo-11/plugins:/usr/share/gazebo/../../lib/x86_64-linux-gnu/gazebo-11/plugins PYTHONPATH=/home/my11/interbotix_ws/install/interbotix_xs_modules/lib/python3.10/site-packages:/home/my11/interbotix_ws/install/interbotix_xs_msgs/local/lib/python3.10/dist-packages:/home/my11/interbotix_ws/install/interbotix_common_modules/lib/python3.10/site-packages:${PYTHONPATH} /usr/bin/cmake --install /home/my11/interbotix_ws/build/interbotix_xs_toolbox
[33.942s] Level 1:colcon.colcon_core.environment:checking '/home/my11/interbotix_ws/install/interbotix_xs_toolbox' for CMake config files
[33.942s] Level 1:colcon.colcon_core.shell:create_environment_hook('interbotix_xs_toolbox', 'cmake_prefix_path')
[33.942s] INFO:colcon.colcon_core.shell:Creating environment hook '/home/my11/interbotix_ws/install/interbotix_xs_toolbox/share/interbotix_xs_toolbox/hook/cmake_prefix_path.ps1'
[33.943s] INFO:colcon.colcon_core.shell:Creating environment descriptor '/home/my11/interbotix_ws/install/interbotix_xs_toolbox/share/interbotix_xs_toolbox/hook/cmake_prefix_path.dsv'
[33.944s] INFO:colcon.colcon_core.shell:Creating environment hook '/home/my11/interbotix_ws/install/interbotix_xs_toolbox/share/interbotix_xs_toolbox/hook/cmake_prefix_path.sh'
[33.944s] Level 1:colcon.colcon_core.environment:checking '/home/my11/interbotix_ws/install/interbotix_xs_toolbox/bin'
[33.945s] Level 1:colcon.colcon_core.environment:checking '/home/my11/interbotix_ws/install/interbotix_xs_toolbox/lib/pkgconfig/interbotix_xs_toolbox.pc'
[33.945s] Level 1:colcon.colcon_core.environment:checking '/home/my11/interbotix_ws/install/interbotix_xs_toolbox/lib/python3.10/site-packages'
[33.945s] Level 1:colcon.colcon_core.environment:checking '/home/my11/interbotix_ws/install/interbotix_xs_toolbox/bin'
[33.946s] INFO:colcon.colcon_core.shell:Creating package script '/home/my11/interbotix_ws/install/interbotix_xs_toolbox/share/interbotix_xs_toolbox/package.ps1'
[33.947s] INFO:colcon.colcon_core.shell:Creating package descriptor '/home/my11/interbotix_ws/install/interbotix_xs_toolbox/share/interbotix_xs_toolbox/package.dsv'
[33.948s] INFO:colcon.colcon_core.shell:Creating package script '/home/my11/interbotix_ws/install/interbotix_xs_toolbox/share/interbotix_xs_toolbox/package.sh'
[33.948s] INFO:colcon.colcon_core.shell:Creating package script '/home/my11/interbotix_ws/install/interbotix_xs_toolbox/share/interbotix_xs_toolbox/package.bash'
[33.949s] INFO:colcon.colcon_core.shell:Creating package script '/home/my11/interbotix_ws/install/interbotix_xs_toolbox/share/interbotix_xs_toolbox/package.zsh'
[33.949s] Level 1:colcon.colcon_core.environment:create_file_with_runtime_dependencies(/home/my11/interbotix_ws/install/interbotix_xs_toolbox/share/colcon-core/packages/interbotix_xs_toolbox)
[33.981s] Level 1:colcon.colcon_core.environment:create_environment_scripts_only(interbotix_xs_toolbox)
[33.981s] Level 1:colcon.colcon_core.environment:checking '/home/my11/interbotix_ws/install/interbotix_xs_toolbox' for CMake module files
[33.982s] Level 1:colcon.colcon_core.environment:checking '/home/my11/interbotix_ws/install/interbotix_xs_toolbox' for CMake config files
[33.982s] Level 1:colcon.colcon_core.shell:create_environment_hook('interbotix_xs_toolbox', 'cmake_prefix_path')
[33.982s] INFO:colcon.colcon_core.shell:Creating environment hook '/home/my11/interbotix_ws/install/interbotix_xs_toolbox/share/interbotix_xs_toolbox/hook/cmake_prefix_path.ps1'
[33.983s] INFO:colcon.colcon_core.shell:Creating environment descriptor '/home/my11/interbotix_ws/install/interbotix_xs_toolbox/share/interbotix_xs_toolbox/hook/cmake_prefix_path.dsv'
[33.984s] INFO:colcon.colcon_core.shell:Creating environment hook '/home/my11/interbotix_ws/install/interbotix_xs_toolbox/share/interbotix_xs_toolbox/hook/cmake_prefix_path.sh'
[33.985s] Level 1:colcon.colcon_core.environment:checking '/home/my11/interbotix_ws/install/interbotix_xs_toolbox/bin'
[33.985s] Level 1:colcon.colcon_core.environment:checking '/home/my11/interbotix_ws/install/interbotix_xs_toolbox/lib/pkgconfig/interbotix_xs_toolbox.pc'
[33.985s] Level 1:colcon.colcon_core.environment:checking '/home/my11/interbotix_ws/install/interbotix_xs_toolbox/lib/python3.10/site-packages'
[33.985s] Level 1:colcon.colcon_core.environment:checking '/home/my11/interbotix_ws/install/interbotix_xs_toolbox/bin'
[33.986s] INFO:colcon.colcon_core.shell:Creating package script '/home/my11/interbotix_ws/install/interbotix_xs_toolbox/share/interbotix_xs_toolbox/package.ps1'
[33.986s] INFO:colcon.colcon_core.shell:Creating package descriptor '/home/my11/interbotix_ws/install/interbotix_xs_toolbox/share/interbotix_xs_toolbox/package.dsv'
[33.987s] INFO:colcon.colcon_core.shell:Creating package script '/home/my11/interbotix_ws/install/interbotix_xs_toolbox/share/interbotix_xs_toolbox/package.sh'
[33.988s] INFO:colcon.colcon_core.shell:Creating package script '/home/my11/interbotix_ws/install/interbotix_xs_toolbox/share/interbotix_xs_toolbox/package.bash'
[33.988s] INFO:colcon.colcon_core.shell:Creating package script '/home/my11/interbotix_ws/install/interbotix_xs_toolbox/share/interbotix_xs_toolbox/package.zsh'
[33.988s] Level 1:colcon.colcon_core.environment:create_file_with_runtime_dependencies(/home/my11/interbotix_ws/install/interbotix_xs_toolbox/share/colcon-core/packages/interbotix_xs_toolbox)
[33.989s] DEBUG:colcon.colcon_parallel_executor.executor.parallel:closing loop
[33.989s] DEBUG:colcon.colcon_parallel_executor.executor.parallel:loop closed
[33.990s] DEBUG:colcon.colcon_parallel_executor.executor.parallel:run_until_complete finished with '0'
[33.990s] DEBUG:colcon.colcon_core.event_reactor:joining thread
[33.997s] INFO:colcon.colcon_core.plugin_system:Skipping extension 'colcon_notification.desktop_notification.terminal_notifier': Not used on non-Darwin systems
[33.997s] INFO:colcon.colcon_core.plugin_system:Skipping extension 'colcon_notification.desktop_notification.win32': Not used on non-Windows systems
[33.997s] INFO:colcon.colcon_notification.desktop_notification:Sending desktop notification using 'notify2'
[34.014s] DEBUG:colcon.colcon_core.event_reactor:joined thread
[34.015s] INFO:colcon.colcon_core.shell:Creating prefix script '/home/my11/interbotix_ws/install/local_setup.ps1'
[34.016s] INFO:colcon.colcon_core.shell:Creating prefix util module '/home/my11/interbotix_ws/install/_local_setup_util_ps1.py'
[34.017s] INFO:colcon.colcon_core.shell:Creating prefix chain script '/home/my11/interbotix_ws/install/setup.ps1'
[34.019s] INFO:colcon.colcon_core.shell:Creating prefix script '/home/my11/interbotix_ws/install/local_setup.sh'
[34.020s] INFO:colcon.colcon_core.shell:Creating prefix util module '/home/my11/interbotix_ws/install/_local_setup_util_sh.py'
[34.020s] INFO:colcon.colcon_core.shell:Creating prefix chain script '/home/my11/interbotix_ws/install/setup.sh'
[34.022s] INFO:colcon.colcon_core.shell:Creating prefix script '/home/my11/interbotix_ws/install/local_setup.bash'
[34.022s] INFO:colcon.colcon_core.shell:Creating prefix chain script '/home/my11/interbotix_ws/install/setup.bash'
[34.023s] INFO:colcon.colcon_core.shell:Creating prefix script '/home/my11/interbotix_ws/install/local_setup.zsh'
[34.023s] INFO:colcon.colcon_core.shell:Creating prefix chain script '/home/my11/interbotix_ws/install/setup.zsh'
