[0.077s] DEBUG:colcon:Command line arguments: ['/usr/bin/colcon', 'build', '--packages-select', 'interbotix_xsarm_joy']
[0.077s] DEBUG:colcon:Parsed command line arguments: Namespace(log_base=None, log_level=None, verb_name='build', build_base='build', install_base='install', merge_install=False, symlink_install=False, test_result_base=None, continue_on_error=False, executor='parallel', parallel_workers=20, event_handlers=None, ignore_user_meta=False, metas=['./colcon.meta'], base_paths=['.'], packages_ignore=None, packages_ignore_regex=None, paths=None, packages_up_to=None, packages_up_to_regex=None, packages_above=None, packages_above_and_dependencies=None, packages_above_depth=None, packages_select_by_dep=None, packages_skip_by_dep=None, packages_skip_up_to=None, packages_select_build_failed=False, packages_skip_build_finished=False, packages_select_test_failures=False, packages_skip_test_passed=False, packages_select=['interbotix_xsarm_joy'], packages_skip=None, packages_select_regex=None, packages_skip_regex=None, packages_start=None, packages_end=None, allow_overriding=[], cmake_args=None, cmake_target=None, cmake_target_skip_unavailable=False, cmake_clean_cache=False, cmake_clean_first=False, cmake_force_configure=False, ament_cmake_args=None, catkin_cmake_args=None, catkin_skip_building_tests=False, verb_parser=<colcon_defaults.argument_parser.defaults.DefaultArgumentsDecorator object at 0x7d074f15a950>, verb_extension=<colcon_core.verb.build.BuildVerb object at 0x7d074f15a350>, main=<bound method BuildVerb.main of <colcon_core.verb.build.BuildVerb object at 0x7d074f15a350>>)
[0.201s] Level 1:colcon.colcon_core.package_discovery:discover_packages(colcon_meta) check parameters
[0.201s] Level 1:colcon.colcon_core.package_discovery:discover_packages(recursive) check parameters
[0.201s] Level 1:colcon.colcon_core.package_discovery:discover_packages(ignore) check parameters
[0.201s] Level 1:colcon.colcon_core.package_discovery:discover_packages(path) check parameters
[0.201s] Level 1:colcon.colcon_core.package_discovery:discover_packages(colcon_meta) discover
[0.201s] Level 1:colcon.colcon_core.package_discovery:discover_packages(recursive) discover
[0.201s] INFO:colcon.colcon_core.package_discovery:Crawling recursively for packages in '/home/my11/interbotix_ws'
[0.201s] Level 1:colcon.colcon_core.package_identification:_identify(.) by extensions ['ignore', 'ignore_ament_install']
[0.201s] Level 1:colcon.colcon_core.package_identification:_identify(.) by extension 'ignore'
[0.201s] Level 1:colcon.colcon_core.package_identification:_identify(.) by extension 'ignore_ament_install'
[0.201s] Level 1:colcon.colcon_core.package_identification:_identify(.) by extensions ['colcon_pkg']
[0.201s] Level 1:colcon.colcon_core.package_identification:_identify(.) by extension 'colcon_pkg'
[0.201s] Level 1:colcon.colcon_core.package_identification:_identify(.) by extensions ['colcon_meta']
[0.201s] Level 1:colcon.colcon_core.package_identification:_identify(.) by extension 'colcon_meta'
[0.201s] Level 1:colcon.colcon_core.package_identification:_identify(.) by extensions ['ros']
[0.201s] Level 1:colcon.colcon_core.package_identification:_identify(.) by extension 'ros'
[0.207s] Level 1:colcon.colcon_core.package_identification:_identify(.) by extensions ['cmake', 'python']
[0.207s] Level 1:colcon.colcon_core.package_identification:_identify(.) by extension 'cmake'
[0.207s] Level 1:colcon.colcon_core.package_identification:_identify(.) by extension 'python'
[0.207s] Level 1:colcon.colcon_core.package_identification:_identify(.) by extensions ['python_setup_py']
[0.207s] Level 1:colcon.colcon_core.package_identification:_identify(.) by extension 'python_setup_py'
[0.207s] Level 1:colcon.colcon_core.package_identification:_identify(build) by extensions ['ignore', 'ignore_ament_install']
[0.207s] Level 1:colcon.colcon_core.package_identification:_identify(build) by extension 'ignore'
[0.207s] Level 1:colcon.colcon_core.package_identification:_identify(build) ignored
[0.208s] Level 1:colcon.colcon_core.package_identification:_identify(install) by extensions ['ignore', 'ignore_ament_install']
[0.208s] Level 1:colcon.colcon_core.package_identification:_identify(install) by extension 'ignore'
[0.208s] Level 1:colcon.colcon_core.package_identification:_identify(install) ignored
[0.208s] Level 1:colcon.colcon_core.package_identification:_identify(log) by extensions ['ignore', 'ignore_ament_install']
[0.208s] Level 1:colcon.colcon_core.package_identification:_identify(log) by extension 'ignore'
[0.208s] Level 1:colcon.colcon_core.package_identification:_identify(log) ignored
[0.208s] Level 1:colcon.colcon_core.package_identification:_identify(src) by extensions ['ignore', 'ignore_ament_install']
[0.208s] Level 1:colcon.colcon_core.package_identification:_identify(src) by extension 'ignore'
[0.208s] Level 1:colcon.colcon_core.package_identification:_identify(src) by extension 'ignore_ament_install'
[0.208s] Level 1:colcon.colcon_core.package_identification:_identify(src) by extensions ['colcon_pkg']
[0.208s] Level 1:colcon.colcon_core.package_identification:_identify(src) by extension 'colcon_pkg'
[0.208s] Level 1:colcon.colcon_core.package_identification:_identify(src) by extensions ['colcon_meta']
[0.208s] Level 1:colcon.colcon_core.package_identification:_identify(src) by extension 'colcon_meta'
[0.208s] Level 1:colcon.colcon_core.package_identification:_identify(src) by extensions ['ros']
[0.208s] Level 1:colcon.colcon_core.package_identification:_identify(src) by extension 'ros'
[0.208s] Level 1:colcon.colcon_core.package_identification:_identify(src) by extensions ['cmake', 'python']
[0.208s] Level 1:colcon.colcon_core.package_identification:_identify(src) by extension 'cmake'
[0.208s] Level 1:colcon.colcon_core.package_identification:_identify(src) by extension 'python'
[0.208s] Level 1:colcon.colcon_core.package_identification:_identify(src) by extensions ['python_setup_py']
[0.208s] Level 1:colcon.colcon_core.package_identification:_identify(src) by extension 'python_setup_py'
[0.208s] Level 1:colcon.colcon_core.package_identification:_identify(src/interbotix_ros_core) by extensions ['ignore', 'ignore_ament_install']
[0.208s] Level 1:colcon.colcon_core.package_identification:_identify(src/interbotix_ros_core) by extension 'ignore'
[0.208s] Level 1:colcon.colcon_core.package_identification:_identify(src/interbotix_ros_core) by extension 'ignore_ament_install'
[0.208s] Level 1:colcon.colcon_core.package_identification:_identify(src/interbotix_ros_core) by extensions ['colcon_pkg']
[0.208s] Level 1:colcon.colcon_core.package_identification:_identify(src/interbotix_ros_core) by extension 'colcon_pkg'
[0.208s] Level 1:colcon.colcon_core.package_identification:_identify(src/interbotix_ros_core) by extensions ['colcon_meta']
[0.208s] Level 1:colcon.colcon_core.package_identification:_identify(src/interbotix_ros_core) by extension 'colcon_meta'
[0.208s] Level 1:colcon.colcon_core.package_identification:_identify(src/interbotix_ros_core) by extensions ['ros']
[0.208s] Level 1:colcon.colcon_core.package_identification:_identify(src/interbotix_ros_core) by extension 'ros'
[0.208s] Level 1:colcon.colcon_core.package_identification:_identify(src/interbotix_ros_core) by extensions ['cmake', 'python']
[0.208s] Level 1:colcon.colcon_core.package_identification:_identify(src/interbotix_ros_core) by extension 'cmake'
[0.208s] Level 1:colcon.colcon_core.package_identification:_identify(src/interbotix_ros_core) by extension 'python'
[0.208s] Level 1:colcon.colcon_core.package_identification:_identify(src/interbotix_ros_core) by extensions ['python_setup_py']
[0.208s] Level 1:colcon.colcon_core.package_identification:_identify(src/interbotix_ros_core) by extension 'python_setup_py'
[0.208s] Level 1:colcon.colcon_core.package_identification:_identify(src/interbotix_ros_core/images) by extensions ['ignore', 'ignore_ament_install']
[0.208s] Level 1:colcon.colcon_core.package_identification:_identify(src/interbotix_ros_core/images) by extension 'ignore'
[0.208s] Level 1:colcon.colcon_core.package_identification:_identify(src/interbotix_ros_core/images) by extension 'ignore_ament_install'
[0.208s] Level 1:colcon.colcon_core.package_identification:_identify(src/interbotix_ros_core/images) by extensions ['colcon_pkg']
[0.208s] Level 1:colcon.colcon_core.package_identification:_identify(src/interbotix_ros_core/images) by extension 'colcon_pkg'
[0.208s] Level 1:colcon.colcon_core.package_identification:_identify(src/interbotix_ros_core/images) by extensions ['colcon_meta']
[0.208s] Level 1:colcon.colcon_core.package_identification:_identify(src/interbotix_ros_core/images) by extension 'colcon_meta'
[0.208s] Level 1:colcon.colcon_core.package_identification:_identify(src/interbotix_ros_core/images) by extensions ['ros']
[0.208s] Level 1:colcon.colcon_core.package_identification:_identify(src/interbotix_ros_core/images) by extension 'ros'
[0.208s] Level 1:colcon.colcon_core.package_identification:_identify(src/interbotix_ros_core/images) by extensions ['cmake', 'python']
[0.208s] Level 1:colcon.colcon_core.package_identification:_identify(src/interbotix_ros_core/images) by extension 'cmake'
[0.208s] Level 1:colcon.colcon_core.package_identification:_identify(src/interbotix_ros_core/images) by extension 'python'
[0.208s] Level 1:colcon.colcon_core.package_identification:_identify(src/interbotix_ros_core/images) by extensions ['python_setup_py']
[0.208s] Level 1:colcon.colcon_core.package_identification:_identify(src/interbotix_ros_core/images) by extension 'python_setup_py'
[0.208s] Level 1:colcon.colcon_core.package_identification:_identify(src/interbotix_ros_core/interbotix_ros_common_drivers) by extensions ['ignore', 'ignore_ament_install']
[0.208s] Level 1:colcon.colcon_core.package_identification:_identify(src/interbotix_ros_core/interbotix_ros_common_drivers) by extension 'ignore'
[0.209s] Level 1:colcon.colcon_core.package_identification:_identify(src/interbotix_ros_core/interbotix_ros_common_drivers) ignored
[0.209s] Level 1:colcon.colcon_core.package_identification:_identify(src/interbotix_ros_core/interbotix_ros_slate) by extensions ['ignore', 'ignore_ament_install']
[0.209s] Level 1:colcon.colcon_core.package_identification:_identify(src/interbotix_ros_core/interbotix_ros_slate) by extension 'ignore'
[0.209s] Level 1:colcon.colcon_core.package_identification:_identify(src/interbotix_ros_core/interbotix_ros_slate) ignored
[0.209s] Level 1:colcon.colcon_core.package_identification:_identify(src/interbotix_ros_core/interbotix_ros_xseries) by extensions ['ignore', 'ignore_ament_install']
[0.209s] Level 1:colcon.colcon_core.package_identification:_identify(src/interbotix_ros_core/interbotix_ros_xseries) by extension 'ignore'
[0.209s] Level 1:colcon.colcon_core.package_identification:_identify(src/interbotix_ros_core/interbotix_ros_xseries) by extension 'ignore_ament_install'
[0.209s] Level 1:colcon.colcon_core.package_identification:_identify(src/interbotix_ros_core/interbotix_ros_xseries) by extensions ['colcon_pkg']
[0.209s] Level 1:colcon.colcon_core.package_identification:_identify(src/interbotix_ros_core/interbotix_ros_xseries) by extension 'colcon_pkg'
[0.209s] Level 1:colcon.colcon_core.package_identification:_identify(src/interbotix_ros_core/interbotix_ros_xseries) by extensions ['colcon_meta']
[0.209s] Level 1:colcon.colcon_core.package_identification:_identify(src/interbotix_ros_core/interbotix_ros_xseries) by extension 'colcon_meta'
[0.209s] Level 1:colcon.colcon_core.package_identification:_identify(src/interbotix_ros_core/interbotix_ros_xseries) by extensions ['ros']
[0.209s] Level 1:colcon.colcon_core.package_identification:_identify(src/interbotix_ros_core/interbotix_ros_xseries) by extension 'ros'
[0.209s] Level 1:colcon.colcon_core.package_identification:_identify(src/interbotix_ros_core/interbotix_ros_xseries) by extensions ['cmake', 'python']
[0.209s] Level 1:colcon.colcon_core.package_identification:_identify(src/interbotix_ros_core/interbotix_ros_xseries) by extension 'cmake'
[0.209s] Level 1:colcon.colcon_core.package_identification:_identify(src/interbotix_ros_core/interbotix_ros_xseries) by extension 'python'
[0.209s] Level 1:colcon.colcon_core.package_identification:_identify(src/interbotix_ros_core/interbotix_ros_xseries) by extensions ['python_setup_py']
[0.209s] Level 1:colcon.colcon_core.package_identification:_identify(src/interbotix_ros_core/interbotix_ros_xseries) by extension 'python_setup_py'
[0.209s] Level 1:colcon.colcon_core.package_identification:_identify(src/interbotix_ros_core/interbotix_ros_xseries/dynamixel_workbench_toolbox) by extensions ['ignore', 'ignore_ament_install']
[0.209s] Level 1:colcon.colcon_core.package_identification:_identify(src/interbotix_ros_core/interbotix_ros_xseries/dynamixel_workbench_toolbox) by extension 'ignore'
[0.209s] Level 1:colcon.colcon_core.package_identification:_identify(src/interbotix_ros_core/interbotix_ros_xseries/dynamixel_workbench_toolbox) by extension 'ignore_ament_install'
[0.209s] Level 1:colcon.colcon_core.package_identification:_identify(src/interbotix_ros_core/interbotix_ros_xseries/dynamixel_workbench_toolbox) by extensions ['colcon_pkg']
[0.209s] Level 1:colcon.colcon_core.package_identification:_identify(src/interbotix_ros_core/interbotix_ros_xseries/dynamixel_workbench_toolbox) by extension 'colcon_pkg'
[0.209s] Level 1:colcon.colcon_core.package_identification:_identify(src/interbotix_ros_core/interbotix_ros_xseries/dynamixel_workbench_toolbox) by extensions ['colcon_meta']
[0.209s] Level 1:colcon.colcon_core.package_identification:_identify(src/interbotix_ros_core/interbotix_ros_xseries/dynamixel_workbench_toolbox) by extension 'colcon_meta'
[0.209s] Level 1:colcon.colcon_core.package_identification:_identify(src/interbotix_ros_core/interbotix_ros_xseries/dynamixel_workbench_toolbox) by extensions ['ros']
[0.209s] Level 1:colcon.colcon_core.package_identification:_identify(src/interbotix_ros_core/interbotix_ros_xseries/dynamixel_workbench_toolbox) by extension 'ros'
[0.215s] DEBUG:colcon.colcon_core.package_identification:Package 'src/interbotix_ros_core/interbotix_ros_xseries/dynamixel_workbench_toolbox' with type 'ros.ament_cmake' and name 'dynamixel_workbench_toolbox'
[0.215s] Level 1:colcon.colcon_core.package_identification:_identify(src/interbotix_ros_core/interbotix_ros_xseries/interbotix_ros_xseries) by extensions ['ignore', 'ignore_ament_install']
[0.215s] Level 1:colcon.colcon_core.package_identification:_identify(src/interbotix_ros_core/interbotix_ros_xseries/interbotix_ros_xseries) by extension 'ignore'
[0.215s] Level 1:colcon.colcon_core.package_identification:_identify(src/interbotix_ros_core/interbotix_ros_xseries/interbotix_ros_xseries) by extension 'ignore_ament_install'
[0.215s] Level 1:colcon.colcon_core.package_identification:_identify(src/interbotix_ros_core/interbotix_ros_xseries/interbotix_ros_xseries) by extensions ['colcon_pkg']
[0.215s] Level 1:colcon.colcon_core.package_identification:_identify(src/interbotix_ros_core/interbotix_ros_xseries/interbotix_ros_xseries) by extension 'colcon_pkg'
[0.215s] Level 1:colcon.colcon_core.package_identification:_identify(src/interbotix_ros_core/interbotix_ros_xseries/interbotix_ros_xseries) by extensions ['colcon_meta']
[0.215s] Level 1:colcon.colcon_core.package_identification:_identify(src/interbotix_ros_core/interbotix_ros_xseries/interbotix_ros_xseries) by extension 'colcon_meta'
[0.215s] Level 1:colcon.colcon_core.package_identification:_identify(src/interbotix_ros_core/interbotix_ros_xseries/interbotix_ros_xseries) by extensions ['ros']
[0.215s] Level 1:colcon.colcon_core.package_identification:_identify(src/interbotix_ros_core/interbotix_ros_xseries/interbotix_ros_xseries) by extension 'ros'
[0.216s] DEBUG:colcon.colcon_core.package_identification:Package 'src/interbotix_ros_core/interbotix_ros_xseries/interbotix_ros_xseries' with type 'ros.ament_cmake' and name 'interbotix_ros_xseries'
[0.216s] Level 1:colcon.colcon_core.package_identification:_identify(src/interbotix_ros_core/interbotix_ros_xseries/interbotix_xs_driver) by extensions ['ignore', 'ignore_ament_install']
[0.216s] Level 1:colcon.colcon_core.package_identification:_identify(src/interbotix_ros_core/interbotix_ros_xseries/interbotix_xs_driver) by extension 'ignore'
[0.216s] Level 1:colcon.colcon_core.package_identification:_identify(src/interbotix_ros_core/interbotix_ros_xseries/interbotix_xs_driver) by extension 'ignore_ament_install'
[0.216s] Level 1:colcon.colcon_core.package_identification:_identify(src/interbotix_ros_core/interbotix_ros_xseries/interbotix_xs_driver) by extensions ['colcon_pkg']
[0.216s] Level 1:colcon.colcon_core.package_identification:_identify(src/interbotix_ros_core/interbotix_ros_xseries/interbotix_xs_driver) by extension 'colcon_pkg'
[0.216s] Level 1:colcon.colcon_core.package_identification:_identify(src/interbotix_ros_core/interbotix_ros_xseries/interbotix_xs_driver) by extensions ['colcon_meta']
[0.216s] Level 1:colcon.colcon_core.package_identification:_identify(src/interbotix_ros_core/interbotix_ros_xseries/interbotix_xs_driver) by extension 'colcon_meta'
[0.216s] Level 1:colcon.colcon_core.package_identification:_identify(src/interbotix_ros_core/interbotix_ros_xseries/interbotix_xs_driver) by extensions ['ros']
[0.216s] Level 1:colcon.colcon_core.package_identification:_identify(src/interbotix_ros_core/interbotix_ros_xseries/interbotix_xs_driver) by extension 'ros'
[0.216s] DEBUG:colcon.colcon_core.package_identification:Package 'src/interbotix_ros_core/interbotix_ros_xseries/interbotix_xs_driver' with type 'ros.ament_cmake' and name 'interbotix_xs_driver'
[0.216s] Level 1:colcon.colcon_core.package_identification:_identify(src/interbotix_ros_core/interbotix_ros_xseries/interbotix_xs_msgs) by extensions ['ignore', 'ignore_ament_install']
[0.216s] Level 1:colcon.colcon_core.package_identification:_identify(src/interbotix_ros_core/interbotix_ros_xseries/interbotix_xs_msgs) by extension 'ignore'
[0.216s] Level 1:colcon.colcon_core.package_identification:_identify(src/interbotix_ros_core/interbotix_ros_xseries/interbotix_xs_msgs) by extension 'ignore_ament_install'
[0.216s] Level 1:colcon.colcon_core.package_identification:_identify(src/interbotix_ros_core/interbotix_ros_xseries/interbotix_xs_msgs) by extensions ['colcon_pkg']
[0.216s] Level 1:colcon.colcon_core.package_identification:_identify(src/interbotix_ros_core/interbotix_ros_xseries/interbotix_xs_msgs) by extension 'colcon_pkg'
[0.216s] Level 1:colcon.colcon_core.package_identification:_identify(src/interbotix_ros_core/interbotix_ros_xseries/interbotix_xs_msgs) by extensions ['colcon_meta']
[0.216s] Level 1:colcon.colcon_core.package_identification:_identify(src/interbotix_ros_core/interbotix_ros_xseries/interbotix_xs_msgs) by extension 'colcon_meta'
[0.216s] Level 1:colcon.colcon_core.package_identification:_identify(src/interbotix_ros_core/interbotix_ros_xseries/interbotix_xs_msgs) by extensions ['ros']
[0.216s] Level 1:colcon.colcon_core.package_identification:_identify(src/interbotix_ros_core/interbotix_ros_xseries/interbotix_xs_msgs) by extension 'ros'
[0.217s] DEBUG:colcon.colcon_core.package_identification:Package 'src/interbotix_ros_core/interbotix_ros_xseries/interbotix_xs_msgs' with type 'ros.ament_cmake' and name 'interbotix_xs_msgs'
[0.217s] Level 1:colcon.colcon_core.package_identification:_identify(src/interbotix_ros_core/interbotix_ros_xseries/interbotix_xs_sdk) by extensions ['ignore', 'ignore_ament_install']
[0.217s] Level 1:colcon.colcon_core.package_identification:_identify(src/interbotix_ros_core/interbotix_ros_xseries/interbotix_xs_sdk) by extension 'ignore'
[0.217s] Level 1:colcon.colcon_core.package_identification:_identify(src/interbotix_ros_core/interbotix_ros_xseries/interbotix_xs_sdk) by extension 'ignore_ament_install'
[0.217s] Level 1:colcon.colcon_core.package_identification:_identify(src/interbotix_ros_core/interbotix_ros_xseries/interbotix_xs_sdk) by extensions ['colcon_pkg']
[0.217s] Level 1:colcon.colcon_core.package_identification:_identify(src/interbotix_ros_core/interbotix_ros_xseries/interbotix_xs_sdk) by extension 'colcon_pkg'
[0.217s] Level 1:colcon.colcon_core.package_identification:_identify(src/interbotix_ros_core/interbotix_ros_xseries/interbotix_xs_sdk) by extensions ['colcon_meta']
[0.217s] Level 1:colcon.colcon_core.package_identification:_identify(src/interbotix_ros_core/interbotix_ros_xseries/interbotix_xs_sdk) by extension 'colcon_meta'
[0.217s] Level 1:colcon.colcon_core.package_identification:_identify(src/interbotix_ros_core/interbotix_ros_xseries/interbotix_xs_sdk) by extensions ['ros']
[0.217s] Level 1:colcon.colcon_core.package_identification:_identify(src/interbotix_ros_core/interbotix_ros_xseries/interbotix_xs_sdk) by extension 'ros'
[0.217s] DEBUG:colcon.colcon_core.package_identification:Package 'src/interbotix_ros_core/interbotix_ros_xseries/interbotix_xs_sdk' with type 'ros.ament_cmake' and name 'interbotix_xs_sdk'
[0.217s] Level 1:colcon.colcon_core.package_identification:_identify(src/interbotix_ros_manipulators) by extensions ['ignore', 'ignore_ament_install']
[0.218s] Level 1:colcon.colcon_core.package_identification:_identify(src/interbotix_ros_manipulators) by extension 'ignore'
[0.218s] Level 1:colcon.colcon_core.package_identification:_identify(src/interbotix_ros_manipulators) by extension 'ignore_ament_install'
[0.218s] Level 1:colcon.colcon_core.package_identification:_identify(src/interbotix_ros_manipulators) by extensions ['colcon_pkg']
[0.218s] Level 1:colcon.colcon_core.package_identification:_identify(src/interbotix_ros_manipulators) by extension 'colcon_pkg'
[0.218s] Level 1:colcon.colcon_core.package_identification:_identify(src/interbotix_ros_manipulators) by extensions ['colcon_meta']
[0.218s] Level 1:colcon.colcon_core.package_identification:_identify(src/interbotix_ros_manipulators) by extension 'colcon_meta'
[0.218s] Level 1:colcon.colcon_core.package_identification:_identify(src/interbotix_ros_manipulators) by extensions ['ros']
[0.218s] Level 1:colcon.colcon_core.package_identification:_identify(src/interbotix_ros_manipulators) by extension 'ros'
[0.218s] Level 1:colcon.colcon_core.package_identification:_identify(src/interbotix_ros_manipulators) by extensions ['cmake', 'python']
[0.218s] Level 1:colcon.colcon_core.package_identification:_identify(src/interbotix_ros_manipulators) by extension 'cmake'
[0.218s] Level 1:colcon.colcon_core.package_identification:_identify(src/interbotix_ros_manipulators) by extension 'python'
[0.218s] Level 1:colcon.colcon_core.package_identification:_identify(src/interbotix_ros_manipulators) by extensions ['python_setup_py']
[0.218s] Level 1:colcon.colcon_core.package_identification:_identify(src/interbotix_ros_manipulators) by extension 'python_setup_py'
[0.218s] Level 1:colcon.colcon_core.package_identification:_identify(src/interbotix_ros_manipulators/images) by extensions ['ignore', 'ignore_ament_install']
[0.218s] Level 1:colcon.colcon_core.package_identification:_identify(src/interbotix_ros_manipulators/images) by extension 'ignore'
[0.218s] Level 1:colcon.colcon_core.package_identification:_identify(src/interbotix_ros_manipulators/images) by extension 'ignore_ament_install'
[0.218s] Level 1:colcon.colcon_core.package_identification:_identify(src/interbotix_ros_manipulators/images) by extensions ['colcon_pkg']
[0.218s] Level 1:colcon.colcon_core.package_identification:_identify(src/interbotix_ros_manipulators/images) by extension 'colcon_pkg'
[0.218s] Level 1:colcon.colcon_core.package_identification:_identify(src/interbotix_ros_manipulators/images) by extensions ['colcon_meta']
[0.218s] Level 1:colcon.colcon_core.package_identification:_identify(src/interbotix_ros_manipulators/images) by extension 'colcon_meta'
[0.218s] Level 1:colcon.colcon_core.package_identification:_identify(src/interbotix_ros_manipulators/images) by extensions ['ros']
[0.218s] Level 1:colcon.colcon_core.package_identification:_identify(src/interbotix_ros_manipulators/images) by extension 'ros'
[0.218s] Level 1:colcon.colcon_core.package_identification:_identify(src/interbotix_ros_manipulators/images) by extensions ['cmake', 'python']
[0.218s] Level 1:colcon.colcon_core.package_identification:_identify(src/interbotix_ros_manipulators/images) by extension 'cmake'
[0.218s] Level 1:colcon.colcon_core.package_identification:_identify(src/interbotix_ros_manipulators/images) by extension 'python'
[0.218s] Level 1:colcon.colcon_core.package_identification:_identify(src/interbotix_ros_manipulators/images) by extensions ['python_setup_py']
[0.218s] Level 1:colcon.colcon_core.package_identification:_identify(src/interbotix_ros_manipulators/images) by extension 'python_setup_py'
[0.218s] Level 1:colcon.colcon_core.package_identification:_identify(src/interbotix_ros_manipulators/interbotix_ros_xsarms) by extensions ['ignore', 'ignore_ament_install']
[0.218s] Level 1:colcon.colcon_core.package_identification:_identify(src/interbotix_ros_manipulators/interbotix_ros_xsarms) by extension 'ignore'
[0.218s] Level 1:colcon.colcon_core.package_identification:_identify(src/interbotix_ros_manipulators/interbotix_ros_xsarms) by extension 'ignore_ament_install'
[0.218s] Level 1:colcon.colcon_core.package_identification:_identify(src/interbotix_ros_manipulators/interbotix_ros_xsarms) by extensions ['colcon_pkg']
[0.218s] Level 1:colcon.colcon_core.package_identification:_identify(src/interbotix_ros_manipulators/interbotix_ros_xsarms) by extension 'colcon_pkg'
[0.218s] Level 1:colcon.colcon_core.package_identification:_identify(src/interbotix_ros_manipulators/interbotix_ros_xsarms) by extensions ['colcon_meta']
[0.218s] Level 1:colcon.colcon_core.package_identification:_identify(src/interbotix_ros_manipulators/interbotix_ros_xsarms) by extension 'colcon_meta'
[0.218s] Level 1:colcon.colcon_core.package_identification:_identify(src/interbotix_ros_manipulators/interbotix_ros_xsarms) by extensions ['ros']
[0.218s] Level 1:colcon.colcon_core.package_identification:_identify(src/interbotix_ros_manipulators/interbotix_ros_xsarms) by extension 'ros'
[0.218s] Level 1:colcon.colcon_core.package_identification:_identify(src/interbotix_ros_manipulators/interbotix_ros_xsarms) by extensions ['cmake', 'python']
[0.218s] Level 1:colcon.colcon_core.package_identification:_identify(src/interbotix_ros_manipulators/interbotix_ros_xsarms) by extension 'cmake'
[0.218s] Level 1:colcon.colcon_core.package_identification:_identify(src/interbotix_ros_manipulators/interbotix_ros_xsarms) by extension 'python'
[0.218s] Level 1:colcon.colcon_core.package_identification:_identify(src/interbotix_ros_manipulators/interbotix_ros_xsarms) by extensions ['python_setup_py']
[0.218s] Level 1:colcon.colcon_core.package_identification:_identify(src/interbotix_ros_manipulators/interbotix_ros_xsarms) by extension 'python_setup_py'
[0.218s] Level 1:colcon.colcon_core.package_identification:_identify(src/interbotix_ros_manipulators/interbotix_ros_xsarms/examples) by extensions ['ignore', 'ignore_ament_install']
[0.218s] Level 1:colcon.colcon_core.package_identification:_identify(src/interbotix_ros_manipulators/interbotix_ros_xsarms/examples) by extension 'ignore'
[0.218s] Level 1:colcon.colcon_core.package_identification:_identify(src/interbotix_ros_manipulators/interbotix_ros_xsarms/examples) by extension 'ignore_ament_install'
[0.218s] Level 1:colcon.colcon_core.package_identification:_identify(src/interbotix_ros_manipulators/interbotix_ros_xsarms/examples) by extensions ['colcon_pkg']
[0.218s] Level 1:colcon.colcon_core.package_identification:_identify(src/interbotix_ros_manipulators/interbotix_ros_xsarms/examples) by extension 'colcon_pkg'
[0.218s] Level 1:colcon.colcon_core.package_identification:_identify(src/interbotix_ros_manipulators/interbotix_ros_xsarms/examples) by extensions ['colcon_meta']
[0.218s] Level 1:colcon.colcon_core.package_identification:_identify(src/interbotix_ros_manipulators/interbotix_ros_xsarms/examples) by extension 'colcon_meta'
[0.218s] Level 1:colcon.colcon_core.package_identification:_identify(src/interbotix_ros_manipulators/interbotix_ros_xsarms/examples) by extensions ['ros']
[0.218s] Level 1:colcon.colcon_core.package_identification:_identify(src/interbotix_ros_manipulators/interbotix_ros_xsarms/examples) by extension 'ros'
[0.218s] Level 1:colcon.colcon_core.package_identification:_identify(src/interbotix_ros_manipulators/interbotix_ros_xsarms/examples) by extensions ['cmake', 'python']
[0.219s] Level 1:colcon.colcon_core.package_identification:_identify(src/interbotix_ros_manipulators/interbotix_ros_xsarms/examples) by extension 'cmake'
[0.219s] Level 1:colcon.colcon_core.package_identification:_identify(src/interbotix_ros_manipulators/interbotix_ros_xsarms/examples) by extension 'python'
[0.219s] Level 1:colcon.colcon_core.package_identification:_identify(src/interbotix_ros_manipulators/interbotix_ros_xsarms/examples) by extensions ['python_setup_py']
[0.219s] Level 1:colcon.colcon_core.package_identification:_identify(src/interbotix_ros_manipulators/interbotix_ros_xsarms/examples) by extension 'python_setup_py'
[0.219s] Level 1:colcon.colcon_core.package_identification:_identify(src/interbotix_ros_manipulators/interbotix_ros_xsarms/examples/interbotix_ros_xsarms_examples) by extensions ['ignore', 'ignore_ament_install']
[0.219s] Level 1:colcon.colcon_core.package_identification:_identify(src/interbotix_ros_manipulators/interbotix_ros_xsarms/examples/interbotix_ros_xsarms_examples) by extension 'ignore'
[0.219s] Level 1:colcon.colcon_core.package_identification:_identify(src/interbotix_ros_manipulators/interbotix_ros_xsarms/examples/interbotix_ros_xsarms_examples) by extension 'ignore_ament_install'
[0.219s] Level 1:colcon.colcon_core.package_identification:_identify(src/interbotix_ros_manipulators/interbotix_ros_xsarms/examples/interbotix_ros_xsarms_examples) by extensions ['colcon_pkg']
[0.219s] Level 1:colcon.colcon_core.package_identification:_identify(src/interbotix_ros_manipulators/interbotix_ros_xsarms/examples/interbotix_ros_xsarms_examples) by extension 'colcon_pkg'
[0.219s] Level 1:colcon.colcon_core.package_identification:_identify(src/interbotix_ros_manipulators/interbotix_ros_xsarms/examples/interbotix_ros_xsarms_examples) by extensions ['colcon_meta']
[0.219s] Level 1:colcon.colcon_core.package_identification:_identify(src/interbotix_ros_manipulators/interbotix_ros_xsarms/examples/interbotix_ros_xsarms_examples) by extension 'colcon_meta'
[0.219s] Level 1:colcon.colcon_core.package_identification:_identify(src/interbotix_ros_manipulators/interbotix_ros_xsarms/examples/interbotix_ros_xsarms_examples) by extensions ['ros']
[0.219s] Level 1:colcon.colcon_core.package_identification:_identify(src/interbotix_ros_manipulators/interbotix_ros_xsarms/examples/interbotix_ros_xsarms_examples) by extension 'ros'
[0.219s] DEBUG:colcon.colcon_core.package_identification:Package 'src/interbotix_ros_manipulators/interbotix_ros_xsarms/examples/interbotix_ros_xsarms_examples' with type 'ros.ament_cmake' and name 'interbotix_ros_xsarms_examples'
[0.219s] Level 1:colcon.colcon_core.package_identification:_identify(src/interbotix_ros_manipulators/interbotix_ros_xsarms/examples/interbotix_xsarm_diagnostic_tool) by extensions ['ignore', 'ignore_ament_install']
[0.219s] Level 1:colcon.colcon_core.package_identification:_identify(src/interbotix_ros_manipulators/interbotix_ros_xsarms/examples/interbotix_xsarm_diagnostic_tool) by extension 'ignore'
[0.219s] Level 1:colcon.colcon_core.package_identification:_identify(src/interbotix_ros_manipulators/interbotix_ros_xsarms/examples/interbotix_xsarm_diagnostic_tool) ignored
[0.219s] Level 1:colcon.colcon_core.package_identification:_identify(src/interbotix_ros_manipulators/interbotix_ros_xsarms/examples/interbotix_xsarm_dual) by extensions ['ignore', 'ignore_ament_install']
[0.219s] Level 1:colcon.colcon_core.package_identification:_identify(src/interbotix_ros_manipulators/interbotix_ros_xsarms/examples/interbotix_xsarm_dual) by extension 'ignore'
[0.219s] Level 1:colcon.colcon_core.package_identification:_identify(src/interbotix_ros_manipulators/interbotix_ros_xsarms/examples/interbotix_xsarm_dual) by extension 'ignore_ament_install'
[0.219s] Level 1:colcon.colcon_core.package_identification:_identify(src/interbotix_ros_manipulators/interbotix_ros_xsarms/examples/interbotix_xsarm_dual) by extensions ['colcon_pkg']
[0.219s] Level 1:colcon.colcon_core.package_identification:_identify(src/interbotix_ros_manipulators/interbotix_ros_xsarms/examples/interbotix_xsarm_dual) by extension 'colcon_pkg'
[0.219s] Level 1:colcon.colcon_core.package_identification:_identify(src/interbotix_ros_manipulators/interbotix_ros_xsarms/examples/interbotix_xsarm_dual) by extensions ['colcon_meta']
[0.219s] Level 1:colcon.colcon_core.package_identification:_identify(src/interbotix_ros_manipulators/interbotix_ros_xsarms/examples/interbotix_xsarm_dual) by extension 'colcon_meta'
[0.219s] Level 1:colcon.colcon_core.package_identification:_identify(src/interbotix_ros_manipulators/interbotix_ros_xsarms/examples/interbotix_xsarm_dual) by extensions ['ros']
[0.219s] Level 1:colcon.colcon_core.package_identification:_identify(src/interbotix_ros_manipulators/interbotix_ros_xsarms/examples/interbotix_xsarm_dual) by extension 'ros'
[0.220s] DEBUG:colcon.colcon_core.package_identification:Package 'src/interbotix_ros_manipulators/interbotix_ros_xsarms/examples/interbotix_xsarm_dual' with type 'ros.ament_cmake' and name 'interbotix_xsarm_dual'
[0.220s] Level 1:colcon.colcon_core.package_identification:_identify(src/interbotix_ros_manipulators/interbotix_ros_xsarms/examples/interbotix_xsarm_dual_joy) by extensions ['ignore', 'ignore_ament_install']
[0.220s] Level 1:colcon.colcon_core.package_identification:_identify(src/interbotix_ros_manipulators/interbotix_ros_xsarms/examples/interbotix_xsarm_dual_joy) by extension 'ignore'
[0.220s] Level 1:colcon.colcon_core.package_identification:_identify(src/interbotix_ros_manipulators/interbotix_ros_xsarms/examples/interbotix_xsarm_dual_joy) ignored
[0.220s] Level 1:colcon.colcon_core.package_identification:_identify(src/interbotix_ros_manipulators/interbotix_ros_xsarms/examples/interbotix_xsarm_gravity_compensation) by extensions ['ignore', 'ignore_ament_install']
[0.220s] Level 1:colcon.colcon_core.package_identification:_identify(src/interbotix_ros_manipulators/interbotix_ros_xsarms/examples/interbotix_xsarm_gravity_compensation) by extension 'ignore'
[0.220s] Level 1:colcon.colcon_core.package_identification:_identify(src/interbotix_ros_manipulators/interbotix_ros_xsarms/examples/interbotix_xsarm_gravity_compensation) by extension 'ignore_ament_install'
[0.220s] Level 1:colcon.colcon_core.package_identification:_identify(src/interbotix_ros_manipulators/interbotix_ros_xsarms/examples/interbotix_xsarm_gravity_compensation) by extensions ['colcon_pkg']
[0.220s] Level 1:colcon.colcon_core.package_identification:_identify(src/interbotix_ros_manipulators/interbotix_ros_xsarms/examples/interbotix_xsarm_gravity_compensation) by extension 'colcon_pkg'
[0.220s] Level 1:colcon.colcon_core.package_identification:_identify(src/interbotix_ros_manipulators/interbotix_ros_xsarms/examples/interbotix_xsarm_gravity_compensation) by extensions ['colcon_meta']
[0.220s] Level 1:colcon.colcon_core.package_identification:_identify(src/interbotix_ros_manipulators/interbotix_ros_xsarms/examples/interbotix_xsarm_gravity_compensation) by extension 'colcon_meta'
[0.220s] Level 1:colcon.colcon_core.package_identification:_identify(src/interbotix_ros_manipulators/interbotix_ros_xsarms/examples/interbotix_xsarm_gravity_compensation) by extensions ['ros']
[0.220s] Level 1:colcon.colcon_core.package_identification:_identify(src/interbotix_ros_manipulators/interbotix_ros_xsarms/examples/interbotix_xsarm_gravity_compensation) by extension 'ros'
[0.220s] DEBUG:colcon.colcon_core.package_identification:Package 'src/interbotix_ros_manipulators/interbotix_ros_xsarms/examples/interbotix_xsarm_gravity_compensation' with type 'ros.ament_cmake' and name 'interbotix_xsarm_gravity_compensation'
[0.220s] Level 1:colcon.colcon_core.package_identification:_identify(src/interbotix_ros_manipulators/interbotix_ros_xsarms/examples/interbotix_xsarm_joy) by extensions ['ignore', 'ignore_ament_install']
[0.220s] Level 1:colcon.colcon_core.package_identification:_identify(src/interbotix_ros_manipulators/interbotix_ros_xsarms/examples/interbotix_xsarm_joy) by extension 'ignore'
[0.221s] Level 1:colcon.colcon_core.package_identification:_identify(src/interbotix_ros_manipulators/interbotix_ros_xsarms/examples/interbotix_xsarm_joy) by extension 'ignore_ament_install'
[0.221s] Level 1:colcon.colcon_core.package_identification:_identify(src/interbotix_ros_manipulators/interbotix_ros_xsarms/examples/interbotix_xsarm_joy) by extensions ['colcon_pkg']
[0.221s] Level 1:colcon.colcon_core.package_identification:_identify(src/interbotix_ros_manipulators/interbotix_ros_xsarms/examples/interbotix_xsarm_joy) by extension 'colcon_pkg'
[0.221s] Level 1:colcon.colcon_core.package_identification:_identify(src/interbotix_ros_manipulators/interbotix_ros_xsarms/examples/interbotix_xsarm_joy) by extensions ['colcon_meta']
[0.221s] Level 1:colcon.colcon_core.package_identification:_identify(src/interbotix_ros_manipulators/interbotix_ros_xsarms/examples/interbotix_xsarm_joy) by extension 'colcon_meta'
[0.221s] Level 1:colcon.colcon_core.package_identification:_identify(src/interbotix_ros_manipulators/interbotix_ros_xsarms/examples/interbotix_xsarm_joy) by extensions ['ros']
[0.221s] Level 1:colcon.colcon_core.package_identification:_identify(src/interbotix_ros_manipulators/interbotix_ros_xsarms/examples/interbotix_xsarm_joy) by extension 'ros'
[0.221s] DEBUG:colcon.colcon_core.package_identification:Package 'src/interbotix_ros_manipulators/interbotix_ros_xsarms/examples/interbotix_xsarm_joy' with type 'ros.ament_cmake' and name 'interbotix_xsarm_joy'
[0.221s] Level 1:colcon.colcon_core.package_identification:_identify(src/interbotix_ros_manipulators/interbotix_ros_xsarms/examples/interbotix_xsarm_moveit_interface) by extensions ['ignore', 'ignore_ament_install']
[0.221s] Level 1:colcon.colcon_core.package_identification:_identify(src/interbotix_ros_manipulators/interbotix_ros_xsarms/examples/interbotix_xsarm_moveit_interface) by extension 'ignore'
[0.221s] Level 1:colcon.colcon_core.package_identification:_identify(src/interbotix_ros_manipulators/interbotix_ros_xsarms/examples/interbotix_xsarm_moveit_interface) by extension 'ignore_ament_install'
[0.221s] Level 1:colcon.colcon_core.package_identification:_identify(src/interbotix_ros_manipulators/interbotix_ros_xsarms/examples/interbotix_xsarm_moveit_interface) by extensions ['colcon_pkg']
[0.221s] Level 1:colcon.colcon_core.package_identification:_identify(src/interbotix_ros_manipulators/interbotix_ros_xsarms/examples/interbotix_xsarm_moveit_interface) by extension 'colcon_pkg'
[0.221s] Level 1:colcon.colcon_core.package_identification:_identify(src/interbotix_ros_manipulators/interbotix_ros_xsarms/examples/interbotix_xsarm_moveit_interface) by extensions ['colcon_meta']
[0.221s] Level 1:colcon.colcon_core.package_identification:_identify(src/interbotix_ros_manipulators/interbotix_ros_xsarms/examples/interbotix_xsarm_moveit_interface) by extension 'colcon_meta'
[0.221s] Level 1:colcon.colcon_core.package_identification:_identify(src/interbotix_ros_manipulators/interbotix_ros_xsarms/examples/interbotix_xsarm_moveit_interface) by extensions ['ros']
[0.221s] Level 1:colcon.colcon_core.package_identification:_identify(src/interbotix_ros_manipulators/interbotix_ros_xsarms/examples/interbotix_xsarm_moveit_interface) by extension 'ros'
[0.222s] DEBUG:colcon.colcon_core.package_identification:Package 'src/interbotix_ros_manipulators/interbotix_ros_xsarms/examples/interbotix_xsarm_moveit_interface' with type 'ros.ament_cmake' and name 'interbotix_xsarm_moveit_interface'
[0.222s] Level 1:colcon.colcon_core.package_identification:_identify(src/interbotix_ros_manipulators/interbotix_ros_xsarms/examples/interbotix_xsarm_pid) by extensions ['ignore', 'ignore_ament_install']
[0.222s] Level 1:colcon.colcon_core.package_identification:_identify(src/interbotix_ros_manipulators/interbotix_ros_xsarms/examples/interbotix_xsarm_pid) by extension 'ignore'
[0.222s] Level 1:colcon.colcon_core.package_identification:_identify(src/interbotix_ros_manipulators/interbotix_ros_xsarms/examples/interbotix_xsarm_pid) ignored
[0.222s] Level 1:colcon.colcon_core.package_identification:_identify(src/interbotix_ros_manipulators/interbotix_ros_xsarms/examples/interbotix_xsarm_puppet) by extensions ['ignore', 'ignore_ament_install']
[0.222s] Level 1:colcon.colcon_core.package_identification:_identify(src/interbotix_ros_manipulators/interbotix_ros_xsarms/examples/interbotix_xsarm_puppet) by extension 'ignore'
[0.222s] Level 1:colcon.colcon_core.package_identification:_identify(src/interbotix_ros_manipulators/interbotix_ros_xsarms/examples/interbotix_xsarm_puppet) by extension 'ignore_ament_install'
[0.222s] Level 1:colcon.colcon_core.package_identification:_identify(src/interbotix_ros_manipulators/interbotix_ros_xsarms/examples/interbotix_xsarm_puppet) by extensions ['colcon_pkg']
[0.222s] Level 1:colcon.colcon_core.package_identification:_identify(src/interbotix_ros_manipulators/interbotix_ros_xsarms/examples/interbotix_xsarm_puppet) by extension 'colcon_pkg'
[0.222s] Level 1:colcon.colcon_core.package_identification:_identify(src/interbotix_ros_manipulators/interbotix_ros_xsarms/examples/interbotix_xsarm_puppet) by extensions ['colcon_meta']
[0.222s] Level 1:colcon.colcon_core.package_identification:_identify(src/interbotix_ros_manipulators/interbotix_ros_xsarms/examples/interbotix_xsarm_puppet) by extension 'colcon_meta'
[0.222s] Level 1:colcon.colcon_core.package_identification:_identify(src/interbotix_ros_manipulators/interbotix_ros_xsarms/examples/interbotix_xsarm_puppet) by extensions ['ros']
[0.222s] Level 1:colcon.colcon_core.package_identification:_identify(src/interbotix_ros_manipulators/interbotix_ros_xsarms/examples/interbotix_xsarm_puppet) by extension 'ros'
[0.222s] DEBUG:colcon.colcon_core.package_identification:Package 'src/interbotix_ros_manipulators/interbotix_ros_xsarms/examples/interbotix_xsarm_puppet' with type 'ros.ament_cmake' and name 'interbotix_xsarm_puppet'
[0.222s] Level 1:colcon.colcon_core.package_identification:_identify(src/interbotix_ros_manipulators/interbotix_ros_xsarms/images) by extensions ['ignore', 'ignore_ament_install']
[0.222s] Level 1:colcon.colcon_core.package_identification:_identify(src/interbotix_ros_manipulators/interbotix_ros_xsarms/images) by extension 'ignore'
[0.222s] Level 1:colcon.colcon_core.package_identification:_identify(src/interbotix_ros_manipulators/interbotix_ros_xsarms/images) by extension 'ignore_ament_install'
[0.223s] Level 1:colcon.colcon_core.package_identification:_identify(src/interbotix_ros_manipulators/interbotix_ros_xsarms/images) by extensions ['colcon_pkg']
[0.223s] Level 1:colcon.colcon_core.package_identification:_identify(src/interbotix_ros_manipulators/interbotix_ros_xsarms/images) by extension 'colcon_pkg'
[0.223s] Level 1:colcon.colcon_core.package_identification:_identify(src/interbotix_ros_manipulators/interbotix_ros_xsarms/images) by extensions ['colcon_meta']
[0.223s] Level 1:colcon.colcon_core.package_identification:_identify(src/interbotix_ros_manipulators/interbotix_ros_xsarms/images) by extension 'colcon_meta'
[0.223s] Level 1:colcon.colcon_core.package_identification:_identify(src/interbotix_ros_manipulators/interbotix_ros_xsarms/images) by extensions ['ros']
[0.223s] Level 1:colcon.colcon_core.package_identification:_identify(src/interbotix_ros_manipulators/interbotix_ros_xsarms/images) by extension 'ros'
[0.223s] Level 1:colcon.colcon_core.package_identification:_identify(src/interbotix_ros_manipulators/interbotix_ros_xsarms/images) by extensions ['cmake', 'python']
[0.223s] Level 1:colcon.colcon_core.package_identification:_identify(src/interbotix_ros_manipulators/interbotix_ros_xsarms/images) by extension 'cmake'
[0.223s] Level 1:colcon.colcon_core.package_identification:_identify(src/interbotix_ros_manipulators/interbotix_ros_xsarms/images) by extension 'python'
[0.223s] Level 1:colcon.colcon_core.package_identification:_identify(src/interbotix_ros_manipulators/interbotix_ros_xsarms/images) by extensions ['python_setup_py']
[0.223s] Level 1:colcon.colcon_core.package_identification:_identify(src/interbotix_ros_manipulators/interbotix_ros_xsarms/images) by extension 'python_setup_py'
[0.223s] Level 1:colcon.colcon_core.package_identification:_identify(src/interbotix_ros_manipulators/interbotix_ros_xsarms/install) by extensions ['ignore', 'ignore_ament_install']
[0.223s] Level 1:colcon.colcon_core.package_identification:_identify(src/interbotix_ros_manipulators/interbotix_ros_xsarms/install) by extension 'ignore'
[0.223s] Level 1:colcon.colcon_core.package_identification:_identify(src/interbotix_ros_manipulators/interbotix_ros_xsarms/install) by extension 'ignore_ament_install'
[0.223s] Level 1:colcon.colcon_core.package_identification:_identify(src/interbotix_ros_manipulators/interbotix_ros_xsarms/install) by extensions ['colcon_pkg']
[0.223s] Level 1:colcon.colcon_core.package_identification:_identify(src/interbotix_ros_manipulators/interbotix_ros_xsarms/install) by extension 'colcon_pkg'
[0.223s] Level 1:colcon.colcon_core.package_identification:_identify(src/interbotix_ros_manipulators/interbotix_ros_xsarms/install) by extensions ['colcon_meta']
[0.223s] Level 1:colcon.colcon_core.package_identification:_identify(src/interbotix_ros_manipulators/interbotix_ros_xsarms/install) by extension 'colcon_meta'
[0.223s] Level 1:colcon.colcon_core.package_identification:_identify(src/interbotix_ros_manipulators/interbotix_ros_xsarms/install) by extensions ['ros']
[0.223s] Level 1:colcon.colcon_core.package_identification:_identify(src/interbotix_ros_manipulators/interbotix_ros_xsarms/install) by extension 'ros'
[0.223s] Level 1:colcon.colcon_core.package_identification:_identify(src/interbotix_ros_manipulators/interbotix_ros_xsarms/install) by extensions ['cmake', 'python']
[0.223s] Level 1:colcon.colcon_core.package_identification:_identify(src/interbotix_ros_manipulators/interbotix_ros_xsarms/install) by extension 'cmake'
[0.223s] Level 1:colcon.colcon_core.package_identification:_identify(src/interbotix_ros_manipulators/interbotix_ros_xsarms/install) by extension 'python'
[0.223s] Level 1:colcon.colcon_core.package_identification:_identify(src/interbotix_ros_manipulators/interbotix_ros_xsarms/install) by extensions ['python_setup_py']
[0.223s] Level 1:colcon.colcon_core.package_identification:_identify(src/interbotix_ros_manipulators/interbotix_ros_xsarms/install) by extension 'python_setup_py'
[0.223s] Level 1:colcon.colcon_core.package_identification:_identify(src/interbotix_ros_manipulators/interbotix_ros_xsarms/install/amd64) by extensions ['ignore', 'ignore_ament_install']
[0.223s] Level 1:colcon.colcon_core.package_identification:_identify(src/interbotix_ros_manipulators/interbotix_ros_xsarms/install/amd64) by extension 'ignore'
[0.223s] Level 1:colcon.colcon_core.package_identification:_identify(src/interbotix_ros_manipulators/interbotix_ros_xsarms/install/amd64) by extension 'ignore_ament_install'
[0.223s] Level 1:colcon.colcon_core.package_identification:_identify(src/interbotix_ros_manipulators/interbotix_ros_xsarms/install/amd64) by extensions ['colcon_pkg']
[0.223s] Level 1:colcon.colcon_core.package_identification:_identify(src/interbotix_ros_manipulators/interbotix_ros_xsarms/install/amd64) by extension 'colcon_pkg'
[0.223s] Level 1:colcon.colcon_core.package_identification:_identify(src/interbotix_ros_manipulators/interbotix_ros_xsarms/install/amd64) by extensions ['colcon_meta']
[0.223s] Level 1:colcon.colcon_core.package_identification:_identify(src/interbotix_ros_manipulators/interbotix_ros_xsarms/install/amd64) by extension 'colcon_meta'
[0.223s] Level 1:colcon.colcon_core.package_identification:_identify(src/interbotix_ros_manipulators/interbotix_ros_xsarms/install/amd64) by extensions ['ros']
[0.223s] Level 1:colcon.colcon_core.package_identification:_identify(src/interbotix_ros_manipulators/interbotix_ros_xsarms/install/amd64) by extension 'ros'
[0.223s] Level 1:colcon.colcon_core.package_identification:_identify(src/interbotix_ros_manipulators/interbotix_ros_xsarms/install/amd64) by extensions ['cmake', 'python']
[0.223s] Level 1:colcon.colcon_core.package_identification:_identify(src/interbotix_ros_manipulators/interbotix_ros_xsarms/install/amd64) by extension 'cmake'
[0.223s] Level 1:colcon.colcon_core.package_identification:_identify(src/interbotix_ros_manipulators/interbotix_ros_xsarms/install/amd64) by extension 'python'
[0.223s] Level 1:colcon.colcon_core.package_identification:_identify(src/interbotix_ros_manipulators/interbotix_ros_xsarms/install/amd64) by extensions ['python_setup_py']
[0.223s] Level 1:colcon.colcon_core.package_identification:_identify(src/interbotix_ros_manipulators/interbotix_ros_xsarms/install/amd64) by extension 'python_setup_py'
[0.223s] Level 1:colcon.colcon_core.package_identification:_identify(src/interbotix_ros_manipulators/interbotix_ros_xsarms/install/rpi4) by extensions ['ignore', 'ignore_ament_install']
[0.223s] Level 1:colcon.colcon_core.package_identification:_identify(src/interbotix_ros_manipulators/interbotix_ros_xsarms/install/rpi4) by extension 'ignore'
[0.223s] Level 1:colcon.colcon_core.package_identification:_identify(src/interbotix_ros_manipulators/interbotix_ros_xsarms/install/rpi4) by extension 'ignore_ament_install'
[0.223s] Level 1:colcon.colcon_core.package_identification:_identify(src/interbotix_ros_manipulators/interbotix_ros_xsarms/install/rpi4) by extensions ['colcon_pkg']
[0.223s] Level 1:colcon.colcon_core.package_identification:_identify(src/interbotix_ros_manipulators/interbotix_ros_xsarms/install/rpi4) by extension 'colcon_pkg'
[0.223s] Level 1:colcon.colcon_core.package_identification:_identify(src/interbotix_ros_manipulators/interbotix_ros_xsarms/install/rpi4) by extensions ['colcon_meta']
[0.223s] Level 1:colcon.colcon_core.package_identification:_identify(src/interbotix_ros_manipulators/interbotix_ros_xsarms/install/rpi4) by extension 'colcon_meta'
[0.223s] Level 1:colcon.colcon_core.package_identification:_identify(src/interbotix_ros_manipulators/interbotix_ros_xsarms/install/rpi4) by extensions ['ros']
[0.223s] Level 1:colcon.colcon_core.package_identification:_identify(src/interbotix_ros_manipulators/interbotix_ros_xsarms/install/rpi4) by extension 'ros'
[0.223s] Level 1:colcon.colcon_core.package_identification:_identify(src/interbotix_ros_manipulators/interbotix_ros_xsarms/install/rpi4) by extensions ['cmake', 'python']
[0.223s] Level 1:colcon.colcon_core.package_identification:_identify(src/interbotix_ros_manipulators/interbotix_ros_xsarms/install/rpi4) by extension 'cmake'
[0.223s] Level 1:colcon.colcon_core.package_identification:_identify(src/interbotix_ros_manipulators/interbotix_ros_xsarms/install/rpi4) by extension 'python'
[0.223s] Level 1:colcon.colcon_core.package_identification:_identify(src/interbotix_ros_manipulators/interbotix_ros_xsarms/install/rpi4) by extensions ['python_setup_py']
[0.223s] Level 1:colcon.colcon_core.package_identification:_identify(src/interbotix_ros_manipulators/interbotix_ros_xsarms/install/rpi4) by extension 'python_setup_py'
[0.224s] Level 1:colcon.colcon_core.package_identification:_identify(src/interbotix_ros_manipulators/interbotix_ros_xsarms/interbotix_ros_xsarms) by extensions ['ignore', 'ignore_ament_install']
[0.224s] Level 1:colcon.colcon_core.package_identification:_identify(src/interbotix_ros_manipulators/interbotix_ros_xsarms/interbotix_ros_xsarms) by extension 'ignore'
[0.224s] Level 1:colcon.colcon_core.package_identification:_identify(src/interbotix_ros_manipulators/interbotix_ros_xsarms/interbotix_ros_xsarms) by extension 'ignore_ament_install'
[0.224s] Level 1:colcon.colcon_core.package_identification:_identify(src/interbotix_ros_manipulators/interbotix_ros_xsarms/interbotix_ros_xsarms) by extensions ['colcon_pkg']
[0.224s] Level 1:colcon.colcon_core.package_identification:_identify(src/interbotix_ros_manipulators/interbotix_ros_xsarms/interbotix_ros_xsarms) by extension 'colcon_pkg'
[0.224s] Level 1:colcon.colcon_core.package_identification:_identify(src/interbotix_ros_manipulators/interbotix_ros_xsarms/interbotix_ros_xsarms) by extensions ['colcon_meta']
[0.224s] Level 1:colcon.colcon_core.package_identification:_identify(src/interbotix_ros_manipulators/interbotix_ros_xsarms/interbotix_ros_xsarms) by extension 'colcon_meta'
[0.224s] Level 1:colcon.colcon_core.package_identification:_identify(src/interbotix_ros_manipulators/interbotix_ros_xsarms/interbotix_ros_xsarms) by extensions ['ros']
[0.224s] Level 1:colcon.colcon_core.package_identification:_identify(src/interbotix_ros_manipulators/interbotix_ros_xsarms/interbotix_ros_xsarms) by extension 'ros'
[0.224s] DEBUG:colcon.colcon_core.package_identification:Package 'src/interbotix_ros_manipulators/interbotix_ros_xsarms/interbotix_ros_xsarms' with type 'ros.ament_cmake' and name 'interbotix_ros_xsarms'
[0.224s] Level 1:colcon.colcon_core.package_identification:_identify(src/interbotix_ros_manipulators/interbotix_ros_xsarms/interbotix_xsarm_control) by extensions ['ignore', 'ignore_ament_install']
[0.224s] Level 1:colcon.colcon_core.package_identification:_identify(src/interbotix_ros_manipulators/interbotix_ros_xsarms/interbotix_xsarm_control) by extension 'ignore'
[0.224s] Level 1:colcon.colcon_core.package_identification:_identify(src/interbotix_ros_manipulators/interbotix_ros_xsarms/interbotix_xsarm_control) by extension 'ignore_ament_install'
[0.224s] Level 1:colcon.colcon_core.package_identification:_identify(src/interbotix_ros_manipulators/interbotix_ros_xsarms/interbotix_xsarm_control) by extensions ['colcon_pkg']
[0.224s] Level 1:colcon.colcon_core.package_identification:_identify(src/interbotix_ros_manipulators/interbotix_ros_xsarms/interbotix_xsarm_control) by extension 'colcon_pkg'
[0.224s] Level 1:colcon.colcon_core.package_identification:_identify(src/interbotix_ros_manipulators/interbotix_ros_xsarms/interbotix_xsarm_control) by extensions ['colcon_meta']
[0.224s] Level 1:colcon.colcon_core.package_identification:_identify(src/interbotix_ros_manipulators/interbotix_ros_xsarms/interbotix_xsarm_control) by extension 'colcon_meta'
[0.224s] Level 1:colcon.colcon_core.package_identification:_identify(src/interbotix_ros_manipulators/interbotix_ros_xsarms/interbotix_xsarm_control) by extensions ['ros']
[0.224s] Level 1:colcon.colcon_core.package_identification:_identify(src/interbotix_ros_manipulators/interbotix_ros_xsarms/interbotix_xsarm_control) by extension 'ros'
[0.225s] DEBUG:colcon.colcon_core.package_identification:Package 'src/interbotix_ros_manipulators/interbotix_ros_xsarms/interbotix_xsarm_control' with type 'ros.ament_cmake' and name 'interbotix_xsarm_control'
[0.225s] Level 1:colcon.colcon_core.package_identification:_identify(src/interbotix_ros_manipulators/interbotix_ros_xsarms/interbotix_xsarm_descriptions) by extensions ['ignore', 'ignore_ament_install']
[0.225s] Level 1:colcon.colcon_core.package_identification:_identify(src/interbotix_ros_manipulators/interbotix_ros_xsarms/interbotix_xsarm_descriptions) by extension 'ignore'
[0.225s] Level 1:colcon.colcon_core.package_identification:_identify(src/interbotix_ros_manipulators/interbotix_ros_xsarms/interbotix_xsarm_descriptions) by extension 'ignore_ament_install'
[0.225s] Level 1:colcon.colcon_core.package_identification:_identify(src/interbotix_ros_manipulators/interbotix_ros_xsarms/interbotix_xsarm_descriptions) by extensions ['colcon_pkg']
[0.225s] Level 1:colcon.colcon_core.package_identification:_identify(src/interbotix_ros_manipulators/interbotix_ros_xsarms/interbotix_xsarm_descriptions) by extension 'colcon_pkg'
[0.225s] Level 1:colcon.colcon_core.package_identification:_identify(src/interbotix_ros_manipulators/interbotix_ros_xsarms/interbotix_xsarm_descriptions) by extensions ['colcon_meta']
[0.225s] Level 1:colcon.colcon_core.package_identification:_identify(src/interbotix_ros_manipulators/interbotix_ros_xsarms/interbotix_xsarm_descriptions) by extension 'colcon_meta'
[0.225s] Level 1:colcon.colcon_core.package_identification:_identify(src/interbotix_ros_manipulators/interbotix_ros_xsarms/interbotix_xsarm_descriptions) by extensions ['ros']
[0.225s] Level 1:colcon.colcon_core.package_identification:_identify(src/interbotix_ros_manipulators/interbotix_ros_xsarms/interbotix_xsarm_descriptions) by extension 'ros'
[0.225s] DEBUG:colcon.colcon_core.package_identification:Package 'src/interbotix_ros_manipulators/interbotix_ros_xsarms/interbotix_xsarm_descriptions' with type 'ros.ament_cmake' and name 'interbotix_xsarm_descriptions'
[0.225s] Level 1:colcon.colcon_core.package_identification:_identify(src/interbotix_ros_manipulators/interbotix_ros_xsarms/interbotix_xsarm_moveit) by extensions ['ignore', 'ignore_ament_install']
[0.225s] Level 1:colcon.colcon_core.package_identification:_identify(src/interbotix_ros_manipulators/interbotix_ros_xsarms/interbotix_xsarm_moveit) by extension 'ignore'
[0.225s] Level 1:colcon.colcon_core.package_identification:_identify(src/interbotix_ros_manipulators/interbotix_ros_xsarms/interbotix_xsarm_moveit) by extension 'ignore_ament_install'
[0.225s] Level 1:colcon.colcon_core.package_identification:_identify(src/interbotix_ros_manipulators/interbotix_ros_xsarms/interbotix_xsarm_moveit) by extensions ['colcon_pkg']
[0.225s] Level 1:colcon.colcon_core.package_identification:_identify(src/interbotix_ros_manipulators/interbotix_ros_xsarms/interbotix_xsarm_moveit) by extension 'colcon_pkg'
[0.225s] Level 1:colcon.colcon_core.package_identification:_identify(src/interbotix_ros_manipulators/interbotix_ros_xsarms/interbotix_xsarm_moveit) by extensions ['colcon_meta']
[0.225s] Level 1:colcon.colcon_core.package_identification:_identify(src/interbotix_ros_manipulators/interbotix_ros_xsarms/interbotix_xsarm_moveit) by extension 'colcon_meta'
[0.226s] Level 1:colcon.colcon_core.package_identification:_identify(src/interbotix_ros_manipulators/interbotix_ros_xsarms/interbotix_xsarm_moveit) by extensions ['ros']
[0.226s] Level 1:colcon.colcon_core.package_identification:_identify(src/interbotix_ros_manipulators/interbotix_ros_xsarms/interbotix_xsarm_moveit) by extension 'ros'
[0.226s] DEBUG:colcon.colcon_core.package_identification:Package 'src/interbotix_ros_manipulators/interbotix_ros_xsarms/interbotix_xsarm_moveit' with type 'ros.ament_cmake' and name 'interbotix_xsarm_moveit'
[0.226s] Level 1:colcon.colcon_core.package_identification:_identify(src/interbotix_ros_manipulators/interbotix_ros_xsarms/interbotix_xsarm_perception) by extensions ['ignore', 'ignore_ament_install']
[0.226s] Level 1:colcon.colcon_core.package_identification:_identify(src/interbotix_ros_manipulators/interbotix_ros_xsarms/interbotix_xsarm_perception) by extension 'ignore'
[0.226s] Level 1:colcon.colcon_core.package_identification:_identify(src/interbotix_ros_manipulators/interbotix_ros_xsarms/interbotix_xsarm_perception) by extension 'ignore_ament_install'
[0.226s] Level 1:colcon.colcon_core.package_identification:_identify(src/interbotix_ros_manipulators/interbotix_ros_xsarms/interbotix_xsarm_perception) by extensions ['colcon_pkg']
[0.226s] Level 1:colcon.colcon_core.package_identification:_identify(src/interbotix_ros_manipulators/interbotix_ros_xsarms/interbotix_xsarm_perception) by extension 'colcon_pkg'
[0.226s] Level 1:colcon.colcon_core.package_identification:_identify(src/interbotix_ros_manipulators/interbotix_ros_xsarms/interbotix_xsarm_perception) by extensions ['colcon_meta']
[0.226s] Level 1:colcon.colcon_core.package_identification:_identify(src/interbotix_ros_manipulators/interbotix_ros_xsarms/interbotix_xsarm_perception) by extension 'colcon_meta'
[0.226s] Level 1:colcon.colcon_core.package_identification:_identify(src/interbotix_ros_manipulators/interbotix_ros_xsarms/interbotix_xsarm_perception) by extensions ['ros']
[0.226s] Level 1:colcon.colcon_core.package_identification:_identify(src/interbotix_ros_manipulators/interbotix_ros_xsarms/interbotix_xsarm_perception) by extension 'ros'
[0.227s] DEBUG:colcon.colcon_core.package_identification:Package 'src/interbotix_ros_manipulators/interbotix_ros_xsarms/interbotix_xsarm_perception' with type 'ros.ament_cmake' and name 'interbotix_xsarm_perception'
[0.227s] Level 1:colcon.colcon_core.package_identification:_identify(src/interbotix_ros_manipulators/interbotix_ros_xsarms/interbotix_xsarm_ros_control) by extensions ['ignore', 'ignore_ament_install']
[0.227s] Level 1:colcon.colcon_core.package_identification:_identify(src/interbotix_ros_manipulators/interbotix_ros_xsarms/interbotix_xsarm_ros_control) by extension 'ignore'
[0.227s] Level 1:colcon.colcon_core.package_identification:_identify(src/interbotix_ros_manipulators/interbotix_ros_xsarms/interbotix_xsarm_ros_control) by extension 'ignore_ament_install'
[0.227s] Level 1:colcon.colcon_core.package_identification:_identify(src/interbotix_ros_manipulators/interbotix_ros_xsarms/interbotix_xsarm_ros_control) by extensions ['colcon_pkg']
[0.227s] Level 1:colcon.colcon_core.package_identification:_identify(src/interbotix_ros_manipulators/interbotix_ros_xsarms/interbotix_xsarm_ros_control) by extension 'colcon_pkg'
[0.227s] Level 1:colcon.colcon_core.package_identification:_identify(src/interbotix_ros_manipulators/interbotix_ros_xsarms/interbotix_xsarm_ros_control) by extensions ['colcon_meta']
[0.227s] Level 1:colcon.colcon_core.package_identification:_identify(src/interbotix_ros_manipulators/interbotix_ros_xsarms/interbotix_xsarm_ros_control) by extension 'colcon_meta'
[0.227s] Level 1:colcon.colcon_core.package_identification:_identify(src/interbotix_ros_manipulators/interbotix_ros_xsarms/interbotix_xsarm_ros_control) by extensions ['ros']
[0.227s] Level 1:colcon.colcon_core.package_identification:_identify(src/interbotix_ros_manipulators/interbotix_ros_xsarms/interbotix_xsarm_ros_control) by extension 'ros'
[0.227s] DEBUG:colcon.colcon_core.package_identification:Package 'src/interbotix_ros_manipulators/interbotix_ros_xsarms/interbotix_xsarm_ros_control' with type 'ros.ament_cmake' and name 'interbotix_xsarm_ros_control'
[0.227s] Level 1:colcon.colcon_core.package_identification:_identify(src/interbotix_ros_manipulators/interbotix_ros_xsarms/interbotix_xsarm_sim) by extensions ['ignore', 'ignore_ament_install']
[0.227s] Level 1:colcon.colcon_core.package_identification:_identify(src/interbotix_ros_manipulators/interbotix_ros_xsarms/interbotix_xsarm_sim) by extension 'ignore'
[0.227s] Level 1:colcon.colcon_core.package_identification:_identify(src/interbotix_ros_manipulators/interbotix_ros_xsarms/interbotix_xsarm_sim) by extension 'ignore_ament_install'
[0.227s] Level 1:colcon.colcon_core.package_identification:_identify(src/interbotix_ros_manipulators/interbotix_ros_xsarms/interbotix_xsarm_sim) by extensions ['colcon_pkg']
[0.227s] Level 1:colcon.colcon_core.package_identification:_identify(src/interbotix_ros_manipulators/interbotix_ros_xsarms/interbotix_xsarm_sim) by extension 'colcon_pkg'
[0.227s] Level 1:colcon.colcon_core.package_identification:_identify(src/interbotix_ros_manipulators/interbotix_ros_xsarms/interbotix_xsarm_sim) by extensions ['colcon_meta']
[0.227s] Level 1:colcon.colcon_core.package_identification:_identify(src/interbotix_ros_manipulators/interbotix_ros_xsarms/interbotix_xsarm_sim) by extension 'colcon_meta'
[0.227s] Level 1:colcon.colcon_core.package_identification:_identify(src/interbotix_ros_manipulators/interbotix_ros_xsarms/interbotix_xsarm_sim) by extensions ['ros']
[0.227s] Level 1:colcon.colcon_core.package_identification:_identify(src/interbotix_ros_manipulators/interbotix_ros_xsarms/interbotix_xsarm_sim) by extension 'ros'
[0.228s] DEBUG:colcon.colcon_core.package_identification:Package 'src/interbotix_ros_manipulators/interbotix_ros_xsarms/interbotix_xsarm_sim' with type 'ros.ament_cmake' and name 'interbotix_xsarm_sim'
[0.228s] Level 1:colcon.colcon_core.package_identification:_identify(src/interbotix_ros_toolboxes) by extensions ['ignore', 'ignore_ament_install']
[0.228s] Level 1:colcon.colcon_core.package_identification:_identify(src/interbotix_ros_toolboxes) by extension 'ignore'
[0.228s] Level 1:colcon.colcon_core.package_identification:_identify(src/interbotix_ros_toolboxes) by extension 'ignore_ament_install'
[0.228s] Level 1:colcon.colcon_core.package_identification:_identify(src/interbotix_ros_toolboxes) by extensions ['colcon_pkg']
[0.228s] Level 1:colcon.colcon_core.package_identification:_identify(src/interbotix_ros_toolboxes) by extension 'colcon_pkg'
[0.228s] Level 1:colcon.colcon_core.package_identification:_identify(src/interbotix_ros_toolboxes) by extensions ['colcon_meta']
[0.228s] Level 1:colcon.colcon_core.package_identification:_identify(src/interbotix_ros_toolboxes) by extension 'colcon_meta'
[0.228s] Level 1:colcon.colcon_core.package_identification:_identify(src/interbotix_ros_toolboxes) by extensions ['ros']
[0.228s] Level 1:colcon.colcon_core.package_identification:_identify(src/interbotix_ros_toolboxes) by extension 'ros'
[0.228s] Level 1:colcon.colcon_core.package_identification:_identify(src/interbotix_ros_toolboxes) by extensions ['cmake', 'python']
[0.228s] Level 1:colcon.colcon_core.package_identification:_identify(src/interbotix_ros_toolboxes) by extension 'cmake'
[0.228s] Level 1:colcon.colcon_core.package_identification:_identify(src/interbotix_ros_toolboxes) by extension 'python'
[0.228s] Level 1:colcon.colcon_core.package_identification:_identify(src/interbotix_ros_toolboxes) by extensions ['python_setup_py']
[0.228s] Level 1:colcon.colcon_core.package_identification:_identify(src/interbotix_ros_toolboxes) by extension 'python_setup_py'
[0.228s] Level 1:colcon.colcon_core.package_identification:_identify(src/interbotix_ros_toolboxes/images) by extensions ['ignore', 'ignore_ament_install']
[0.228s] Level 1:colcon.colcon_core.package_identification:_identify(src/interbotix_ros_toolboxes/images) by extension 'ignore'
[0.228s] Level 1:colcon.colcon_core.package_identification:_identify(src/interbotix_ros_toolboxes/images) by extension 'ignore_ament_install'
[0.228s] Level 1:colcon.colcon_core.package_identification:_identify(src/interbotix_ros_toolboxes/images) by extensions ['colcon_pkg']
[0.228s] Level 1:colcon.colcon_core.package_identification:_identify(src/interbotix_ros_toolboxes/images) by extension 'colcon_pkg'
[0.228s] Level 1:colcon.colcon_core.package_identification:_identify(src/interbotix_ros_toolboxes/images) by extensions ['colcon_meta']
[0.228s] Level 1:colcon.colcon_core.package_identification:_identify(src/interbotix_ros_toolboxes/images) by extension 'colcon_meta'
[0.228s] Level 1:colcon.colcon_core.package_identification:_identify(src/interbotix_ros_toolboxes/images) by extensions ['ros']
[0.228s] Level 1:colcon.colcon_core.package_identification:_identify(src/interbotix_ros_toolboxes/images) by extension 'ros'
[0.228s] Level 1:colcon.colcon_core.package_identification:_identify(src/interbotix_ros_toolboxes/images) by extensions ['cmake', 'python']
[0.228s] Level 1:colcon.colcon_core.package_identification:_identify(src/interbotix_ros_toolboxes/images) by extension 'cmake'
[0.228s] Level 1:colcon.colcon_core.package_identification:_identify(src/interbotix_ros_toolboxes/images) by extension 'python'
[0.228s] Level 1:colcon.colcon_core.package_identification:_identify(src/interbotix_ros_toolboxes/images) by extensions ['python_setup_py']
[0.228s] Level 1:colcon.colcon_core.package_identification:_identify(src/interbotix_ros_toolboxes/images) by extension 'python_setup_py'
[0.228s] Level 1:colcon.colcon_core.package_identification:_identify(src/interbotix_ros_toolboxes/interbotix_common_toolbox) by extensions ['ignore', 'ignore_ament_install']
[0.228s] Level 1:colcon.colcon_core.package_identification:_identify(src/interbotix_ros_toolboxes/interbotix_common_toolbox) by extension 'ignore'
[0.229s] Level 1:colcon.colcon_core.package_identification:_identify(src/interbotix_ros_toolboxes/interbotix_common_toolbox) by extension 'ignore_ament_install'
[0.229s] Level 1:colcon.colcon_core.package_identification:_identify(src/interbotix_ros_toolboxes/interbotix_common_toolbox) by extensions ['colcon_pkg']
[0.229s] Level 1:colcon.colcon_core.package_identification:_identify(src/interbotix_ros_toolboxes/interbotix_common_toolbox) by extension 'colcon_pkg'
[0.229s] Level 1:colcon.colcon_core.package_identification:_identify(src/interbotix_ros_toolboxes/interbotix_common_toolbox) by extensions ['colcon_meta']
[0.229s] Level 1:colcon.colcon_core.package_identification:_identify(src/interbotix_ros_toolboxes/interbotix_common_toolbox) by extension 'colcon_meta'
[0.229s] Level 1:colcon.colcon_core.package_identification:_identify(src/interbotix_ros_toolboxes/interbotix_common_toolbox) by extensions ['ros']
[0.229s] Level 1:colcon.colcon_core.package_identification:_identify(src/interbotix_ros_toolboxes/interbotix_common_toolbox) by extension 'ros'
[0.229s] Level 1:colcon.colcon_core.package_identification:_identify(src/interbotix_ros_toolboxes/interbotix_common_toolbox) by extensions ['cmake', 'python']
[0.229s] Level 1:colcon.colcon_core.package_identification:_identify(src/interbotix_ros_toolboxes/interbotix_common_toolbox) by extension 'cmake'
[0.229s] Level 1:colcon.colcon_core.package_identification:_identify(src/interbotix_ros_toolboxes/interbotix_common_toolbox) by extension 'python'
[0.229s] Level 1:colcon.colcon_core.package_identification:_identify(src/interbotix_ros_toolboxes/interbotix_common_toolbox) by extensions ['python_setup_py']
[0.229s] Level 1:colcon.colcon_core.package_identification:_identify(src/interbotix_ros_toolboxes/interbotix_common_toolbox) by extension 'python_setup_py'
[0.229s] Level 1:colcon.colcon_core.package_identification:_identify(src/interbotix_ros_toolboxes/interbotix_common_toolbox/interbotix_common_modules) by extensions ['ignore', 'ignore_ament_install']
[0.229s] Level 1:colcon.colcon_core.package_identification:_identify(src/interbotix_ros_toolboxes/interbotix_common_toolbox/interbotix_common_modules) by extension 'ignore'
[0.229s] Level 1:colcon.colcon_core.package_identification:_identify(src/interbotix_ros_toolboxes/interbotix_common_toolbox/interbotix_common_modules) by extension 'ignore_ament_install'
[0.229s] Level 1:colcon.colcon_core.package_identification:_identify(src/interbotix_ros_toolboxes/interbotix_common_toolbox/interbotix_common_modules) by extensions ['colcon_pkg']
[0.229s] Level 1:colcon.colcon_core.package_identification:_identify(src/interbotix_ros_toolboxes/interbotix_common_toolbox/interbotix_common_modules) by extension 'colcon_pkg'
[0.229s] Level 1:colcon.colcon_core.package_identification:_identify(src/interbotix_ros_toolboxes/interbotix_common_toolbox/interbotix_common_modules) by extensions ['colcon_meta']
[0.229s] Level 1:colcon.colcon_core.package_identification:_identify(src/interbotix_ros_toolboxes/interbotix_common_toolbox/interbotix_common_modules) by extension 'colcon_meta'
[0.229s] Level 1:colcon.colcon_core.package_identification:_identify(src/interbotix_ros_toolboxes/interbotix_common_toolbox/interbotix_common_modules) by extensions ['ros']
[0.229s] Level 1:colcon.colcon_core.package_identification:_identify(src/interbotix_ros_toolboxes/interbotix_common_toolbox/interbotix_common_modules) by extension 'ros'
[0.229s] DEBUG:colcon.colcon_core.package_identification:Package 'src/interbotix_ros_toolboxes/interbotix_common_toolbox/interbotix_common_modules' with type 'ros.ament_python' and name 'interbotix_common_modules'
[0.229s] Level 1:colcon.colcon_core.package_identification:_identify(src/interbotix_ros_toolboxes/interbotix_common_toolbox/interbotix_common_sim) by extensions ['ignore', 'ignore_ament_install']
[0.229s] Level 1:colcon.colcon_core.package_identification:_identify(src/interbotix_ros_toolboxes/interbotix_common_toolbox/interbotix_common_sim) by extension 'ignore'
[0.229s] Level 1:colcon.colcon_core.package_identification:_identify(src/interbotix_ros_toolboxes/interbotix_common_toolbox/interbotix_common_sim) by extension 'ignore_ament_install'
[0.229s] Level 1:colcon.colcon_core.package_identification:_identify(src/interbotix_ros_toolboxes/interbotix_common_toolbox/interbotix_common_sim) by extensions ['colcon_pkg']
[0.229s] Level 1:colcon.colcon_core.package_identification:_identify(src/interbotix_ros_toolboxes/interbotix_common_toolbox/interbotix_common_sim) by extension 'colcon_pkg'
[0.229s] Level 1:colcon.colcon_core.package_identification:_identify(src/interbotix_ros_toolboxes/interbotix_common_toolbox/interbotix_common_sim) by extensions ['colcon_meta']
[0.229s] Level 1:colcon.colcon_core.package_identification:_identify(src/interbotix_ros_toolboxes/interbotix_common_toolbox/interbotix_common_sim) by extension 'colcon_meta'
[0.229s] Level 1:colcon.colcon_core.package_identification:_identify(src/interbotix_ros_toolboxes/interbotix_common_toolbox/interbotix_common_sim) by extensions ['ros']
[0.229s] Level 1:colcon.colcon_core.package_identification:_identify(src/interbotix_ros_toolboxes/interbotix_common_toolbox/interbotix_common_sim) by extension 'ros'
[0.230s] DEBUG:colcon.colcon_core.package_identification:Package 'src/interbotix_ros_toolboxes/interbotix_common_toolbox/interbotix_common_sim' with type 'ros.ament_cmake' and name 'interbotix_common_sim'
[0.230s] Level 1:colcon.colcon_core.package_identification:_identify(src/interbotix_ros_toolboxes/interbotix_common_toolbox/interbotix_common_toolbox) by extensions ['ignore', 'ignore_ament_install']
[0.230s] Level 1:colcon.colcon_core.package_identification:_identify(src/interbotix_ros_toolboxes/interbotix_common_toolbox/interbotix_common_toolbox) by extension 'ignore'
[0.230s] Level 1:colcon.colcon_core.package_identification:_identify(src/interbotix_ros_toolboxes/interbotix_common_toolbox/interbotix_common_toolbox) by extension 'ignore_ament_install'
[0.230s] Level 1:colcon.colcon_core.package_identification:_identify(src/interbotix_ros_toolboxes/interbotix_common_toolbox/interbotix_common_toolbox) by extensions ['colcon_pkg']
[0.230s] Level 1:colcon.colcon_core.package_identification:_identify(src/interbotix_ros_toolboxes/interbotix_common_toolbox/interbotix_common_toolbox) by extension 'colcon_pkg'
[0.230s] Level 1:colcon.colcon_core.package_identification:_identify(src/interbotix_ros_toolboxes/interbotix_common_toolbox/interbotix_common_toolbox) by extensions ['colcon_meta']
[0.230s] Level 1:colcon.colcon_core.package_identification:_identify(src/interbotix_ros_toolboxes/interbotix_common_toolbox/interbotix_common_toolbox) by extension 'colcon_meta'
[0.230s] Level 1:colcon.colcon_core.package_identification:_identify(src/interbotix_ros_toolboxes/interbotix_common_toolbox/interbotix_common_toolbox) by extensions ['ros']
[0.230s] Level 1:colcon.colcon_core.package_identification:_identify(src/interbotix_ros_toolboxes/interbotix_common_toolbox/interbotix_common_toolbox) by extension 'ros'
[0.230s] DEBUG:colcon.colcon_core.package_identification:Package 'src/interbotix_ros_toolboxes/interbotix_common_toolbox/interbotix_common_toolbox' with type 'ros.ament_cmake' and name 'interbotix_common_toolbox'
[0.230s] Level 1:colcon.colcon_core.package_identification:_identify(src/interbotix_ros_toolboxes/interbotix_common_toolbox/interbotix_gravity_compensation) by extensions ['ignore', 'ignore_ament_install']
[0.230s] Level 1:colcon.colcon_core.package_identification:_identify(src/interbotix_ros_toolboxes/interbotix_common_toolbox/interbotix_gravity_compensation) by extension 'ignore'
[0.230s] Level 1:colcon.colcon_core.package_identification:_identify(src/interbotix_ros_toolboxes/interbotix_common_toolbox/interbotix_gravity_compensation) by extension 'ignore_ament_install'
[0.230s] Level 1:colcon.colcon_core.package_identification:_identify(src/interbotix_ros_toolboxes/interbotix_common_toolbox/interbotix_gravity_compensation) by extensions ['colcon_pkg']
[0.230s] Level 1:colcon.colcon_core.package_identification:_identify(src/interbotix_ros_toolboxes/interbotix_common_toolbox/interbotix_gravity_compensation) by extension 'colcon_pkg'
[0.230s] Level 1:colcon.colcon_core.package_identification:_identify(src/interbotix_ros_toolboxes/interbotix_common_toolbox/interbotix_gravity_compensation) by extensions ['colcon_meta']
[0.230s] Level 1:colcon.colcon_core.package_identification:_identify(src/interbotix_ros_toolboxes/interbotix_common_toolbox/interbotix_gravity_compensation) by extension 'colcon_meta'
[0.230s] Level 1:colcon.colcon_core.package_identification:_identify(src/interbotix_ros_toolboxes/interbotix_common_toolbox/interbotix_gravity_compensation) by extensions ['ros']
[0.230s] Level 1:colcon.colcon_core.package_identification:_identify(src/interbotix_ros_toolboxes/interbotix_common_toolbox/interbotix_gravity_compensation) by extension 'ros'
[0.231s] DEBUG:colcon.colcon_core.package_identification:Package 'src/interbotix_ros_toolboxes/interbotix_common_toolbox/interbotix_gravity_compensation' with type 'ros.ament_cmake' and name 'interbotix_gravity_compensation'
[0.231s] Level 1:colcon.colcon_core.package_identification:_identify(src/interbotix_ros_toolboxes/interbotix_common_toolbox/interbotix_landmark_modules) by extensions ['ignore', 'ignore_ament_install']
[0.231s] Level 1:colcon.colcon_core.package_identification:_identify(src/interbotix_ros_toolboxes/interbotix_common_toolbox/interbotix_landmark_modules) by extension 'ignore'
[0.231s] Level 1:colcon.colcon_core.package_identification:_identify(src/interbotix_ros_toolboxes/interbotix_common_toolbox/interbotix_landmark_modules) ignored
[0.231s] Level 1:colcon.colcon_core.package_identification:_identify(src/interbotix_ros_toolboxes/interbotix_common_toolbox/interbotix_moveit_interface) by extensions ['ignore', 'ignore_ament_install']
[0.231s] Level 1:colcon.colcon_core.package_identification:_identify(src/interbotix_ros_toolboxes/interbotix_common_toolbox/interbotix_moveit_interface) by extension 'ignore'
[0.231s] Level 1:colcon.colcon_core.package_identification:_identify(src/interbotix_ros_toolboxes/interbotix_common_toolbox/interbotix_moveit_interface) by extension 'ignore_ament_install'
[0.231s] Level 1:colcon.colcon_core.package_identification:_identify(src/interbotix_ros_toolboxes/interbotix_common_toolbox/interbotix_moveit_interface) by extensions ['colcon_pkg']
[0.231s] Level 1:colcon.colcon_core.package_identification:_identify(src/interbotix_ros_toolboxes/interbotix_common_toolbox/interbotix_moveit_interface) by extension 'colcon_pkg'
[0.231s] Level 1:colcon.colcon_core.package_identification:_identify(src/interbotix_ros_toolboxes/interbotix_common_toolbox/interbotix_moveit_interface) by extensions ['colcon_meta']
[0.231s] Level 1:colcon.colcon_core.package_identification:_identify(src/interbotix_ros_toolboxes/interbotix_common_toolbox/interbotix_moveit_interface) by extension 'colcon_meta'
[0.231s] Level 1:colcon.colcon_core.package_identification:_identify(src/interbotix_ros_toolboxes/interbotix_common_toolbox/interbotix_moveit_interface) by extensions ['ros']
[0.231s] Level 1:colcon.colcon_core.package_identification:_identify(src/interbotix_ros_toolboxes/interbotix_common_toolbox/interbotix_moveit_interface) by extension 'ros'
[0.231s] DEBUG:colcon.colcon_core.package_identification:Package 'src/interbotix_ros_toolboxes/interbotix_common_toolbox/interbotix_moveit_interface' with type 'ros.ament_cmake' and name 'interbotix_moveit_interface'
[0.232s] Level 1:colcon.colcon_core.package_identification:_identify(src/interbotix_ros_toolboxes/interbotix_common_toolbox/interbotix_moveit_interface_msgs) by extensions ['ignore', 'ignore_ament_install']
[0.232s] Level 1:colcon.colcon_core.package_identification:_identify(src/interbotix_ros_toolboxes/interbotix_common_toolbox/interbotix_moveit_interface_msgs) by extension 'ignore'
[0.232s] Level 1:colcon.colcon_core.package_identification:_identify(src/interbotix_ros_toolboxes/interbotix_common_toolbox/interbotix_moveit_interface_msgs) by extension 'ignore_ament_install'
[0.232s] Level 1:colcon.colcon_core.package_identification:_identify(src/interbotix_ros_toolboxes/interbotix_common_toolbox/interbotix_moveit_interface_msgs) by extensions ['colcon_pkg']
[0.232s] Level 1:colcon.colcon_core.package_identification:_identify(src/interbotix_ros_toolboxes/interbotix_common_toolbox/interbotix_moveit_interface_msgs) by extension 'colcon_pkg'
[0.232s] Level 1:colcon.colcon_core.package_identification:_identify(src/interbotix_ros_toolboxes/interbotix_common_toolbox/interbotix_moveit_interface_msgs) by extensions ['colcon_meta']
[0.232s] Level 1:colcon.colcon_core.package_identification:_identify(src/interbotix_ros_toolboxes/interbotix_common_toolbox/interbotix_moveit_interface_msgs) by extension 'colcon_meta'
[0.232s] Level 1:colcon.colcon_core.package_identification:_identify(src/interbotix_ros_toolboxes/interbotix_common_toolbox/interbotix_moveit_interface_msgs) by extensions ['ros']
[0.232s] Level 1:colcon.colcon_core.package_identification:_identify(src/interbotix_ros_toolboxes/interbotix_common_toolbox/interbotix_moveit_interface_msgs) by extension 'ros'
[0.232s] DEBUG:colcon.colcon_core.package_identification:Package 'src/interbotix_ros_toolboxes/interbotix_common_toolbox/interbotix_moveit_interface_msgs' with type 'ros.ament_cmake' and name 'interbotix_moveit_interface_msgs'
[0.232s] Level 1:colcon.colcon_core.package_identification:_identify(src/interbotix_ros_toolboxes/interbotix_common_toolbox/interbotix_tf_tools) by extensions ['ignore', 'ignore_ament_install']
[0.232s] Level 1:colcon.colcon_core.package_identification:_identify(src/interbotix_ros_toolboxes/interbotix_common_toolbox/interbotix_tf_tools) by extension 'ignore'
[0.232s] Level 1:colcon.colcon_core.package_identification:_identify(src/interbotix_ros_toolboxes/interbotix_common_toolbox/interbotix_tf_tools) by extension 'ignore_ament_install'
[0.232s] Level 1:colcon.colcon_core.package_identification:_identify(src/interbotix_ros_toolboxes/interbotix_common_toolbox/interbotix_tf_tools) by extensions ['colcon_pkg']
[0.232s] Level 1:colcon.colcon_core.package_identification:_identify(src/interbotix_ros_toolboxes/interbotix_common_toolbox/interbotix_tf_tools) by extension 'colcon_pkg'
[0.232s] Level 1:colcon.colcon_core.package_identification:_identify(src/interbotix_ros_toolboxes/interbotix_common_toolbox/interbotix_tf_tools) by extensions ['colcon_meta']
[0.232s] Level 1:colcon.colcon_core.package_identification:_identify(src/interbotix_ros_toolboxes/interbotix_common_toolbox/interbotix_tf_tools) by extension 'colcon_meta'
[0.232s] Level 1:colcon.colcon_core.package_identification:_identify(src/interbotix_ros_toolboxes/interbotix_common_toolbox/interbotix_tf_tools) by extensions ['ros']
[0.232s] Level 1:colcon.colcon_core.package_identification:_identify(src/interbotix_ros_toolboxes/interbotix_common_toolbox/interbotix_tf_tools) by extension 'ros'
[0.233s] DEBUG:colcon.colcon_core.package_identification:Package 'src/interbotix_ros_toolboxes/interbotix_common_toolbox/interbotix_tf_tools' with type 'ros.ament_cmake' and name 'interbotix_tf_tools'
[0.233s] Level 1:colcon.colcon_core.package_identification:_identify(src/interbotix_ros_toolboxes/interbotix_io_toolbox) by extensions ['ignore', 'ignore_ament_install']
[0.233s] Level 1:colcon.colcon_core.package_identification:_identify(src/interbotix_ros_toolboxes/interbotix_io_toolbox) by extension 'ignore'
[0.233s] Level 1:colcon.colcon_core.package_identification:_identify(src/interbotix_ros_toolboxes/interbotix_io_toolbox) ignored
[0.233s] Level 1:colcon.colcon_core.package_identification:_identify(src/interbotix_ros_toolboxes/interbotix_perception_toolbox) by extensions ['ignore', 'ignore_ament_install']
[0.233s] Level 1:colcon.colcon_core.package_identification:_identify(src/interbotix_ros_toolboxes/interbotix_perception_toolbox) by extension 'ignore'
[0.233s] Level 1:colcon.colcon_core.package_identification:_identify(src/interbotix_ros_toolboxes/interbotix_perception_toolbox) by extension 'ignore_ament_install'
[0.233s] Level 1:colcon.colcon_core.package_identification:_identify(src/interbotix_ros_toolboxes/interbotix_perception_toolbox) by extensions ['colcon_pkg']
[0.233s] Level 1:colcon.colcon_core.package_identification:_identify(src/interbotix_ros_toolboxes/interbotix_perception_toolbox) by extension 'colcon_pkg'
[0.233s] Level 1:colcon.colcon_core.package_identification:_identify(src/interbotix_ros_toolboxes/interbotix_perception_toolbox) by extensions ['colcon_meta']
[0.233s] Level 1:colcon.colcon_core.package_identification:_identify(src/interbotix_ros_toolboxes/interbotix_perception_toolbox) by extension 'colcon_meta'
[0.233s] Level 1:colcon.colcon_core.package_identification:_identify(src/interbotix_ros_toolboxes/interbotix_perception_toolbox) by extensions ['ros']
[0.233s] Level 1:colcon.colcon_core.package_identification:_identify(src/interbotix_ros_toolboxes/interbotix_perception_toolbox) by extension 'ros'
[0.233s] Level 1:colcon.colcon_core.package_identification:_identify(src/interbotix_ros_toolboxes/interbotix_perception_toolbox) by extensions ['cmake', 'python']
[0.233s] Level 1:colcon.colcon_core.package_identification:_identify(src/interbotix_ros_toolboxes/interbotix_perception_toolbox) by extension 'cmake'
[0.233s] Level 1:colcon.colcon_core.package_identification:_identify(src/interbotix_ros_toolboxes/interbotix_perception_toolbox) by extension 'python'
[0.233s] Level 1:colcon.colcon_core.package_identification:_identify(src/interbotix_ros_toolboxes/interbotix_perception_toolbox) by extensions ['python_setup_py']
[0.233s] Level 1:colcon.colcon_core.package_identification:_identify(src/interbotix_ros_toolboxes/interbotix_perception_toolbox) by extension 'python_setup_py'
[0.233s] Level 1:colcon.colcon_core.package_identification:_identify(src/interbotix_ros_toolboxes/interbotix_perception_toolbox/interbotix_perception_modules) by extensions ['ignore', 'ignore_ament_install']
[0.233s] Level 1:colcon.colcon_core.package_identification:_identify(src/interbotix_ros_toolboxes/interbotix_perception_toolbox/interbotix_perception_modules) by extension 'ignore'
[0.233s] Level 1:colcon.colcon_core.package_identification:_identify(src/interbotix_ros_toolboxes/interbotix_perception_toolbox/interbotix_perception_modules) by extension 'ignore_ament_install'
[0.233s] Level 1:colcon.colcon_core.package_identification:_identify(src/interbotix_ros_toolboxes/interbotix_perception_toolbox/interbotix_perception_modules) by extensions ['colcon_pkg']
[0.233s] Level 1:colcon.colcon_core.package_identification:_identify(src/interbotix_ros_toolboxes/interbotix_perception_toolbox/interbotix_perception_modules) by extension 'colcon_pkg'
[0.233s] Level 1:colcon.colcon_core.package_identification:_identify(src/interbotix_ros_toolboxes/interbotix_perception_toolbox/interbotix_perception_modules) by extensions ['colcon_meta']
[0.233s] Level 1:colcon.colcon_core.package_identification:_identify(src/interbotix_ros_toolboxes/interbotix_perception_toolbox/interbotix_perception_modules) by extension 'colcon_meta'
[0.233s] Level 1:colcon.colcon_core.package_identification:_identify(src/interbotix_ros_toolboxes/interbotix_perception_toolbox/interbotix_perception_modules) by extensions ['ros']
[0.233s] Level 1:colcon.colcon_core.package_identification:_identify(src/interbotix_ros_toolboxes/interbotix_perception_toolbox/interbotix_perception_modules) by extension 'ros'
[0.234s] DEBUG:colcon.colcon_core.package_identification:Package 'src/interbotix_ros_toolboxes/interbotix_perception_toolbox/interbotix_perception_modules' with type 'ros.ament_python' and name 'interbotix_perception_modules'
[0.234s] Level 1:colcon.colcon_core.package_identification:_identify(src/interbotix_ros_toolboxes/interbotix_perception_toolbox/interbotix_perception_msgs) by extensions ['ignore', 'ignore_ament_install']
[0.234s] Level 1:colcon.colcon_core.package_identification:_identify(src/interbotix_ros_toolboxes/interbotix_perception_toolbox/interbotix_perception_msgs) by extension 'ignore'
[0.234s] Level 1:colcon.colcon_core.package_identification:_identify(src/interbotix_ros_toolboxes/interbotix_perception_toolbox/interbotix_perception_msgs) by extension 'ignore_ament_install'
[0.234s] Level 1:colcon.colcon_core.package_identification:_identify(src/interbotix_ros_toolboxes/interbotix_perception_toolbox/interbotix_perception_msgs) by extensions ['colcon_pkg']
[0.234s] Level 1:colcon.colcon_core.package_identification:_identify(src/interbotix_ros_toolboxes/interbotix_perception_toolbox/interbotix_perception_msgs) by extension 'colcon_pkg'
[0.234s] Level 1:colcon.colcon_core.package_identification:_identify(src/interbotix_ros_toolboxes/interbotix_perception_toolbox/interbotix_perception_msgs) by extensions ['colcon_meta']
[0.234s] Level 1:colcon.colcon_core.package_identification:_identify(src/interbotix_ros_toolboxes/interbotix_perception_toolbox/interbotix_perception_msgs) by extension 'colcon_meta'
[0.234s] Level 1:colcon.colcon_core.package_identification:_identify(src/interbotix_ros_toolboxes/interbotix_perception_toolbox/interbotix_perception_msgs) by extensions ['ros']
[0.234s] Level 1:colcon.colcon_core.package_identification:_identify(src/interbotix_ros_toolboxes/interbotix_perception_toolbox/interbotix_perception_msgs) by extension 'ros'
[0.235s] DEBUG:colcon.colcon_core.package_identification:Package 'src/interbotix_ros_toolboxes/interbotix_perception_toolbox/interbotix_perception_msgs' with type 'ros.ament_cmake' and name 'interbotix_perception_msgs'
[0.235s] Level 1:colcon.colcon_core.package_identification:_identify(src/interbotix_ros_toolboxes/interbotix_perception_toolbox/interbotix_perception_pipelines) by extensions ['ignore', 'ignore_ament_install']
[0.235s] Level 1:colcon.colcon_core.package_identification:_identify(src/interbotix_ros_toolboxes/interbotix_perception_toolbox/interbotix_perception_pipelines) by extension 'ignore'
[0.235s] Level 1:colcon.colcon_core.package_identification:_identify(src/interbotix_ros_toolboxes/interbotix_perception_toolbox/interbotix_perception_pipelines) by extension 'ignore_ament_install'
[0.235s] Level 1:colcon.colcon_core.package_identification:_identify(src/interbotix_ros_toolboxes/interbotix_perception_toolbox/interbotix_perception_pipelines) by extensions ['colcon_pkg']
[0.235s] Level 1:colcon.colcon_core.package_identification:_identify(src/interbotix_ros_toolboxes/interbotix_perception_toolbox/interbotix_perception_pipelines) by extension 'colcon_pkg'
[0.235s] Level 1:colcon.colcon_core.package_identification:_identify(src/interbotix_ros_toolboxes/interbotix_perception_toolbox/interbotix_perception_pipelines) by extensions ['colcon_meta']
[0.235s] Level 1:colcon.colcon_core.package_identification:_identify(src/interbotix_ros_toolboxes/interbotix_perception_toolbox/interbotix_perception_pipelines) by extension 'colcon_meta'
[0.235s] Level 1:colcon.colcon_core.package_identification:_identify(src/interbotix_ros_toolboxes/interbotix_perception_toolbox/interbotix_perception_pipelines) by extensions ['ros']
[0.235s] Level 1:colcon.colcon_core.package_identification:_identify(src/interbotix_ros_toolboxes/interbotix_perception_toolbox/interbotix_perception_pipelines) by extension 'ros'
[0.235s] DEBUG:colcon.colcon_core.package_identification:Package 'src/interbotix_ros_toolboxes/interbotix_perception_toolbox/interbotix_perception_pipelines' with type 'ros.ament_cmake' and name 'interbotix_perception_pipelines'
[0.235s] Level 1:colcon.colcon_core.package_identification:_identify(src/interbotix_ros_toolboxes/interbotix_perception_toolbox/interbotix_perception_toolbox) by extensions ['ignore', 'ignore_ament_install']
[0.235s] Level 1:colcon.colcon_core.package_identification:_identify(src/interbotix_ros_toolboxes/interbotix_perception_toolbox/interbotix_perception_toolbox) by extension 'ignore'
[0.235s] Level 1:colcon.colcon_core.package_identification:_identify(src/interbotix_ros_toolboxes/interbotix_perception_toolbox/interbotix_perception_toolbox) by extension 'ignore_ament_install'
[0.235s] Level 1:colcon.colcon_core.package_identification:_identify(src/interbotix_ros_toolboxes/interbotix_perception_toolbox/interbotix_perception_toolbox) by extensions ['colcon_pkg']
[0.235s] Level 1:colcon.colcon_core.package_identification:_identify(src/interbotix_ros_toolboxes/interbotix_perception_toolbox/interbotix_perception_toolbox) by extension 'colcon_pkg'
[0.235s] Level 1:colcon.colcon_core.package_identification:_identify(src/interbotix_ros_toolboxes/interbotix_perception_toolbox/interbotix_perception_toolbox) by extensions ['colcon_meta']
[0.235s] Level 1:colcon.colcon_core.package_identification:_identify(src/interbotix_ros_toolboxes/interbotix_perception_toolbox/interbotix_perception_toolbox) by extension 'colcon_meta'
[0.235s] Level 1:colcon.colcon_core.package_identification:_identify(src/interbotix_ros_toolboxes/interbotix_perception_toolbox/interbotix_perception_toolbox) by extensions ['ros']
[0.235s] Level 1:colcon.colcon_core.package_identification:_identify(src/interbotix_ros_toolboxes/interbotix_perception_toolbox/interbotix_perception_toolbox) by extension 'ros'
[0.236s] DEBUG:colcon.colcon_core.package_identification:Package 'src/interbotix_ros_toolboxes/interbotix_perception_toolbox/interbotix_perception_toolbox' with type 'ros.ament_cmake' and name 'interbotix_perception_toolbox'
[0.236s] Level 1:colcon.colcon_core.package_identification:_identify(src/interbotix_ros_toolboxes/interbotix_rpi_toolbox) by extensions ['ignore', 'ignore_ament_install']
[0.236s] Level 1:colcon.colcon_core.package_identification:_identify(src/interbotix_ros_toolboxes/interbotix_rpi_toolbox) by extension 'ignore'
[0.236s] Level 1:colcon.colcon_core.package_identification:_identify(src/interbotix_ros_toolboxes/interbotix_rpi_toolbox) ignored
[0.236s] Level 1:colcon.colcon_core.package_identification:_identify(src/interbotix_ros_toolboxes/interbotix_xs_toolbox) by extensions ['ignore', 'ignore_ament_install']
[0.236s] Level 1:colcon.colcon_core.package_identification:_identify(src/interbotix_ros_toolboxes/interbotix_xs_toolbox) by extension 'ignore'
[0.236s] Level 1:colcon.colcon_core.package_identification:_identify(src/interbotix_ros_toolboxes/interbotix_xs_toolbox) by extension 'ignore_ament_install'
[0.236s] Level 1:colcon.colcon_core.package_identification:_identify(src/interbotix_ros_toolboxes/interbotix_xs_toolbox) by extensions ['colcon_pkg']
[0.236s] Level 1:colcon.colcon_core.package_identification:_identify(src/interbotix_ros_toolboxes/interbotix_xs_toolbox) by extension 'colcon_pkg'
[0.236s] Level 1:colcon.colcon_core.package_identification:_identify(src/interbotix_ros_toolboxes/interbotix_xs_toolbox) by extensions ['colcon_meta']
[0.236s] Level 1:colcon.colcon_core.package_identification:_identify(src/interbotix_ros_toolboxes/interbotix_xs_toolbox) by extension 'colcon_meta'
[0.236s] Level 1:colcon.colcon_core.package_identification:_identify(src/interbotix_ros_toolboxes/interbotix_xs_toolbox) by extensions ['ros']
[0.236s] Level 1:colcon.colcon_core.package_identification:_identify(src/interbotix_ros_toolboxes/interbotix_xs_toolbox) by extension 'ros'
[0.236s] Level 1:colcon.colcon_core.package_identification:_identify(src/interbotix_ros_toolboxes/interbotix_xs_toolbox) by extensions ['cmake', 'python']
[0.236s] Level 1:colcon.colcon_core.package_identification:_identify(src/interbotix_ros_toolboxes/interbotix_xs_toolbox) by extension 'cmake'
[0.236s] Level 1:colcon.colcon_core.package_identification:_identify(src/interbotix_ros_toolboxes/interbotix_xs_toolbox) by extension 'python'
[0.236s] Level 1:colcon.colcon_core.package_identification:_identify(src/interbotix_ros_toolboxes/interbotix_xs_toolbox) by extensions ['python_setup_py']
[0.236s] Level 1:colcon.colcon_core.package_identification:_identify(src/interbotix_ros_toolboxes/interbotix_xs_toolbox) by extension 'python_setup_py'
[0.236s] Level 1:colcon.colcon_core.package_identification:_identify(src/interbotix_ros_toolboxes/interbotix_xs_toolbox/interbotix_xs_modules) by extensions ['ignore', 'ignore_ament_install']
[0.236s] Level 1:colcon.colcon_core.package_identification:_identify(src/interbotix_ros_toolboxes/interbotix_xs_toolbox/interbotix_xs_modules) by extension 'ignore'
[0.236s] Level 1:colcon.colcon_core.package_identification:_identify(src/interbotix_ros_toolboxes/interbotix_xs_toolbox/interbotix_xs_modules) by extension 'ignore_ament_install'
[0.236s] Level 1:colcon.colcon_core.package_identification:_identify(src/interbotix_ros_toolboxes/interbotix_xs_toolbox/interbotix_xs_modules) by extensions ['colcon_pkg']
[0.236s] Level 1:colcon.colcon_core.package_identification:_identify(src/interbotix_ros_toolboxes/interbotix_xs_toolbox/interbotix_xs_modules) by extension 'colcon_pkg'
[0.236s] Level 1:colcon.colcon_core.package_identification:_identify(src/interbotix_ros_toolboxes/interbotix_xs_toolbox/interbotix_xs_modules) by extensions ['colcon_meta']
[0.236s] Level 1:colcon.colcon_core.package_identification:_identify(src/interbotix_ros_toolboxes/interbotix_xs_toolbox/interbotix_xs_modules) by extension 'colcon_meta'
[0.236s] Level 1:colcon.colcon_core.package_identification:_identify(src/interbotix_ros_toolboxes/interbotix_xs_toolbox/interbotix_xs_modules) by extensions ['ros']
[0.236s] Level 1:colcon.colcon_core.package_identification:_identify(src/interbotix_ros_toolboxes/interbotix_xs_toolbox/interbotix_xs_modules) by extension 'ros'
[0.237s] DEBUG:colcon.colcon_core.package_identification:Package 'src/interbotix_ros_toolboxes/interbotix_xs_toolbox/interbotix_xs_modules' with type 'ros.ament_python' and name 'interbotix_xs_modules'
[0.237s] Level 1:colcon.colcon_core.package_identification:_identify(src/interbotix_ros_toolboxes/interbotix_xs_toolbox/interbotix_xs_ros_control) by extensions ['ignore', 'ignore_ament_install']
[0.237s] Level 1:colcon.colcon_core.package_identification:_identify(src/interbotix_ros_toolboxes/interbotix_xs_toolbox/interbotix_xs_ros_control) by extension 'ignore'
[0.237s] Level 1:colcon.colcon_core.package_identification:_identify(src/interbotix_ros_toolboxes/interbotix_xs_toolbox/interbotix_xs_ros_control) by extension 'ignore_ament_install'
[0.237s] Level 1:colcon.colcon_core.package_identification:_identify(src/interbotix_ros_toolboxes/interbotix_xs_toolbox/interbotix_xs_ros_control) by extensions ['colcon_pkg']
[0.237s] Level 1:colcon.colcon_core.package_identification:_identify(src/interbotix_ros_toolboxes/interbotix_xs_toolbox/interbotix_xs_ros_control) by extension 'colcon_pkg'
[0.237s] Level 1:colcon.colcon_core.package_identification:_identify(src/interbotix_ros_toolboxes/interbotix_xs_toolbox/interbotix_xs_ros_control) by extensions ['colcon_meta']
[0.237s] Level 1:colcon.colcon_core.package_identification:_identify(src/interbotix_ros_toolboxes/interbotix_xs_toolbox/interbotix_xs_ros_control) by extension 'colcon_meta'
[0.237s] Level 1:colcon.colcon_core.package_identification:_identify(src/interbotix_ros_toolboxes/interbotix_xs_toolbox/interbotix_xs_ros_control) by extensions ['ros']
[0.237s] Level 1:colcon.colcon_core.package_identification:_identify(src/interbotix_ros_toolboxes/interbotix_xs_toolbox/interbotix_xs_ros_control) by extension 'ros'
[0.237s] DEBUG:colcon.colcon_core.package_identification:Package 'src/interbotix_ros_toolboxes/interbotix_xs_toolbox/interbotix_xs_ros_control' with type 'ros.ament_cmake' and name 'interbotix_xs_ros_control'
[0.237s] Level 1:colcon.colcon_core.package_identification:_identify(src/interbotix_ros_toolboxes/interbotix_xs_toolbox/interbotix_xs_rviz) by extensions ['ignore', 'ignore_ament_install']
[0.237s] Level 1:colcon.colcon_core.package_identification:_identify(src/interbotix_ros_toolboxes/interbotix_xs_toolbox/interbotix_xs_rviz) by extension 'ignore'
[0.237s] Level 1:colcon.colcon_core.package_identification:_identify(src/interbotix_ros_toolboxes/interbotix_xs_toolbox/interbotix_xs_rviz) by extension 'ignore_ament_install'
[0.237s] Level 1:colcon.colcon_core.package_identification:_identify(src/interbotix_ros_toolboxes/interbotix_xs_toolbox/interbotix_xs_rviz) by extensions ['colcon_pkg']
[0.238s] Level 1:colcon.colcon_core.package_identification:_identify(src/interbotix_ros_toolboxes/interbotix_xs_toolbox/interbotix_xs_rviz) by extension 'colcon_pkg'
[0.238s] Level 1:colcon.colcon_core.package_identification:_identify(src/interbotix_ros_toolboxes/interbotix_xs_toolbox/interbotix_xs_rviz) by extensions ['colcon_meta']
[0.238s] Level 1:colcon.colcon_core.package_identification:_identify(src/interbotix_ros_toolboxes/interbotix_xs_toolbox/interbotix_xs_rviz) by extension 'colcon_meta'
[0.238s] Level 1:colcon.colcon_core.package_identification:_identify(src/interbotix_ros_toolboxes/interbotix_xs_toolbox/interbotix_xs_rviz) by extensions ['ros']
[0.238s] Level 1:colcon.colcon_core.package_identification:_identify(src/interbotix_ros_toolboxes/interbotix_xs_toolbox/interbotix_xs_rviz) by extension 'ros'
[0.238s] DEBUG:colcon.colcon_core.package_identification:Package 'src/interbotix_ros_toolboxes/interbotix_xs_toolbox/interbotix_xs_rviz' with type 'ros.ament_cmake' and name 'interbotix_xs_rviz'
[0.238s] Level 1:colcon.colcon_core.package_identification:_identify(src/interbotix_ros_toolboxes/interbotix_xs_toolbox/interbotix_xs_toolbox) by extensions ['ignore', 'ignore_ament_install']
[0.238s] Level 1:colcon.colcon_core.package_identification:_identify(src/interbotix_ros_toolboxes/interbotix_xs_toolbox/interbotix_xs_toolbox) by extension 'ignore'
[0.238s] Level 1:colcon.colcon_core.package_identification:_identify(src/interbotix_ros_toolboxes/interbotix_xs_toolbox/interbotix_xs_toolbox) by extension 'ignore_ament_install'
[0.238s] Level 1:colcon.colcon_core.package_identification:_identify(src/interbotix_ros_toolboxes/interbotix_xs_toolbox/interbotix_xs_toolbox) by extensions ['colcon_pkg']
[0.238s] Level 1:colcon.colcon_core.package_identification:_identify(src/interbotix_ros_toolboxes/interbotix_xs_toolbox/interbotix_xs_toolbox) by extension 'colcon_pkg'
[0.238s] Level 1:colcon.colcon_core.package_identification:_identify(src/interbotix_ros_toolboxes/interbotix_xs_toolbox/interbotix_xs_toolbox) by extensions ['colcon_meta']
[0.238s] Level 1:colcon.colcon_core.package_identification:_identify(src/interbotix_ros_toolboxes/interbotix_xs_toolbox/interbotix_xs_toolbox) by extension 'colcon_meta'
[0.238s] Level 1:colcon.colcon_core.package_identification:_identify(src/interbotix_ros_toolboxes/interbotix_xs_toolbox/interbotix_xs_toolbox) by extensions ['ros']
[0.238s] Level 1:colcon.colcon_core.package_identification:_identify(src/interbotix_ros_toolboxes/interbotix_xs_toolbox/interbotix_xs_toolbox) by extension 'ros'
[0.239s] DEBUG:colcon.colcon_core.package_identification:Package 'src/interbotix_ros_toolboxes/interbotix_xs_toolbox/interbotix_xs_toolbox' with type 'ros.ament_cmake' and name 'interbotix_xs_toolbox'
[0.239s] Level 1:colcon.colcon_core.package_identification:_identify(src/interbotix_ros_toolboxes/third_party_libraries) by extensions ['ignore', 'ignore_ament_install']
[0.239s] Level 1:colcon.colcon_core.package_identification:_identify(src/interbotix_ros_toolboxes/third_party_libraries) by extension 'ignore'
[0.239s] Level 1:colcon.colcon_core.package_identification:_identify(src/interbotix_ros_toolboxes/third_party_libraries) by extension 'ignore_ament_install'
[0.239s] Level 1:colcon.colcon_core.package_identification:_identify(src/interbotix_ros_toolboxes/third_party_libraries) by extensions ['colcon_pkg']
[0.239s] Level 1:colcon.colcon_core.package_identification:_identify(src/interbotix_ros_toolboxes/third_party_libraries) by extension 'colcon_pkg'
[0.239s] Level 1:colcon.colcon_core.package_identification:_identify(src/interbotix_ros_toolboxes/third_party_libraries) by extensions ['colcon_meta']
[0.239s] Level 1:colcon.colcon_core.package_identification:_identify(src/interbotix_ros_toolboxes/third_party_libraries) by extension 'colcon_meta'
[0.239s] Level 1:colcon.colcon_core.package_identification:_identify(src/interbotix_ros_toolboxes/third_party_libraries) by extensions ['ros']
[0.239s] Level 1:colcon.colcon_core.package_identification:_identify(src/interbotix_ros_toolboxes/third_party_libraries) by extension 'ros'
[0.239s] Level 1:colcon.colcon_core.package_identification:_identify(src/interbotix_ros_toolboxes/third_party_libraries) by extensions ['cmake', 'python']
[0.239s] Level 1:colcon.colcon_core.package_identification:_identify(src/interbotix_ros_toolboxes/third_party_libraries) by extension 'cmake'
[0.239s] Level 1:colcon.colcon_core.package_identification:_identify(src/interbotix_ros_toolboxes/third_party_libraries) by extension 'python'
[0.239s] Level 1:colcon.colcon_core.package_identification:_identify(src/interbotix_ros_toolboxes/third_party_libraries) by extensions ['python_setup_py']
[0.239s] Level 1:colcon.colcon_core.package_identification:_identify(src/interbotix_ros_toolboxes/third_party_libraries) by extension 'python_setup_py'
[0.239s] Level 1:colcon.colcon_core.package_identification:_identify(src/interbotix_ros_toolboxes/third_party_libraries/ModernRobotics) by extensions ['ignore', 'ignore_ament_install']
[0.239s] Level 1:colcon.colcon_core.package_identification:_identify(src/interbotix_ros_toolboxes/third_party_libraries/ModernRobotics) by extension 'ignore'
[0.239s] Level 1:colcon.colcon_core.package_identification:_identify(src/interbotix_ros_toolboxes/third_party_libraries/ModernRobotics) by extension 'ignore_ament_install'
[0.239s] Level 1:colcon.colcon_core.package_identification:_identify(src/interbotix_ros_toolboxes/third_party_libraries/ModernRobotics) by extensions ['colcon_pkg']
[0.239s] Level 1:colcon.colcon_core.package_identification:_identify(src/interbotix_ros_toolboxes/third_party_libraries/ModernRobotics) by extension 'colcon_pkg'
[0.239s] Level 1:colcon.colcon_core.package_identification:_identify(src/interbotix_ros_toolboxes/third_party_libraries/ModernRobotics) by extensions ['colcon_meta']
[0.239s] Level 1:colcon.colcon_core.package_identification:_identify(src/interbotix_ros_toolboxes/third_party_libraries/ModernRobotics) by extension 'colcon_meta'
[0.239s] Level 1:colcon.colcon_core.package_identification:_identify(src/interbotix_ros_toolboxes/third_party_libraries/ModernRobotics) by extensions ['ros']
[0.239s] Level 1:colcon.colcon_core.package_identification:_identify(src/interbotix_ros_toolboxes/third_party_libraries/ModernRobotics) by extension 'ros'
[0.239s] Level 1:colcon.colcon_core.package_identification:_identify(src/interbotix_ros_toolboxes/third_party_libraries/ModernRobotics) by extensions ['cmake', 'python']
[0.239s] Level 1:colcon.colcon_core.package_identification:_identify(src/interbotix_ros_toolboxes/third_party_libraries/ModernRobotics) by extension 'cmake'
[0.239s] Level 1:colcon.colcon_core.package_identification:_identify(src/interbotix_ros_toolboxes/third_party_libraries/ModernRobotics) by extension 'python'
[0.239s] Level 1:colcon.colcon_core.package_identification:_identify(src/interbotix_ros_toolboxes/third_party_libraries/ModernRobotics) by extensions ['python_setup_py']
[0.239s] Level 1:colcon.colcon_core.package_identification:_identify(src/interbotix_ros_toolboxes/third_party_libraries/ModernRobotics) by extension 'python_setup_py'
[0.239s] Level 1:colcon.colcon_core.package_identification:_identify(src/interbotix_ros_toolboxes/third_party_libraries/ModernRobotics/mr) by extensions ['ignore', 'ignore_ament_install']
[0.239s] Level 1:colcon.colcon_core.package_identification:_identify(src/interbotix_ros_toolboxes/third_party_libraries/ModernRobotics/mr) by extension 'ignore'
[0.239s] Level 1:colcon.colcon_core.package_identification:_identify(src/interbotix_ros_toolboxes/third_party_libraries/ModernRobotics/mr) by extension 'ignore_ament_install'
[0.239s] Level 1:colcon.colcon_core.package_identification:_identify(src/interbotix_ros_toolboxes/third_party_libraries/ModernRobotics/mr) by extensions ['colcon_pkg']
[0.239s] Level 1:colcon.colcon_core.package_identification:_identify(src/interbotix_ros_toolboxes/third_party_libraries/ModernRobotics/mr) by extension 'colcon_pkg'
[0.239s] Level 1:colcon.colcon_core.package_identification:_identify(src/interbotix_ros_toolboxes/third_party_libraries/ModernRobotics/mr) by extensions ['colcon_meta']
[0.239s] Level 1:colcon.colcon_core.package_identification:_identify(src/interbotix_ros_toolboxes/third_party_libraries/ModernRobotics/mr) by extension 'colcon_meta'
[0.239s] Level 1:colcon.colcon_core.package_identification:_identify(src/interbotix_ros_toolboxes/third_party_libraries/ModernRobotics/mr) by extensions ['ros']
[0.239s] Level 1:colcon.colcon_core.package_identification:_identify(src/interbotix_ros_toolboxes/third_party_libraries/ModernRobotics/mr) by extension 'ros'
[0.239s] Level 1:colcon.colcon_core.package_identification:_identify(src/interbotix_ros_toolboxes/third_party_libraries/ModernRobotics/mr) by extensions ['cmake', 'python']
[0.239s] Level 1:colcon.colcon_core.package_identification:_identify(src/interbotix_ros_toolboxes/third_party_libraries/ModernRobotics/mr) by extension 'cmake'
[0.239s] Level 1:colcon.colcon_core.package_identification:_identify(src/interbotix_ros_toolboxes/third_party_libraries/ModernRobotics/mr) by extension 'python'
[0.239s] Level 1:colcon.colcon_core.package_identification:_identify(src/interbotix_ros_toolboxes/third_party_libraries/ModernRobotics/mr) by extensions ['python_setup_py']
[0.239s] Level 1:colcon.colcon_core.package_identification:_identify(src/interbotix_ros_toolboxes/third_party_libraries/ModernRobotics/mr) by extension 'python_setup_py'
[0.239s] Level 1:colcon.colcon_core.package_identification:_identify(src/moveit_visual_tools) by extensions ['ignore', 'ignore_ament_install']
[0.239s] Level 1:colcon.colcon_core.package_identification:_identify(src/moveit_visual_tools) by extension 'ignore'
[0.239s] Level 1:colcon.colcon_core.package_identification:_identify(src/moveit_visual_tools) by extension 'ignore_ament_install'
[0.239s] Level 1:colcon.colcon_core.package_identification:_identify(src/moveit_visual_tools) by extensions ['colcon_pkg']
[0.240s] Level 1:colcon.colcon_core.package_identification:_identify(src/moveit_visual_tools) by extension 'colcon_pkg'
[0.240s] Level 1:colcon.colcon_core.package_identification:_identify(src/moveit_visual_tools) by extensions ['colcon_meta']
[0.240s] Level 1:colcon.colcon_core.package_identification:_identify(src/moveit_visual_tools) by extension 'colcon_meta'
[0.240s] Level 1:colcon.colcon_core.package_identification:_identify(src/moveit_visual_tools) by extensions ['ros']
[0.240s] Level 1:colcon.colcon_core.package_identification:_identify(src/moveit_visual_tools) by extension 'ros'
[0.240s] DEBUG:colcon.colcon_core.package_identification:Package 'src/moveit_visual_tools' with type 'ros.ament_cmake' and name 'moveit_visual_tools'
[0.240s] Level 1:colcon.colcon_core.package_discovery:discover_packages(recursive) using defaults
[0.240s] Level 1:colcon.colcon_core.package_discovery:discover_packages(ignore) discover
[0.240s] Level 1:colcon.colcon_core.package_discovery:discover_packages(ignore) using defaults
[0.240s] Level 1:colcon.colcon_core.package_discovery:discover_packages(path) discover
[0.240s] Level 1:colcon.colcon_core.package_discovery:discover_packages(path) using defaults
[0.260s] INFO:colcon.colcon_core.package_selection:Skipping not selected package 'dynamixel_workbench_toolbox' in 'src/interbotix_ros_core/interbotix_ros_xseries/dynamixel_workbench_toolbox'
[0.260s] INFO:colcon.colcon_core.package_selection:Skipping not selected package 'interbotix_common_modules' in 'src/interbotix_ros_toolboxes/interbotix_common_toolbox/interbotix_common_modules'
[0.260s] INFO:colcon.colcon_core.package_selection:Skipping not selected package 'interbotix_common_sim' in 'src/interbotix_ros_toolboxes/interbotix_common_toolbox/interbotix_common_sim'
[0.260s] INFO:colcon.colcon_core.package_selection:Skipping not selected package 'interbotix_moveit_interface_msgs' in 'src/interbotix_ros_toolboxes/interbotix_common_toolbox/interbotix_moveit_interface_msgs'
[0.260s] INFO:colcon.colcon_core.package_selection:Skipping not selected package 'interbotix_perception_msgs' in 'src/interbotix_ros_toolboxes/interbotix_perception_toolbox/interbotix_perception_msgs'
[0.260s] INFO:colcon.colcon_core.package_selection:Skipping not selected package 'interbotix_tf_tools' in 'src/interbotix_ros_toolboxes/interbotix_common_toolbox/interbotix_tf_tools'
[0.260s] INFO:colcon.colcon_core.package_selection:Skipping not selected package 'interbotix_xs_msgs' in 'src/interbotix_ros_core/interbotix_ros_xseries/interbotix_xs_msgs'
[0.260s] INFO:colcon.colcon_core.package_selection:Skipping not selected package 'moveit_visual_tools' in 'src/moveit_visual_tools'
[0.260s] INFO:colcon.colcon_core.package_selection:Skipping not selected package 'interbotix_gravity_compensation' in 'src/interbotix_ros_toolboxes/interbotix_common_toolbox/interbotix_gravity_compensation'
[0.260s] INFO:colcon.colcon_core.package_selection:Skipping not selected package 'interbotix_moveit_interface' in 'src/interbotix_ros_toolboxes/interbotix_common_toolbox/interbotix_moveit_interface'
[0.260s] INFO:colcon.colcon_core.package_selection:Skipping not selected package 'interbotix_perception_pipelines' in 'src/interbotix_ros_toolboxes/interbotix_perception_toolbox/interbotix_perception_pipelines'
[0.260s] INFO:colcon.colcon_core.package_selection:Skipping not selected package 'interbotix_xs_driver' in 'src/interbotix_ros_core/interbotix_ros_xseries/interbotix_xs_driver'
[0.260s] INFO:colcon.colcon_core.package_selection:Skipping not selected package 'interbotix_xs_ros_control' in 'src/interbotix_ros_toolboxes/interbotix_xs_toolbox/interbotix_xs_ros_control'
[0.260s] INFO:colcon.colcon_core.package_selection:Skipping not selected package 'interbotix_common_toolbox' in 'src/interbotix_ros_toolboxes/interbotix_common_toolbox/interbotix_common_toolbox'
[0.260s] INFO:colcon.colcon_core.package_selection:Skipping not selected package 'interbotix_perception_modules' in 'src/interbotix_ros_toolboxes/interbotix_perception_toolbox/interbotix_perception_modules'
[0.260s] INFO:colcon.colcon_core.package_selection:Skipping not selected package 'interbotix_xs_sdk' in 'src/interbotix_ros_core/interbotix_ros_xseries/interbotix_xs_sdk'
[0.260s] INFO:colcon.colcon_core.package_selection:Skipping not selected package 'interbotix_perception_toolbox' in 'src/interbotix_ros_toolboxes/interbotix_perception_toolbox/interbotix_perception_toolbox'
[0.260s] INFO:colcon.colcon_core.package_selection:Skipping not selected package 'interbotix_ros_xseries' in 'src/interbotix_ros_core/interbotix_ros_xseries/interbotix_ros_xseries'
[0.260s] INFO:colcon.colcon_core.package_selection:Skipping not selected package 'interbotix_xs_modules' in 'src/interbotix_ros_toolboxes/interbotix_xs_toolbox/interbotix_xs_modules'
[0.260s] INFO:colcon.colcon_core.package_selection:Skipping not selected package 'interbotix_xs_rviz' in 'src/interbotix_ros_toolboxes/interbotix_xs_toolbox/interbotix_xs_rviz'
[0.260s] INFO:colcon.colcon_core.package_selection:Skipping not selected package 'interbotix_xs_toolbox' in 'src/interbotix_ros_toolboxes/interbotix_xs_toolbox/interbotix_xs_toolbox'
[0.260s] INFO:colcon.colcon_core.package_selection:Skipping not selected package 'interbotix_xsarm_descriptions' in 'src/interbotix_ros_manipulators/interbotix_ros_xsarms/interbotix_xsarm_descriptions'
[0.260s] INFO:colcon.colcon_core.package_selection:Skipping not selected package 'interbotix_xsarm_control' in 'src/interbotix_ros_manipulators/interbotix_ros_xsarms/interbotix_xsarm_control'
[0.260s] INFO:colcon.colcon_core.package_selection:Skipping not selected package 'interbotix_xsarm_sim' in 'src/interbotix_ros_manipulators/interbotix_ros_xsarms/interbotix_xsarm_sim'
[0.260s] INFO:colcon.colcon_core.package_selection:Skipping not selected package 'interbotix_xsarm_dual' in 'src/interbotix_ros_manipulators/interbotix_ros_xsarms/examples/interbotix_xsarm_dual'
[0.260s] INFO:colcon.colcon_core.package_selection:Skipping not selected package 'interbotix_xsarm_gravity_compensation' in 'src/interbotix_ros_manipulators/interbotix_ros_xsarms/examples/interbotix_xsarm_gravity_compensation'
[0.260s] INFO:colcon.colcon_core.package_selection:Skipping not selected package 'interbotix_xsarm_perception' in 'src/interbotix_ros_manipulators/interbotix_ros_xsarms/interbotix_xsarm_perception'
[0.260s] INFO:colcon.colcon_core.package_selection:Skipping not selected package 'interbotix_xsarm_puppet' in 'src/interbotix_ros_manipulators/interbotix_ros_xsarms/examples/interbotix_xsarm_puppet'
[0.260s] INFO:colcon.colcon_core.package_selection:Skipping not selected package 'interbotix_xsarm_ros_control' in 'src/interbotix_ros_manipulators/interbotix_ros_xsarms/interbotix_xsarm_ros_control'
[0.260s] INFO:colcon.colcon_core.package_selection:Skipping not selected package 'interbotix_xsarm_moveit' in 'src/interbotix_ros_manipulators/interbotix_ros_xsarms/interbotix_xsarm_moveit'
[0.260s] INFO:colcon.colcon_core.package_selection:Skipping not selected package 'interbotix_ros_xsarms' in 'src/interbotix_ros_manipulators/interbotix_ros_xsarms/interbotix_ros_xsarms'
[0.260s] INFO:colcon.colcon_core.package_selection:Skipping not selected package 'interbotix_xsarm_moveit_interface' in 'src/interbotix_ros_manipulators/interbotix_ros_xsarms/examples/interbotix_xsarm_moveit_interface'
[0.260s] INFO:colcon.colcon_core.package_selection:Skipping not selected package 'interbotix_ros_xsarms_examples' in 'src/interbotix_ros_manipulators/interbotix_ros_xsarms/examples/interbotix_ros_xsarms_examples'
[0.260s] Level 1:colcon.colcon_core.package_discovery:discover_packages(prefix_path) check parameters
[0.260s] Level 1:colcon.colcon_core.package_discovery:discover_packages(prefix_path) discover
[0.262s] DEBUG:colcon.colcon_installed_package_information.package_discovery:Found 34 installed packages in /home/my11/interbotix_ws/install
[0.263s] DEBUG:colcon.colcon_installed_package_information.package_discovery:Found 1 installed packages in /home/my11/apriltag_ws/install
[0.263s] DEBUG:colcon.colcon_installed_package_information.package_discovery:Found 4 installed packages in /home/my11/ros2_ws/install
[0.263s] DEBUG:colcon.colcon_installed_package_information.package_discovery:Found 360 installed packages in /opt/ros/humble
[0.264s] Level 1:colcon.colcon_core.package_discovery:discover_packages(prefix_path) using defaults
[0.285s] WARNING:colcon.colcon_core.package_selection:Some selected packages are already built in one or more underlay workspaces:
	'interbotix_xsarm_joy' is in: /home/my11/interbotix_ws/install/interbotix_xsarm_joy
If a package in a merged underlay workspace is overridden and it installs headers, then all packages in the overlay must sort their include directories by workspace order. Failure to do so may result in build failures or undefined behavior at run time.
If the overridden package is used by another package in any underlay, then the overriding package in the overlay must be API and ABI compatible or undefined behavior at run time may occur.

If you understand the risks and want to override a package anyways, add the following to the command line:
	--allow-overriding interbotix_xsarm_joy

This may be promoted to an error in a future release of colcon-override-check.
[0.285s] Level 5:colcon.colcon_core.verb:set package 'interbotix_xsarm_joy' build argument 'cmake_args' from command line to 'None'
[0.285s] Level 5:colcon.colcon_core.verb:set package 'interbotix_xsarm_joy' build argument 'cmake_target' from command line to 'None'
[0.285s] Level 5:colcon.colcon_core.verb:set package 'interbotix_xsarm_joy' build argument 'cmake_target_skip_unavailable' from command line to 'False'
[0.285s] Level 5:colcon.colcon_core.verb:set package 'interbotix_xsarm_joy' build argument 'cmake_clean_cache' from command line to 'False'
[0.285s] Level 5:colcon.colcon_core.verb:set package 'interbotix_xsarm_joy' build argument 'cmake_clean_first' from command line to 'False'
[0.285s] Level 5:colcon.colcon_core.verb:set package 'interbotix_xsarm_joy' build argument 'cmake_force_configure' from command line to 'False'
[0.285s] Level 5:colcon.colcon_core.verb:set package 'interbotix_xsarm_joy' build argument 'ament_cmake_args' from command line to 'None'
[0.285s] Level 5:colcon.colcon_core.verb:set package 'interbotix_xsarm_joy' build argument 'catkin_cmake_args' from command line to 'None'
[0.285s] Level 5:colcon.colcon_core.verb:set package 'interbotix_xsarm_joy' build argument 'catkin_skip_building_tests' from command line to 'False'
[0.285s] DEBUG:colcon.colcon_core.verb:Building package 'interbotix_xsarm_joy' with the following arguments: {'ament_cmake_args': None, 'build_base': '/home/my11/interbotix_ws/build/interbotix_xsarm_joy', 'catkin_cmake_args': None, 'catkin_skip_building_tests': False, 'cmake_args': None, 'cmake_clean_cache': False, 'cmake_clean_first': False, 'cmake_force_configure': False, 'cmake_target': None, 'cmake_target_skip_unavailable': False, 'install_base': '/home/my11/interbotix_ws/install/interbotix_xsarm_joy', 'merge_install': False, 'path': '/home/my11/interbotix_ws/src/interbotix_ros_manipulators/interbotix_ros_xsarms/examples/interbotix_xsarm_joy', 'symlink_install': False, 'test_result_base': None}
[0.285s] INFO:colcon.colcon_core.executor:Executing jobs using 'parallel' executor
[0.286s] DEBUG:colcon.colcon_parallel_executor.executor.parallel:run_until_complete
[0.286s] INFO:colcon.colcon_ros.task.ament_cmake.build:Building ROS package in '/home/my11/interbotix_ws/src/interbotix_ros_manipulators/interbotix_ros_xsarms/examples/interbotix_xsarm_joy' with build type 'ament_cmake'
[0.286s] INFO:colcon.colcon_cmake.task.cmake.build:Building CMake package in '/home/my11/interbotix_ws/src/interbotix_ros_manipulators/interbotix_ros_xsarms/examples/interbotix_xsarm_joy'
[0.290s] INFO:colcon.colcon_core.plugin_system:Skipping extension 'colcon_core.shell.bat': Not used on non-Windows systems
[0.290s] INFO:colcon.colcon_core.shell:Skip shell extension 'powershell' for command environment: Not usable outside of PowerShell
[0.290s] DEBUG:colcon.colcon_core.shell:Skip shell extension 'dsv' for command environment
[0.322s] DEBUG:colcon.colcon_core.event_handler.log_command:Invoking command in '/home/my11/interbotix_ws/build/interbotix_xsarm_joy': AMENT_PREFIX_PATH=/home/my11/interbotix_ws/install/interbotix_xs_modules:/home/my11/interbotix_ws/install/interbotix_common_modules:/home/my11/interbotix_ws/install/interbotix_ros_xsarms_examples:/home/my11/interbotix_ws/install/interbotix_xsarm_moveit_interface:/home/my11/interbotix_ws/install/interbotix_moveit_interface:/home/my11/interbotix_ws/install/moveit_visual_tools:/home/my11/interbotix_ws/install/interbotix_ros_xsarms:/home/my11/interbotix_ws/install/interbotix_xsarm_moveit:/home/my11/interbotix_ws/install/interbotix_xsarm_sim:/home/my11/interbotix_ws/install/interbotix_xsarm_ros_control:/home/my11/interbotix_ws/install/interbotix_xsarm_puppet:/home/my11/interbotix_ws/install/interbotix_xsarm_perception:/home/my11/interbotix_ws/install/interbotix_xsarm_joy:/home/my11/interbotix_ws/install/interbotix_xsarm_gravity_compensation:/home/my11/interbotix_ws/install/interbotix_xsarm_dual:/home/my11/interbotix_ws/install/interbotix_xsarm_control:/home/my11/interbotix_ws/install/interbotix_xsarm_descriptions:/home/my11/interbotix_ws/install/interbotix_xs_toolbox:/home/my11/interbotix_ws/install/interbotix_xs_rviz:/home/my11/interbotix_ws/install/interbotix_ros_xseries:/home/my11/interbotix_ws/install/interbotix_xs_sdk:/home/my11/interbotix_ws/install/interbotix_xs_ros_control:/home/my11/interbotix_ws/install/interbotix_perception_toolbox:/home/my11/interbotix_ws/install/interbotix_perception_modules:/home/my11/interbotix_ws/install/interbotix_common_toolbox:/home/my11/interbotix_ws/install/interbotix_gravity_compensation:/home/my11/interbotix_ws/install/interbotix_xs_msgs:/home/my11/interbotix_ws/install/interbotix_xs_driver:/home/my11/interbotix_ws/install/interbotix_tf_tools:/home/my11/interbotix_ws/install/interbotix_perception_pipelines:/home/my11/interbotix_ws/install/interbotix_perception_msgs:/home/my11/interbotix_ws/install/interbotix_moveit_interface_msgs:/home/my11/interbotix_ws/install/interbotix_common_sim:/home/my11/interbotix_ws/install/dynamixel_workbench_toolbox:/home/my11/apriltag_ws/install/apriltag_ros:/home/my11/ros2_ws/install/rrbot_gazebo:/home/my11/ros2_ws/install/rrbot_description:/home/my11/ros2_ws/install/plate_description:/home/my11/ros2_ws/install/opencv_test_py:/opt/ros/humble CMAKE_PREFIX_PATH=/home/my11/interbotix_ws/install/interbotix_xsarm_control:/home/my11/interbotix_ws/install/interbotix_xsarm_descriptions:/home/my11/interbotix_ws/install/interbotix_xs_sdk:/home/my11/interbotix_ws/install/interbotix_xs_driver:/home/my11/interbotix_ws/install/interbotix_xs_msgs:/home/my11/interbotix_ws/install/dynamixel_workbench_toolbox:/home/my11/interbotix_ws/install/interbotix_ros_xsarms_examples:/home/my11/interbotix_ws/install/interbotix_xsarm_moveit_interface:/home/my11/interbotix_ws/install/interbotix_moveit_interface:/home/my11/interbotix_ws/install/moveit_visual_tools:/home/my11/interbotix_ws/install/interbotix_ros_xsarms:/home/my11/interbotix_ws/install/interbotix_xsarm_moveit:/home/my11/interbotix_ws/install/interbotix_xsarm_sim:/home/my11/interbotix_ws/install/interbotix_xsarm_ros_control:/home/my11/interbotix_ws/install/interbotix_xsarm_puppet:/home/my11/interbotix_ws/install/interbotix_xsarm_perception:/home/my11/interbotix_ws/install/interbotix_xsarm_joy:/home/my11/interbotix_ws/install/interbotix_xsarm_gravity_compensation:/home/my11/interbotix_ws/install/interbotix_xsarm_dual:/home/my11/interbotix_ws/install/interbotix_xs_toolbox:/home/my11/interbotix_ws/install/interbotix_xs_rviz:/home/my11/interbotix_ws/install/interbotix_ros_xseries:/home/my11/interbotix_ws/install/interbotix_xs_ros_control:/home/my11/interbotix_ws/install/interbotix_perception_toolbox:/home/my11/interbotix_ws/install/interbotix_common_toolbox:/home/my11/interbotix_ws/install/interbotix_gravity_compensation:/home/my11/interbotix_ws/install/interbotix_tf_tools:/home/my11/interbotix_ws/install/interbotix_perception_pipelines:/home/my11/interbotix_ws/install/interbotix_perception_msgs:/home/my11/interbotix_ws/install/interbotix_moveit_interface_msgs:/home/my11/interbotix_ws/install/interbotix_common_sim:/home/my11/apriltag_ws/install/apriltag_ros:/home/my11/ros2_ws/install/rrbot_gazebo:/home/my11/ros2_ws/install/rrbot_description:/home/my11/ros2_ws/install/plate_description:/home/my11/interbotix_ws/install/interbotix_xs_modules:/home/my11/interbotix_ws/install/interbotix_perception_modules:/home/my11/interbotix_ws/install/interbotix_common_modules:/home/my11/ros2_ws/install/opencv_test_py:/opt/ros/humble LD_LIBRARY_PATH=/home/my11/interbotix_ws/install/interbotix_xs_driver/lib:/home/my11/interbotix_ws/install/interbotix_xs_msgs/lib:/home/my11/interbotix_ws/install/dynamixel_workbench_toolbox/lib:/home/my11/interbotix_ws/install/moveit_visual_tools/lib:/home/my11/interbotix_ws/install/interbotix_xs_rviz/lib:/home/my11/interbotix_ws/install/interbotix_xs_ros_control/lib:/home/my11/interbotix_ws/install/interbotix_tf_tools/lib:/home/my11/interbotix_ws/install/interbotix_perception_msgs/lib:/home/my11/interbotix_ws/install/interbotix_moveit_interface_msgs/lib:/home/my11/apriltag_ws/install/apriltag_ros/lib:/usr/lib/x86_64-linux-gnu/gazebo-11/plugins:/opt/ros/humble/opt/rviz_ogre_vendor/lib:/opt/ros/humble/lib/x86_64-linux-gnu:/opt/ros/humble/lib:/tmp/.mount_Cursorc2SjwU/usr/lib/:/tmp/.mount_Cursorc2SjwU/usr/lib32/:/tmp/.mount_Cursorc2SjwU/usr/lib64/:/tmp/.mount_Cursorc2SjwU/lib/:/tmp/.mount_Cursorc2SjwU/lib/i386-linux-gnu/:/tmp/.mount_Cursorc2SjwU/lib/x86_64-linux-gnu/:/tmp/.mount_Cursorc2SjwU/lib/aarch64-linux-gnu/:/tmp/.mount_Cursorc2SjwU/lib32/:/tmp/.mount_Cursorc2SjwU/lib64/:/usr/share/gazebo/../../lib/x86_64-linux-gnu/gazebo-11/plugins:/usr/share/gazebo/../../lib/x86_64-linux-gnu/gazebo-11/plugins:/usr/share/gazebo/../../lib/x86_64-linux-gnu/gazebo-11/plugins:/usr/share/gazebo/../../lib/x86_64-linux-gnu/gazebo-11/plugins:/usr/share/gazebo/../../lib/x86_64-linux-gnu/gazebo-11/plugins:/usr/share/gazebo/../../lib/x86_64-linux-gnu/gazebo-11/plugins:/usr/share/gazebo/../../lib/x86_64-linux-gnu/gazebo-11/plugins:/usr/share/gazebo/../../lib/x86_64-linux-gnu/gazebo-11/plugins:/usr/share/gazebo/../../lib/x86_64-linux-gnu/gazebo-11/plugins:/usr/share/gazebo/../../lib/x86_64-linux-gnu/gazebo-11/plugins PYTHONPATH=/home/my11/interbotix_ws/install/interbotix_xs_modules/lib/python3.10/site-packages:/home/my11/interbotix_ws/install/interbotix_common_modules/lib/python3.10/site-packages:/home/my11/interbotix_ws/install/interbotix_perception_modules/lib/python3.10/site-packages:/home/my11/interbotix_ws/install/interbotix_xs_msgs/local/lib/python3.10/dist-packages:/home/my11/interbotix_ws/install/interbotix_perception_msgs/local/lib/python3.10/dist-packages:/home/my11/interbotix_ws/install/interbotix_moveit_interface_msgs/local/lib/python3.10/dist-packages:/home/my11/apriltag_ws/install/apriltag_ros/local/lib/python3.10/dist-packages:/home/my11/ros2_ws/install/opencv_test_py/lib/python3.10/site-packages:/opt/ros/humble/lib/python3.10/site-packages:/opt/ros/humble/local/lib/python3.10/dist-packages /usr/bin/cmake --build /home/my11/interbotix_ws/build/interbotix_xsarm_joy -- -j20 -l20
[5.126s] DEBUG:colcon.colcon_core.event_handler.log_command:Invoked command in '/home/my11/interbotix_ws/build/interbotix_xsarm_joy' returned '0': AMENT_PREFIX_PATH=/home/my11/interbotix_ws/install/interbotix_xs_modules:/home/my11/interbotix_ws/install/interbotix_common_modules:/home/my11/interbotix_ws/install/interbotix_ros_xsarms_examples:/home/my11/interbotix_ws/install/interbotix_xsarm_moveit_interface:/home/my11/interbotix_ws/install/interbotix_moveit_interface:/home/my11/interbotix_ws/install/moveit_visual_tools:/home/my11/interbotix_ws/install/interbotix_ros_xsarms:/home/my11/interbotix_ws/install/interbotix_xsarm_moveit:/home/my11/interbotix_ws/install/interbotix_xsarm_sim:/home/my11/interbotix_ws/install/interbotix_xsarm_ros_control:/home/my11/interbotix_ws/install/interbotix_xsarm_puppet:/home/my11/interbotix_ws/install/interbotix_xsarm_perception:/home/my11/interbotix_ws/install/interbotix_xsarm_joy:/home/my11/interbotix_ws/install/interbotix_xsarm_gravity_compensation:/home/my11/interbotix_ws/install/interbotix_xsarm_dual:/home/my11/interbotix_ws/install/interbotix_xsarm_control:/home/my11/interbotix_ws/install/interbotix_xsarm_descriptions:/home/my11/interbotix_ws/install/interbotix_xs_toolbox:/home/my11/interbotix_ws/install/interbotix_xs_rviz:/home/my11/interbotix_ws/install/interbotix_ros_xseries:/home/my11/interbotix_ws/install/interbotix_xs_sdk:/home/my11/interbotix_ws/install/interbotix_xs_ros_control:/home/my11/interbotix_ws/install/interbotix_perception_toolbox:/home/my11/interbotix_ws/install/interbotix_perception_modules:/home/my11/interbotix_ws/install/interbotix_common_toolbox:/home/my11/interbotix_ws/install/interbotix_gravity_compensation:/home/my11/interbotix_ws/install/interbotix_xs_msgs:/home/my11/interbotix_ws/install/interbotix_xs_driver:/home/my11/interbotix_ws/install/interbotix_tf_tools:/home/my11/interbotix_ws/install/interbotix_perception_pipelines:/home/my11/interbotix_ws/install/interbotix_perception_msgs:/home/my11/interbotix_ws/install/interbotix_moveit_interface_msgs:/home/my11/interbotix_ws/install/interbotix_common_sim:/home/my11/interbotix_ws/install/dynamixel_workbench_toolbox:/home/my11/apriltag_ws/install/apriltag_ros:/home/my11/ros2_ws/install/rrbot_gazebo:/home/my11/ros2_ws/install/rrbot_description:/home/my11/ros2_ws/install/plate_description:/home/my11/ros2_ws/install/opencv_test_py:/opt/ros/humble CMAKE_PREFIX_PATH=/home/my11/interbotix_ws/install/interbotix_xsarm_control:/home/my11/interbotix_ws/install/interbotix_xsarm_descriptions:/home/my11/interbotix_ws/install/interbotix_xs_sdk:/home/my11/interbotix_ws/install/interbotix_xs_driver:/home/my11/interbotix_ws/install/interbotix_xs_msgs:/home/my11/interbotix_ws/install/dynamixel_workbench_toolbox:/home/my11/interbotix_ws/install/interbotix_ros_xsarms_examples:/home/my11/interbotix_ws/install/interbotix_xsarm_moveit_interface:/home/my11/interbotix_ws/install/interbotix_moveit_interface:/home/my11/interbotix_ws/install/moveit_visual_tools:/home/my11/interbotix_ws/install/interbotix_ros_xsarms:/home/my11/interbotix_ws/install/interbotix_xsarm_moveit:/home/my11/interbotix_ws/install/interbotix_xsarm_sim:/home/my11/interbotix_ws/install/interbotix_xsarm_ros_control:/home/my11/interbotix_ws/install/interbotix_xsarm_puppet:/home/my11/interbotix_ws/install/interbotix_xsarm_perception:/home/my11/interbotix_ws/install/interbotix_xsarm_joy:/home/my11/interbotix_ws/install/interbotix_xsarm_gravity_compensation:/home/my11/interbotix_ws/install/interbotix_xsarm_dual:/home/my11/interbotix_ws/install/interbotix_xs_toolbox:/home/my11/interbotix_ws/install/interbotix_xs_rviz:/home/my11/interbotix_ws/install/interbotix_ros_xseries:/home/my11/interbotix_ws/install/interbotix_xs_ros_control:/home/my11/interbotix_ws/install/interbotix_perception_toolbox:/home/my11/interbotix_ws/install/interbotix_common_toolbox:/home/my11/interbotix_ws/install/interbotix_gravity_compensation:/home/my11/interbotix_ws/install/interbotix_tf_tools:/home/my11/interbotix_ws/install/interbotix_perception_pipelines:/home/my11/interbotix_ws/install/interbotix_perception_msgs:/home/my11/interbotix_ws/install/interbotix_moveit_interface_msgs:/home/my11/interbotix_ws/install/interbotix_common_sim:/home/my11/apriltag_ws/install/apriltag_ros:/home/my11/ros2_ws/install/rrbot_gazebo:/home/my11/ros2_ws/install/rrbot_description:/home/my11/ros2_ws/install/plate_description:/home/my11/interbotix_ws/install/interbotix_xs_modules:/home/my11/interbotix_ws/install/interbotix_perception_modules:/home/my11/interbotix_ws/install/interbotix_common_modules:/home/my11/ros2_ws/install/opencv_test_py:/opt/ros/humble LD_LIBRARY_PATH=/home/my11/interbotix_ws/install/interbotix_xs_driver/lib:/home/my11/interbotix_ws/install/interbotix_xs_msgs/lib:/home/my11/interbotix_ws/install/dynamixel_workbench_toolbox/lib:/home/my11/interbotix_ws/install/moveit_visual_tools/lib:/home/my11/interbotix_ws/install/interbotix_xs_rviz/lib:/home/my11/interbotix_ws/install/interbotix_xs_ros_control/lib:/home/my11/interbotix_ws/install/interbotix_tf_tools/lib:/home/my11/interbotix_ws/install/interbotix_perception_msgs/lib:/home/my11/interbotix_ws/install/interbotix_moveit_interface_msgs/lib:/home/my11/apriltag_ws/install/apriltag_ros/lib:/usr/lib/x86_64-linux-gnu/gazebo-11/plugins:/opt/ros/humble/opt/rviz_ogre_vendor/lib:/opt/ros/humble/lib/x86_64-linux-gnu:/opt/ros/humble/lib:/tmp/.mount_Cursorc2SjwU/usr/lib/:/tmp/.mount_Cursorc2SjwU/usr/lib32/:/tmp/.mount_Cursorc2SjwU/usr/lib64/:/tmp/.mount_Cursorc2SjwU/lib/:/tmp/.mount_Cursorc2SjwU/lib/i386-linux-gnu/:/tmp/.mount_Cursorc2SjwU/lib/x86_64-linux-gnu/:/tmp/.mount_Cursorc2SjwU/lib/aarch64-linux-gnu/:/tmp/.mount_Cursorc2SjwU/lib32/:/tmp/.mount_Cursorc2SjwU/lib64/:/usr/share/gazebo/../../lib/x86_64-linux-gnu/gazebo-11/plugins:/usr/share/gazebo/../../lib/x86_64-linux-gnu/gazebo-11/plugins:/usr/share/gazebo/../../lib/x86_64-linux-gnu/gazebo-11/plugins:/usr/share/gazebo/../../lib/x86_64-linux-gnu/gazebo-11/plugins:/usr/share/gazebo/../../lib/x86_64-linux-gnu/gazebo-11/plugins:/usr/share/gazebo/../../lib/x86_64-linux-gnu/gazebo-11/plugins:/usr/share/gazebo/../../lib/x86_64-linux-gnu/gazebo-11/plugins:/usr/share/gazebo/../../lib/x86_64-linux-gnu/gazebo-11/plugins:/usr/share/gazebo/../../lib/x86_64-linux-gnu/gazebo-11/plugins:/usr/share/gazebo/../../lib/x86_64-linux-gnu/gazebo-11/plugins PYTHONPATH=/home/my11/interbotix_ws/install/interbotix_xs_modules/lib/python3.10/site-packages:/home/my11/interbotix_ws/install/interbotix_common_modules/lib/python3.10/site-packages:/home/my11/interbotix_ws/install/interbotix_perception_modules/lib/python3.10/site-packages:/home/my11/interbotix_ws/install/interbotix_xs_msgs/local/lib/python3.10/dist-packages:/home/my11/interbotix_ws/install/interbotix_perception_msgs/local/lib/python3.10/dist-packages:/home/my11/interbotix_ws/install/interbotix_moveit_interface_msgs/local/lib/python3.10/dist-packages:/home/my11/apriltag_ws/install/apriltag_ros/local/lib/python3.10/dist-packages:/home/my11/ros2_ws/install/opencv_test_py/lib/python3.10/site-packages:/opt/ros/humble/lib/python3.10/site-packages:/opt/ros/humble/local/lib/python3.10/dist-packages /usr/bin/cmake --build /home/my11/interbotix_ws/build/interbotix_xsarm_joy -- -j20 -l20
[5.234s] DEBUG:colcon.colcon_core.event_handler.log_command:Invoking command in '/home/my11/interbotix_ws/build/interbotix_xsarm_joy': AMENT_PREFIX_PATH=/home/my11/interbotix_ws/install/interbotix_xs_modules:/home/my11/interbotix_ws/install/interbotix_common_modules:/home/my11/interbotix_ws/install/interbotix_ros_xsarms_examples:/home/my11/interbotix_ws/install/interbotix_xsarm_moveit_interface:/home/my11/interbotix_ws/install/interbotix_moveit_interface:/home/my11/interbotix_ws/install/moveit_visual_tools:/home/my11/interbotix_ws/install/interbotix_ros_xsarms:/home/my11/interbotix_ws/install/interbotix_xsarm_moveit:/home/my11/interbotix_ws/install/interbotix_xsarm_sim:/home/my11/interbotix_ws/install/interbotix_xsarm_ros_control:/home/my11/interbotix_ws/install/interbotix_xsarm_puppet:/home/my11/interbotix_ws/install/interbotix_xsarm_perception:/home/my11/interbotix_ws/install/interbotix_xsarm_joy:/home/my11/interbotix_ws/install/interbotix_xsarm_gravity_compensation:/home/my11/interbotix_ws/install/interbotix_xsarm_dual:/home/my11/interbotix_ws/install/interbotix_xsarm_control:/home/my11/interbotix_ws/install/interbotix_xsarm_descriptions:/home/my11/interbotix_ws/install/interbotix_xs_toolbox:/home/my11/interbotix_ws/install/interbotix_xs_rviz:/home/my11/interbotix_ws/install/interbotix_ros_xseries:/home/my11/interbotix_ws/install/interbotix_xs_sdk:/home/my11/interbotix_ws/install/interbotix_xs_ros_control:/home/my11/interbotix_ws/install/interbotix_perception_toolbox:/home/my11/interbotix_ws/install/interbotix_perception_modules:/home/my11/interbotix_ws/install/interbotix_common_toolbox:/home/my11/interbotix_ws/install/interbotix_gravity_compensation:/home/my11/interbotix_ws/install/interbotix_xs_msgs:/home/my11/interbotix_ws/install/interbotix_xs_driver:/home/my11/interbotix_ws/install/interbotix_tf_tools:/home/my11/interbotix_ws/install/interbotix_perception_pipelines:/home/my11/interbotix_ws/install/interbotix_perception_msgs:/home/my11/interbotix_ws/install/interbotix_moveit_interface_msgs:/home/my11/interbotix_ws/install/interbotix_common_sim:/home/my11/interbotix_ws/install/dynamixel_workbench_toolbox:/home/my11/apriltag_ws/install/apriltag_ros:/home/my11/ros2_ws/install/rrbot_gazebo:/home/my11/ros2_ws/install/rrbot_description:/home/my11/ros2_ws/install/plate_description:/home/my11/ros2_ws/install/opencv_test_py:/opt/ros/humble CMAKE_PREFIX_PATH=/home/my11/interbotix_ws/install/interbotix_xsarm_control:/home/my11/interbotix_ws/install/interbotix_xsarm_descriptions:/home/my11/interbotix_ws/install/interbotix_xs_sdk:/home/my11/interbotix_ws/install/interbotix_xs_driver:/home/my11/interbotix_ws/install/interbotix_xs_msgs:/home/my11/interbotix_ws/install/dynamixel_workbench_toolbox:/home/my11/interbotix_ws/install/interbotix_ros_xsarms_examples:/home/my11/interbotix_ws/install/interbotix_xsarm_moveit_interface:/home/my11/interbotix_ws/install/interbotix_moveit_interface:/home/my11/interbotix_ws/install/moveit_visual_tools:/home/my11/interbotix_ws/install/interbotix_ros_xsarms:/home/my11/interbotix_ws/install/interbotix_xsarm_moveit:/home/my11/interbotix_ws/install/interbotix_xsarm_sim:/home/my11/interbotix_ws/install/interbotix_xsarm_ros_control:/home/my11/interbotix_ws/install/interbotix_xsarm_puppet:/home/my11/interbotix_ws/install/interbotix_xsarm_perception:/home/my11/interbotix_ws/install/interbotix_xsarm_joy:/home/my11/interbotix_ws/install/interbotix_xsarm_gravity_compensation:/home/my11/interbotix_ws/install/interbotix_xsarm_dual:/home/my11/interbotix_ws/install/interbotix_xs_toolbox:/home/my11/interbotix_ws/install/interbotix_xs_rviz:/home/my11/interbotix_ws/install/interbotix_ros_xseries:/home/my11/interbotix_ws/install/interbotix_xs_ros_control:/home/my11/interbotix_ws/install/interbotix_perception_toolbox:/home/my11/interbotix_ws/install/interbotix_common_toolbox:/home/my11/interbotix_ws/install/interbotix_gravity_compensation:/home/my11/interbotix_ws/install/interbotix_tf_tools:/home/my11/interbotix_ws/install/interbotix_perception_pipelines:/home/my11/interbotix_ws/install/interbotix_perception_msgs:/home/my11/interbotix_ws/install/interbotix_moveit_interface_msgs:/home/my11/interbotix_ws/install/interbotix_common_sim:/home/my11/apriltag_ws/install/apriltag_ros:/home/my11/ros2_ws/install/rrbot_gazebo:/home/my11/ros2_ws/install/rrbot_description:/home/my11/ros2_ws/install/plate_description:/home/my11/interbotix_ws/install/interbotix_xs_modules:/home/my11/interbotix_ws/install/interbotix_perception_modules:/home/my11/interbotix_ws/install/interbotix_common_modules:/home/my11/ros2_ws/install/opencv_test_py:/opt/ros/humble LD_LIBRARY_PATH=/home/my11/interbotix_ws/install/interbotix_xs_driver/lib:/home/my11/interbotix_ws/install/interbotix_xs_msgs/lib:/home/my11/interbotix_ws/install/dynamixel_workbench_toolbox/lib:/home/my11/interbotix_ws/install/moveit_visual_tools/lib:/home/my11/interbotix_ws/install/interbotix_xs_rviz/lib:/home/my11/interbotix_ws/install/interbotix_xs_ros_control/lib:/home/my11/interbotix_ws/install/interbotix_tf_tools/lib:/home/my11/interbotix_ws/install/interbotix_perception_msgs/lib:/home/my11/interbotix_ws/install/interbotix_moveit_interface_msgs/lib:/home/my11/apriltag_ws/install/apriltag_ros/lib:/usr/lib/x86_64-linux-gnu/gazebo-11/plugins:/opt/ros/humble/opt/rviz_ogre_vendor/lib:/opt/ros/humble/lib/x86_64-linux-gnu:/opt/ros/humble/lib:/tmp/.mount_Cursorc2SjwU/usr/lib/:/tmp/.mount_Cursorc2SjwU/usr/lib32/:/tmp/.mount_Cursorc2SjwU/usr/lib64/:/tmp/.mount_Cursorc2SjwU/lib/:/tmp/.mount_Cursorc2SjwU/lib/i386-linux-gnu/:/tmp/.mount_Cursorc2SjwU/lib/x86_64-linux-gnu/:/tmp/.mount_Cursorc2SjwU/lib/aarch64-linux-gnu/:/tmp/.mount_Cursorc2SjwU/lib32/:/tmp/.mount_Cursorc2SjwU/lib64/:/usr/share/gazebo/../../lib/x86_64-linux-gnu/gazebo-11/plugins:/usr/share/gazebo/../../lib/x86_64-linux-gnu/gazebo-11/plugins:/usr/share/gazebo/../../lib/x86_64-linux-gnu/gazebo-11/plugins:/usr/share/gazebo/../../lib/x86_64-linux-gnu/gazebo-11/plugins:/usr/share/gazebo/../../lib/x86_64-linux-gnu/gazebo-11/plugins:/usr/share/gazebo/../../lib/x86_64-linux-gnu/gazebo-11/plugins:/usr/share/gazebo/../../lib/x86_64-linux-gnu/gazebo-11/plugins:/usr/share/gazebo/../../lib/x86_64-linux-gnu/gazebo-11/plugins:/usr/share/gazebo/../../lib/x86_64-linux-gnu/gazebo-11/plugins:/usr/share/gazebo/../../lib/x86_64-linux-gnu/gazebo-11/plugins PYTHONPATH=/home/my11/interbotix_ws/install/interbotix_xs_modules/lib/python3.10/site-packages:/home/my11/interbotix_ws/install/interbotix_common_modules/lib/python3.10/site-packages:/home/my11/interbotix_ws/install/interbotix_perception_modules/lib/python3.10/site-packages:/home/my11/interbotix_ws/install/interbotix_xs_msgs/local/lib/python3.10/dist-packages:/home/my11/interbotix_ws/install/interbotix_perception_msgs/local/lib/python3.10/dist-packages:/home/my11/interbotix_ws/install/interbotix_moveit_interface_msgs/local/lib/python3.10/dist-packages:/home/my11/apriltag_ws/install/apriltag_ros/local/lib/python3.10/dist-packages:/home/my11/ros2_ws/install/opencv_test_py/lib/python3.10/site-packages:/opt/ros/humble/lib/python3.10/site-packages:/opt/ros/humble/local/lib/python3.10/dist-packages /usr/bin/cmake --install /home/my11/interbotix_ws/build/interbotix_xsarm_joy
[5.257s] Level 1:colcon.colcon_core.environment:create_environment_scripts_only(interbotix_xsarm_joy)
[5.258s] DEBUG:colcon.colcon_core.event_handler.log_command:Invoked command in '/home/my11/interbotix_ws/build/interbotix_xsarm_joy' returned '0': AMENT_PREFIX_PATH=/home/my11/interbotix_ws/install/interbotix_xs_modules:/home/my11/interbotix_ws/install/interbotix_common_modules:/home/my11/interbotix_ws/install/interbotix_ros_xsarms_examples:/home/my11/interbotix_ws/install/interbotix_xsarm_moveit_interface:/home/my11/interbotix_ws/install/interbotix_moveit_interface:/home/my11/interbotix_ws/install/moveit_visual_tools:/home/my11/interbotix_ws/install/interbotix_ros_xsarms:/home/my11/interbotix_ws/install/interbotix_xsarm_moveit:/home/my11/interbotix_ws/install/interbotix_xsarm_sim:/home/my11/interbotix_ws/install/interbotix_xsarm_ros_control:/home/my11/interbotix_ws/install/interbotix_xsarm_puppet:/home/my11/interbotix_ws/install/interbotix_xsarm_perception:/home/my11/interbotix_ws/install/interbotix_xsarm_joy:/home/my11/interbotix_ws/install/interbotix_xsarm_gravity_compensation:/home/my11/interbotix_ws/install/interbotix_xsarm_dual:/home/my11/interbotix_ws/install/interbotix_xsarm_control:/home/my11/interbotix_ws/install/interbotix_xsarm_descriptions:/home/my11/interbotix_ws/install/interbotix_xs_toolbox:/home/my11/interbotix_ws/install/interbotix_xs_rviz:/home/my11/interbotix_ws/install/interbotix_ros_xseries:/home/my11/interbotix_ws/install/interbotix_xs_sdk:/home/my11/interbotix_ws/install/interbotix_xs_ros_control:/home/my11/interbotix_ws/install/interbotix_perception_toolbox:/home/my11/interbotix_ws/install/interbotix_perception_modules:/home/my11/interbotix_ws/install/interbotix_common_toolbox:/home/my11/interbotix_ws/install/interbotix_gravity_compensation:/home/my11/interbotix_ws/install/interbotix_xs_msgs:/home/my11/interbotix_ws/install/interbotix_xs_driver:/home/my11/interbotix_ws/install/interbotix_tf_tools:/home/my11/interbotix_ws/install/interbotix_perception_pipelines:/home/my11/interbotix_ws/install/interbotix_perception_msgs:/home/my11/interbotix_ws/install/interbotix_moveit_interface_msgs:/home/my11/interbotix_ws/install/interbotix_common_sim:/home/my11/interbotix_ws/install/dynamixel_workbench_toolbox:/home/my11/apriltag_ws/install/apriltag_ros:/home/my11/ros2_ws/install/rrbot_gazebo:/home/my11/ros2_ws/install/rrbot_description:/home/my11/ros2_ws/install/plate_description:/home/my11/ros2_ws/install/opencv_test_py:/opt/ros/humble CMAKE_PREFIX_PATH=/home/my11/interbotix_ws/install/interbotix_xsarm_control:/home/my11/interbotix_ws/install/interbotix_xsarm_descriptions:/home/my11/interbotix_ws/install/interbotix_xs_sdk:/home/my11/interbotix_ws/install/interbotix_xs_driver:/home/my11/interbotix_ws/install/interbotix_xs_msgs:/home/my11/interbotix_ws/install/dynamixel_workbench_toolbox:/home/my11/interbotix_ws/install/interbotix_ros_xsarms_examples:/home/my11/interbotix_ws/install/interbotix_xsarm_moveit_interface:/home/my11/interbotix_ws/install/interbotix_moveit_interface:/home/my11/interbotix_ws/install/moveit_visual_tools:/home/my11/interbotix_ws/install/interbotix_ros_xsarms:/home/my11/interbotix_ws/install/interbotix_xsarm_moveit:/home/my11/interbotix_ws/install/interbotix_xsarm_sim:/home/my11/interbotix_ws/install/interbotix_xsarm_ros_control:/home/my11/interbotix_ws/install/interbotix_xsarm_puppet:/home/my11/interbotix_ws/install/interbotix_xsarm_perception:/home/my11/interbotix_ws/install/interbotix_xsarm_joy:/home/my11/interbotix_ws/install/interbotix_xsarm_gravity_compensation:/home/my11/interbotix_ws/install/interbotix_xsarm_dual:/home/my11/interbotix_ws/install/interbotix_xs_toolbox:/home/my11/interbotix_ws/install/interbotix_xs_rviz:/home/my11/interbotix_ws/install/interbotix_ros_xseries:/home/my11/interbotix_ws/install/interbotix_xs_ros_control:/home/my11/interbotix_ws/install/interbotix_perception_toolbox:/home/my11/interbotix_ws/install/interbotix_common_toolbox:/home/my11/interbotix_ws/install/interbotix_gravity_compensation:/home/my11/interbotix_ws/install/interbotix_tf_tools:/home/my11/interbotix_ws/install/interbotix_perception_pipelines:/home/my11/interbotix_ws/install/interbotix_perception_msgs:/home/my11/interbotix_ws/install/interbotix_moveit_interface_msgs:/home/my11/interbotix_ws/install/interbotix_common_sim:/home/my11/apriltag_ws/install/apriltag_ros:/home/my11/ros2_ws/install/rrbot_gazebo:/home/my11/ros2_ws/install/rrbot_description:/home/my11/ros2_ws/install/plate_description:/home/my11/interbotix_ws/install/interbotix_xs_modules:/home/my11/interbotix_ws/install/interbotix_perception_modules:/home/my11/interbotix_ws/install/interbotix_common_modules:/home/my11/ros2_ws/install/opencv_test_py:/opt/ros/humble LD_LIBRARY_PATH=/home/my11/interbotix_ws/install/interbotix_xs_driver/lib:/home/my11/interbotix_ws/install/interbotix_xs_msgs/lib:/home/my11/interbotix_ws/install/dynamixel_workbench_toolbox/lib:/home/my11/interbotix_ws/install/moveit_visual_tools/lib:/home/my11/interbotix_ws/install/interbotix_xs_rviz/lib:/home/my11/interbotix_ws/install/interbotix_xs_ros_control/lib:/home/my11/interbotix_ws/install/interbotix_tf_tools/lib:/home/my11/interbotix_ws/install/interbotix_perception_msgs/lib:/home/my11/interbotix_ws/install/interbotix_moveit_interface_msgs/lib:/home/my11/apriltag_ws/install/apriltag_ros/lib:/usr/lib/x86_64-linux-gnu/gazebo-11/plugins:/opt/ros/humble/opt/rviz_ogre_vendor/lib:/opt/ros/humble/lib/x86_64-linux-gnu:/opt/ros/humble/lib:/tmp/.mount_Cursorc2SjwU/usr/lib/:/tmp/.mount_Cursorc2SjwU/usr/lib32/:/tmp/.mount_Cursorc2SjwU/usr/lib64/:/tmp/.mount_Cursorc2SjwU/lib/:/tmp/.mount_Cursorc2SjwU/lib/i386-linux-gnu/:/tmp/.mount_Cursorc2SjwU/lib/x86_64-linux-gnu/:/tmp/.mount_Cursorc2SjwU/lib/aarch64-linux-gnu/:/tmp/.mount_Cursorc2SjwU/lib32/:/tmp/.mount_Cursorc2SjwU/lib64/:/usr/share/gazebo/../../lib/x86_64-linux-gnu/gazebo-11/plugins:/usr/share/gazebo/../../lib/x86_64-linux-gnu/gazebo-11/plugins:/usr/share/gazebo/../../lib/x86_64-linux-gnu/gazebo-11/plugins:/usr/share/gazebo/../../lib/x86_64-linux-gnu/gazebo-11/plugins:/usr/share/gazebo/../../lib/x86_64-linux-gnu/gazebo-11/plugins:/usr/share/gazebo/../../lib/x86_64-linux-gnu/gazebo-11/plugins:/usr/share/gazebo/../../lib/x86_64-linux-gnu/gazebo-11/plugins:/usr/share/gazebo/../../lib/x86_64-linux-gnu/gazebo-11/plugins:/usr/share/gazebo/../../lib/x86_64-linux-gnu/gazebo-11/plugins:/usr/share/gazebo/../../lib/x86_64-linux-gnu/gazebo-11/plugins PYTHONPATH=/home/my11/interbotix_ws/install/interbotix_xs_modules/lib/python3.10/site-packages:/home/my11/interbotix_ws/install/interbotix_common_modules/lib/python3.10/site-packages:/home/my11/interbotix_ws/install/interbotix_perception_modules/lib/python3.10/site-packages:/home/my11/interbotix_ws/install/interbotix_xs_msgs/local/lib/python3.10/dist-packages:/home/my11/interbotix_ws/install/interbotix_perception_msgs/local/lib/python3.10/dist-packages:/home/my11/interbotix_ws/install/interbotix_moveit_interface_msgs/local/lib/python3.10/dist-packages:/home/my11/apriltag_ws/install/apriltag_ros/local/lib/python3.10/dist-packages:/home/my11/ros2_ws/install/opencv_test_py/lib/python3.10/site-packages:/opt/ros/humble/lib/python3.10/site-packages:/opt/ros/humble/local/lib/python3.10/dist-packages /usr/bin/cmake --install /home/my11/interbotix_ws/build/interbotix_xsarm_joy
[5.262s] Level 1:colcon.colcon_core.environment:checking '/home/my11/interbotix_ws/install/interbotix_xsarm_joy' for CMake module files
[5.262s] Level 1:colcon.colcon_core.environment:checking '/home/my11/interbotix_ws/install/interbotix_xsarm_joy' for CMake config files
[5.262s] Level 1:colcon.colcon_core.shell:create_environment_hook('interbotix_xsarm_joy', 'cmake_prefix_path')
[5.263s] INFO:colcon.colcon_core.shell:Creating environment hook '/home/my11/interbotix_ws/install/interbotix_xsarm_joy/share/interbotix_xsarm_joy/hook/cmake_prefix_path.ps1'
[5.263s] INFO:colcon.colcon_core.shell:Creating environment descriptor '/home/my11/interbotix_ws/install/interbotix_xsarm_joy/share/interbotix_xsarm_joy/hook/cmake_prefix_path.dsv'
[5.264s] INFO:colcon.colcon_core.shell:Creating environment hook '/home/my11/interbotix_ws/install/interbotix_xsarm_joy/share/interbotix_xsarm_joy/hook/cmake_prefix_path.sh'
[5.265s] Level 1:colcon.colcon_core.environment:checking '/home/my11/interbotix_ws/install/interbotix_xsarm_joy/lib'
[5.265s] Level 1:colcon.colcon_core.environment:checking '/home/my11/interbotix_ws/install/interbotix_xsarm_joy/bin'
[5.265s] Level 1:colcon.colcon_core.environment:checking '/home/my11/interbotix_ws/install/interbotix_xsarm_joy/lib/pkgconfig/interbotix_xsarm_joy.pc'
[5.265s] Level 1:colcon.colcon_core.environment:checking '/home/my11/interbotix_ws/install/interbotix_xsarm_joy/lib/python3.10/site-packages'
[5.266s] Level 1:colcon.colcon_core.environment:checking '/home/my11/interbotix_ws/install/interbotix_xsarm_joy/bin'
[5.266s] INFO:colcon.colcon_core.shell:Creating package script '/home/my11/interbotix_ws/install/interbotix_xsarm_joy/share/interbotix_xsarm_joy/package.ps1'
[5.267s] INFO:colcon.colcon_core.shell:Creating package descriptor '/home/my11/interbotix_ws/install/interbotix_xsarm_joy/share/interbotix_xsarm_joy/package.dsv'
[5.267s] INFO:colcon.colcon_core.shell:Creating package script '/home/my11/interbotix_ws/install/interbotix_xsarm_joy/share/interbotix_xsarm_joy/package.sh'
[5.268s] INFO:colcon.colcon_core.shell:Creating package script '/home/my11/interbotix_ws/install/interbotix_xsarm_joy/share/interbotix_xsarm_joy/package.bash'
[5.269s] INFO:colcon.colcon_core.shell:Creating package script '/home/my11/interbotix_ws/install/interbotix_xsarm_joy/share/interbotix_xsarm_joy/package.zsh'
[5.270s] Level 1:colcon.colcon_core.environment:create_file_with_runtime_dependencies(/home/my11/interbotix_ws/install/interbotix_xsarm_joy/share/colcon-core/packages/interbotix_xsarm_joy)
[5.366s] Level 1:colcon.colcon_core.environment:create_environment_scripts_only(interbotix_xsarm_joy)
[5.367s] Level 1:colcon.colcon_core.environment:checking '/home/my11/interbotix_ws/install/interbotix_xsarm_joy' for CMake module files
[5.367s] Level 1:colcon.colcon_core.environment:checking '/home/my11/interbotix_ws/install/interbotix_xsarm_joy' for CMake config files
[5.367s] Level 1:colcon.colcon_core.shell:create_environment_hook('interbotix_xsarm_joy', 'cmake_prefix_path')
[5.368s] INFO:colcon.colcon_core.shell:Creating environment hook '/home/my11/interbotix_ws/install/interbotix_xsarm_joy/share/interbotix_xsarm_joy/hook/cmake_prefix_path.ps1'
[5.368s] INFO:colcon.colcon_core.shell:Creating environment descriptor '/home/my11/interbotix_ws/install/interbotix_xsarm_joy/share/interbotix_xsarm_joy/hook/cmake_prefix_path.dsv'
[5.369s] INFO:colcon.colcon_core.shell:Creating environment hook '/home/my11/interbotix_ws/install/interbotix_xsarm_joy/share/interbotix_xsarm_joy/hook/cmake_prefix_path.sh'
[5.370s] Level 1:colcon.colcon_core.environment:checking '/home/my11/interbotix_ws/install/interbotix_xsarm_joy/lib'
[5.370s] Level 1:colcon.colcon_core.environment:checking '/home/my11/interbotix_ws/install/interbotix_xsarm_joy/bin'
[5.370s] Level 1:colcon.colcon_core.environment:checking '/home/my11/interbotix_ws/install/interbotix_xsarm_joy/lib/pkgconfig/interbotix_xsarm_joy.pc'
[5.370s] Level 1:colcon.colcon_core.environment:checking '/home/my11/interbotix_ws/install/interbotix_xsarm_joy/lib/python3.10/site-packages'
[5.370s] Level 1:colcon.colcon_core.environment:checking '/home/my11/interbotix_ws/install/interbotix_xsarm_joy/bin'
[5.371s] INFO:colcon.colcon_core.shell:Creating package script '/home/my11/interbotix_ws/install/interbotix_xsarm_joy/share/interbotix_xsarm_joy/package.ps1'
[5.371s] INFO:colcon.colcon_core.shell:Creating package descriptor '/home/my11/interbotix_ws/install/interbotix_xsarm_joy/share/interbotix_xsarm_joy/package.dsv'
[5.372s] INFO:colcon.colcon_core.shell:Creating package script '/home/my11/interbotix_ws/install/interbotix_xsarm_joy/share/interbotix_xsarm_joy/package.sh'
[5.372s] INFO:colcon.colcon_core.shell:Creating package script '/home/my11/interbotix_ws/install/interbotix_xsarm_joy/share/interbotix_xsarm_joy/package.bash'
[5.373s] INFO:colcon.colcon_core.shell:Creating package script '/home/my11/interbotix_ws/install/interbotix_xsarm_joy/share/interbotix_xsarm_joy/package.zsh'
[5.373s] Level 1:colcon.colcon_core.environment:create_file_with_runtime_dependencies(/home/my11/interbotix_ws/install/interbotix_xsarm_joy/share/colcon-core/packages/interbotix_xsarm_joy)
[5.373s] DEBUG:colcon.colcon_parallel_executor.executor.parallel:closing loop
[5.374s] DEBUG:colcon.colcon_parallel_executor.executor.parallel:loop closed
[5.374s] DEBUG:colcon.colcon_parallel_executor.executor.parallel:run_until_complete finished with '0'
[5.374s] DEBUG:colcon.colcon_core.event_reactor:joining thread
[5.382s] INFO:colcon.colcon_core.plugin_system:Skipping extension 'colcon_notification.desktop_notification.terminal_notifier': Not used on non-Darwin systems
[5.382s] INFO:colcon.colcon_core.plugin_system:Skipping extension 'colcon_notification.desktop_notification.win32': Not used on non-Windows systems
[5.382s] INFO:colcon.colcon_notification.desktop_notification:Sending desktop notification using 'notify2'
[5.408s] DEBUG:colcon.colcon_core.event_reactor:joined thread
[5.408s] INFO:colcon.colcon_core.shell:Creating prefix script '/home/my11/interbotix_ws/install/local_setup.ps1'
[5.409s] INFO:colcon.colcon_core.shell:Creating prefix util module '/home/my11/interbotix_ws/install/_local_setup_util_ps1.py'
[5.410s] INFO:colcon.colcon_core.shell:Creating prefix chain script '/home/my11/interbotix_ws/install/setup.ps1'
[5.411s] INFO:colcon.colcon_core.shell:Creating prefix script '/home/my11/interbotix_ws/install/local_setup.sh'
[5.412s] INFO:colcon.colcon_core.shell:Creating prefix util module '/home/my11/interbotix_ws/install/_local_setup_util_sh.py'
[5.412s] INFO:colcon.colcon_core.shell:Creating prefix chain script '/home/my11/interbotix_ws/install/setup.sh'
[5.413s] INFO:colcon.colcon_core.shell:Creating prefix script '/home/my11/interbotix_ws/install/local_setup.bash'
[5.414s] INFO:colcon.colcon_core.shell:Creating prefix chain script '/home/my11/interbotix_ws/install/setup.bash'
[5.415s] INFO:colcon.colcon_core.shell:Creating prefix script '/home/my11/interbotix_ws/install/local_setup.zsh'
[5.415s] INFO:colcon.colcon_core.shell:Creating prefix chain script '/home/my11/interbotix_ws/install/setup.zsh'
